-- phpMyAdmin SQL Dump
-- version 5.2.1
-- https://www.phpmyadmin.net/
--
-- Host: 127.0.0.1
-- Generation Time: Sep 16, 2025 at 09:20 AM
-- Server version: 10.4.28-MariaDB
-- PHP Version: 8.2.4

SET SQL_MODE = "NO_AUTO_VALUE_ON_ZERO";
START TRANSACTION;
SET time_zone = "+00:00";


/*!40101 SET @OLD_CHARACTER_SET_CLIENT=@@CHARACTER_SET_CLIENT */;
/*!40101 SET @OLD_CHARACTER_SET_RESULTS=@@CHARACTER_SET_RESULTS */;
/*!40101 SET @OLD_COLLATION_CONNECTION=@@COLLATION_CONNECTION */;
/*!40101 SET NAMES utf8mb4 */;

--
-- Database: `h360_op`
--

-- --------------------------------------------------------

--
-- Table structure for table `appointment_existing`
--

CREATE TABLE `appointment_existing` (
  `atmt_id` int(11) NOT NULL,
  `appoint_id` int(11) NOT NULL,
  `bill_id` varchar(30) NOT NULL,
  `bill_date` date DEFAULT NULL,
  `appoint_register_id` varchar(100) NOT NULL,
  `appoint_unicode` varchar(100) NOT NULL,
  `patient_name` varchar(255) NOT NULL,
  `gender` enum('Male','Female','Others') NOT NULL,
  `systolic` varchar(30) NOT NULL,
  `diastolic` varchar(30) NOT NULL,
  `temperature` varchar(100) NOT NULL,
  `glucose_level` varchar(100) NOT NULL,
  `age` int(11) NOT NULL,
  `mobile_number` varchar(15) NOT NULL,
  `patient_email` varchar(50) NOT NULL,
  `appoint_date` date NOT NULL,
  `doctor_name` int(15) NOT NULL,
  `start_time` varchar(30) NOT NULL,
  `end_time` varchar(30) NOT NULL,
  `doctor_fee` int(11) NOT NULL,
  `appoint_status` enum('1','0') NOT NULL DEFAULT '1',
  `visitor_status` enum('1','2','0') NOT NULL DEFAULT '1',
  `org_id` int(11) NOT NULL,
  `created_by` int(11) NOT NULL,
  `modified_by` int(11) NOT NULL,
  `create_date_time` timestamp NOT NULL DEFAULT current_timestamp() ON UPDATE current_timestamp(),
  `amount_method` varchar(15) NOT NULL,
  `amount` varchar(15) NOT NULL
) ENGINE=InnoDB DEFAULT CHARSET=utf8mb4 COLLATE=utf8mb4_general_ci;

-- --------------------------------------------------------

--
-- Table structure for table `appointment_online`
--

CREATE TABLE `appointment_online` (
  `appoint_id` int(11) NOT NULL,
  `bill_id` varchar(30) NOT NULL,
  `bill_date` date DEFAULT NULL,
  `appoint_register_id` varchar(100) NOT NULL,
  `appoint_unicode` varchar(255) NOT NULL,
  `patient_name` varchar(255) NOT NULL,
  `gender` enum('Male','Female','Others') NOT NULL,
  `systolic` varchar(30) NOT NULL,
  `diastolic` varchar(30) NOT NULL,
  `temperature` varchar(100) NOT NULL,
  `glucose_level` varchar(100) NOT NULL,
  `age` int(11) NOT NULL,
  `mobile_number` varchar(15) NOT NULL,
  `patient_email` varchar(50) NOT NULL,
  `appoint_date` date NOT NULL,
  `doctor_name` int(30) NOT NULL,
  `start_time` varchar(30) NOT NULL,
  `end_time` varchar(30) NOT NULL,
  `check_in` datetime DEFAULT NULL,
  `check_out` datetime DEFAULT NULL,
  `invoice_payment` enum('1','0') DEFAULT '0',
  `doctor_fee` int(11) NOT NULL,
  `appoint_status` enum('1','0') NOT NULL DEFAULT '1',
  `visitor_status` enum('0','1','2','3') NOT NULL DEFAULT '1',
  `org_id` int(11) NOT NULL,
  `created_by` int(11) NOT NULL,
  `modified_by` int(11) NOT NULL,
  `create_date_time` timestamp NOT NULL DEFAULT current_timestamp() ON UPDATE current_timestamp(),
  `amount_method` varchar(15) NOT NULL,
  `amount` varchar(15) NOT NULL,
  `bpSit_systolic` varchar(30) DEFAULT '',
  `bpSit_diastolic` varchar(30) DEFAULT '',
  `bpStand_systolic` varchar(30) DEFAULT '',
  `bpStand_diastolic` varchar(30) DEFAULT '',
  `weight` varchar(30) DEFAULT '',
  `height` varchar(30) DEFAULT '',
  `bmi` varchar(30) DEFAULT '',
  `heart_rate` varchar(30) DEFAULT '',
  `grbs` varchar(100) DEFAULT '',
  `spO2` varchar(30) DEFAULT '',
  `patient_overview` text DEFAULT NULL,
  `transaction_number` varchar(50) NOT NULL,
  `concession_name` varchar(100) NOT NULL,
  `concession_type` enum('amount','percentage') NOT NULL,
  `concession_value` varchar(125) NOT NULL,
  `final_amount` int(11) NOT NULL,
  `respiration_rate` varchar(30) DEFAULT '',
  `valid_from` date DEFAULT NULL,
  `valid_to` date DEFAULT NULL,
  `appointment_status` enum('0','1') NOT NULL DEFAULT '1',
  `patient_history` longtext NOT NULL
) ENGINE=InnoDB DEFAULT CHARSET=utf8mb4 COLLATE=utf8mb4_general_ci;

--
-- Dumping data for table `appointment_online`
--

INSERT INTO `appointment_online` (`appoint_id`, `bill_id`, `bill_date`, `appoint_register_id`, `appoint_unicode`, `patient_name`, `gender`, `systolic`, `diastolic`, `temperature`, `glucose_level`, `age`, `mobile_number`, `patient_email`, `appoint_date`, `doctor_name`, `start_time`, `end_time`, `check_in`, `check_out`, `invoice_payment`, `doctor_fee`, `appoint_status`, `visitor_status`, `org_id`, `created_by`, `modified_by`, `create_date_time`, `amount_method`, `amount`, `bpSit_systolic`, `bpSit_diastolic`, `bpStand_systolic`, `bpStand_diastolic`, `weight`, `height`, `bmi`, `heart_rate`, `grbs`, `spO2`, `patient_overview`, `transaction_number`, `concession_name`, `concession_type`, `concession_value`, `final_amount`, `respiration_rate`, `valid_from`, `valid_to`, `appointment_status`, `patient_history`) VALUES
(1, 'BID000001', '2025-09-05', 'A202502010001', 'PAT0001', 'Y.BHIMA RAJU', 'Male', '', '', '', '', 74, '949224802', '', '2025-03-01', 1, '', '', NULL, NULL, '0', 0, '1', '2', 1, 0, 0, '2025-09-05 12:11:02', '', '', '', '', '', '', '', '', '', '', '', '', NULL, '', '', 'amount', '0.00', 0, '', NULL, NULL, '1', ''),
(2, 'BID000002', NULL, 'A202502010002', 'PAT0002', 'J.V.L. NARASIMHA RAJU', 'Male', '', '', '', '', 54, '0000000000', '', '2025-03-01', 1, '', '', NULL, NULL, '0', 0, '1', '1', 1, 0, 0, '2025-03-18 05:31:48', '', '', '', '', '', '', '', '', '', '', '', '', NULL, '', '', 'amount', '0.00', 0, '', NULL, NULL, '1', ''),
(3, 'BID000003', NULL, 'A202502010003', 'PAT0003', 'KHANDIA BENIA', 'Female', '', '', '', '', 43, '9438781762', '', '2025-03-01', 1, '', '', NULL, NULL, '0', 0, '1', '1', 1, 0, 0, '2025-03-18 05:31:48', '', '', '', '', '', '', '', '', '', '', '', '', NULL, '', '', 'amount', '0.00', 0, '', NULL, NULL, '1', ''),
(4, 'BID000004', NULL, 'A202502010004', 'PAT0004', 'K.BHASKAR RAO', 'Male', '', '', '', '', 66, '9550575634', '', '2025-03-01', 1, '', '', NULL, NULL, '0', 0, '1', '1', 1, 0, 0, '2025-03-18 05:31:48', '', '', '', '', '', '', '', '', '', '', '', '', NULL, '', '', 'amount', '0.00', 0, '', NULL, NULL, '1', ''),
(5, 'BID000005', NULL, 'A202502010005', 'PAT0005', 'CH JAYA LAXMI', 'Female', '', '', '', '', 78, '7981501223', '', '2025-03-01', 1, '', '', NULL, NULL, '0', 0, '1', '1', 1, 0, 0, '2025-03-18 05:31:48', '', '', '', '', '', '', '', '', '', '', '', '', NULL, '', '', 'amount', '0.00', 0, '', NULL, NULL, '1', ''),
(6, 'BID000006', NULL, 'A202502010006', 'PAT0006', 'V YERRAMMA', 'Female', '', '', '', '', 51, '9966188420', '', '2025-03-01', 1, '', '', NULL, NULL, '0', 0, '1', '1', 1, 0, 0, '2025-03-18 05:31:48', '', '', '', '', '', '', '', '', '', '', '', '', NULL, '', '', 'amount', '0.00', 0, '', NULL, NULL, '1', ''),
(7, 'BID000007', NULL, 'A202502010007', 'PAT0007', 'V VARA LAXMI', 'Female', '', '', '', '', 47, '994834059', '', '2025-03-01', 1, '', '', NULL, NULL, '0', 0, '1', '1', 1, 0, 0, '2025-03-18 05:31:48', '', '', '', '', '', '', '', '', '', '', '', '', NULL, '', '', 'amount', '0.00', 0, '', NULL, NULL, '1', ''),
(8, 'BID000008', NULL, 'A202502010008', 'PAT0008', 'G V NARAYANA RAJU', 'Male', '', '', '', '', 55, '8500112976', '', '2025-03-01', 1, '', '', NULL, NULL, '0', 0, '1', '1', 1, 0, 0, '2025-03-18 05:31:49', '', '', '', '', '', '', '', '', '', '', '', '', NULL, '', '', 'amount', '0.00', 0, '', NULL, NULL, '1', ''),
(9, 'BID000009', NULL, 'A202502010009', 'PAT0009', 'K DURGA DAS', 'Male', '', '', '', '', 78, '9966551514', '', '2025-03-01', 1, '', '', NULL, NULL, '0', 0, '1', '1', 1, 0, 0, '2025-03-18 05:31:49', '', '', '', '', '', '', '', '', '', '', '', '', NULL, '', '', 'amount', '0.00', 0, '', NULL, NULL, '1', ''),
(10, 'BID000010', NULL, 'A202502010010', 'PAT0010', 'G KALAYANI', 'Female', '', '', '', '', 49, '7995908643', '', '2025-03-01', 1, '', '', NULL, NULL, '0', 0, '1', '1', 1, 0, 0, '2025-03-18 05:31:49', '', '', '', '', '', '', '', '', '', '', '', '', NULL, '', '', 'amount', '0.00', 0, '', NULL, NULL, '1', ''),
(11, 'BID000011', NULL, 'A202502010011', 'PAT0011', 'G LAXMI', 'Female', '', '', '', '', 63, '8699494819', '', '2025-03-01', 1, '', '', NULL, NULL, '0', 0, '1', '1', 1, 0, 0, '2025-03-18 05:31:49', '', '', '', '', '', '', '', '', '', '', '', '', NULL, '', '', 'amount', '0.00', 0, '', NULL, NULL, '1', ''),
(12, 'BID000012', NULL, 'A202502010012', 'PAT0012', 'G NARAYANA', 'Male', '', '', '', '', 47, '7077538378', '', '2025-03-01', 1, '', '', NULL, NULL, '0', 0, '1', '1', 1, 0, 0, '2025-03-18 05:31:49', '', '', '', '', '', '', '', '', '', '', '', '', NULL, '', '', 'amount', '0.00', 0, '', NULL, NULL, '1', ''),
(13, 'BID000013', NULL, 'A202502010013', 'PAT0013', 'CH PADMA', 'Female', '', '', '', '', 44, '8885991222', '', '2025-03-01', 1, '', '', NULL, NULL, '0', 0, '1', '1', 1, 0, 0, '2025-03-18 05:31:49', '', '', '', '', '', '', '', '', '', '', '', '', NULL, '', '', 'amount', '0.00', 0, '', NULL, NULL, '1', ''),
(14, 'BID000014', NULL, 'A202502010014', 'PAT0014', 'B RAVI', 'Male', '', '', '', '', 37, '9703456878', '', '2025-03-01', 1, '', '', NULL, NULL, '0', 0, '1', '1', 1, 0, 0, '2025-03-18 05:31:49', '', '', '', '', '', '', '', '', '', '', '', '', NULL, '', '', 'amount', '0.00', 0, '', NULL, NULL, '1', ''),
(15, 'BID000015', NULL, 'A202502010015', 'PAT0015', 'ASWHIN KUMAR PATRO', 'Male', '', '', '', '', 31, '9437455423', '', '2025-03-01', 1, '', '', NULL, NULL, '0', 0, '1', '1', 1, 0, 0, '2025-03-18 05:31:49', '', '', '', '', '', '', '', '', '', '', '', '', NULL, '', '', 'amount', '0.00', 0, '', NULL, NULL, '1', ''),
(16, 'BID000016', NULL, 'A202502010016', 'PAT0016', 'K VIJAYA', 'Female', '', '', '', '', 58, '9440733837', '', '2025-03-01', 1, '', '', NULL, NULL, '0', 0, '1', '1', 1, 0, 0, '2025-03-18 05:31:49', '', '', '', '', '', '', '', '', '', '', '', '', NULL, '', '', 'amount', '0.00', 0, '', NULL, NULL, '1', ''),
(17, 'BID000017', NULL, 'A202502010017', 'PAT0017', 'J RAMA VHANDRA RAJU', 'Male', '', '', '', '', 68, '9700955059', '', '2025-03-01', 1, '', '', NULL, NULL, '0', 0, '1', '1', 1, 0, 0, '2025-03-18 05:31:49', '', '', '', '', '', '', '', '', '', '', '', '', NULL, '', '', 'amount', '0.00', 0, '', NULL, NULL, '1', ''),
(18, 'BID000018', NULL, 'A202502010018', 'PAT0018', 'DHARPANA RAO', 'Female', '', '', '', '', 25, '8341088335', '', '2025-03-01', 1, '', '', NULL, NULL, '0', 0, '1', '1', 1, 0, 0, '2025-03-18 05:31:49', '', '', '', '', '', '', '', '', '', '', '', '', NULL, '', '', 'amount', '0.00', 0, '', NULL, NULL, '1', ''),
(19, 'BID000019', NULL, 'A202502010019', 'PAT0019', 'K JANAKI', 'Female', '', '', '', '', 0, '1111111111', '', '2025-03-01', 1, '', '', NULL, NULL, '0', 0, '1', '1', 1, 0, 0, '2025-03-18 05:31:49', '', '', '', '', '', '', '', '', '', '', '', '', NULL, '', '', 'amount', '0.00', 0, '', NULL, NULL, '1', ''),
(20, 'BID000020', NULL, 'A202502010020', 'PAT0020', 'S VENKATA RAO', 'Male', '', '', '', '', 59, '9866298153', '', '2025-03-01', 1, '', '', NULL, NULL, '0', 0, '1', '1', 1, 0, 0, '2025-03-18 05:31:49', '', '', '', '', '', '', '', '', '', '', '', '', NULL, '', '', 'amount', '0.00', 0, '', NULL, NULL, '1', ''),
(21, 'BID000021', NULL, 'A202502010021', 'PAT0021', 'SVKB NARAYANAMMA', 'Female', '', '', '', '', 53, '9866298153', '', '2025-03-01', 1, '', '', NULL, NULL, '0', 0, '1', '1', 1, 0, 0, '2025-03-18 05:31:49', '', '', '', '', '', '', '', '', '', '', '', '', NULL, '', '', 'amount', '0.00', 0, '', NULL, NULL, '1', ''),
(22, 'BID000022', NULL, 'A202502010022', 'PAT0022', 'S D SAIKUMAR', 'Male', '', '', '', '', 23, '9866298153', '', '2025-03-01', 1, '', '', NULL, NULL, '0', 0, '1', '1', 1, 0, 0, '2025-03-18 05:31:49', '', '', '', '', '', '', '', '', '', '', '', '', NULL, '', '', 'amount', '0.00', 0, '', NULL, NULL, '1', ''),
(23, 'BID000023', NULL, 'A202502010023', 'PAT0023', 'GOVINDA RAO', 'Male', '', '', '', '', 59, '8985955366', '', '2025-03-01', 1, '', '', NULL, NULL, '0', 0, '1', '1', 1, 0, 0, '2025-03-18 05:31:49', '', '', '', '', '', '', '', '', '', '', '', '', NULL, '', '', 'amount', '0.00', 0, '', NULL, NULL, '1', ''),
(24, 'BID000024', NULL, 'A202502010024', 'PAT0024', 'CH CHANDRAKALA', 'Female', '', '', '', '', 42, '9542427999', '', '2025-03-01', 1, '', '', NULL, NULL, '0', 0, '1', '1', 1, 0, 0, '2025-03-18 05:31:49', '', '', '', '', '', '', '', '', '', '', '', '', NULL, '', '', 'amount', '0.00', 0, '', NULL, NULL, '1', ''),
(25, 'BID000025', NULL, 'A202502010025', 'PAT0025', 'DRAANI', 'Female', '', '', '', '', 22, '9391514536', '', '2025-03-01', 1, '', '', NULL, NULL, '0', 0, '1', '1', 1, 0, 0, '2025-03-18 05:31:49', '', '', '', '', '', '', '', '', '', '', '', '', NULL, '', '', 'amount', '0.00', 0, '', NULL, NULL, '1', ''),
(26, 'BID000026', NULL, 'A202502010026', 'PAT0026', 'P JAYA', 'Female', '', '', '', '', 32, '9989291386', '', '2025-03-01', 1, '', '', NULL, NULL, '0', 0, '1', '1', 1, 0, 0, '2025-03-18 05:31:49', '', '', '', '', '', '', '', '', '', '', '', '', NULL, '', '', 'amount', '0.00', 0, '', NULL, NULL, '1', ''),
(27, 'BID000027', NULL, 'A202502010027', 'PAT0027', 'MRK RAJU', 'Male', '', '', '', '', 76, '9247273489', '', '2025-03-01', 1, '', '', NULL, NULL, '0', 0, '1', '1', 1, 0, 0, '2025-03-18 05:31:49', '', '', '', '', '', '', '', '', '', '', '', '', NULL, '', '', 'amount', '0.00', 0, '', NULL, NULL, '1', ''),
(28, 'BID000028', NULL, 'A202502010028', 'PAT0028', 'D DHANUNJAYALU', 'Male', '', '', '', '', 70, '9963264797', '', '2025-03-01', 1, '', '', NULL, NULL, '0', 0, '1', '1', 1, 0, 0, '2025-03-18 05:31:49', '', '', '', '', '', '', '', '', '', '', '', '', NULL, '', '', 'amount', '0.00', 0, '', NULL, NULL, '1', ''),
(29, 'BID000029', NULL, 'A202502010029', 'PAT0029', 'I G SRINIVASA RAO', 'Male', '', '', '', '', 33, '9849329724', '', '2025-03-01', 1, '', '', NULL, NULL, '0', 0, '1', '1', 1, 0, 0, '2025-03-18 05:31:49', '', '', '', '', '', '', '', '', '', '', '', '', NULL, '', '', 'amount', '0.00', 0, '', NULL, NULL, '1', ''),
(30, 'BID000030', NULL, 'A202502010030', 'PAT0030', 'RAMA KRISHNA', 'Male', '', '', '', '', 65, '9246630644', '', '2025-03-01', 1, '', '', NULL, NULL, '0', 0, '1', '1', 1, 0, 0, '2025-03-18 05:31:49', '', '', '', '', '', '', '', '', '', '', '', '', NULL, '', '', 'amount', '0.00', 0, '', NULL, NULL, '1', ''),
(31, 'BID000031', NULL, 'A202502010031', 'PAT0031', 'T SATYAVATHI', 'Female', '', '', '', '', 70, '8885214029', '', '2025-03-01', 1, '', '', NULL, NULL, '0', 0, '1', '1', 1, 0, 0, '2025-03-18 05:31:49', '', '', '', '', '', '', '', '', '', '', '', '', NULL, '', '', 'amount', '0.00', 0, '', NULL, NULL, '1', ''),
(32, 'BID000032', NULL, 'A202502010032', 'PAT0032', 'M JASWANTH', 'Male', '', '', '', '', 14, '9949576554', '', '2025-03-01', 1, '', '', NULL, NULL, '0', 0, '1', '1', 1, 0, 0, '2025-03-18 05:31:49', '', '', '', '', '', '', '', '', '', '', '', '', NULL, '', '', 'amount', '0.00', 0, '', NULL, NULL, '1', ''),
(33, 'BID000033', NULL, 'A202502010033', 'PAT0033', 'M DEENA MANI', 'Female', '', '', '', '', 68, '9959484488', '', '2025-03-01', 1, '', '', NULL, NULL, '0', 0, '1', '1', 1, 0, 0, '2025-03-18 05:31:49', '', '', '', '', '', '', '', '', '', '', '', '', NULL, '', '', 'amount', '0.00', 0, '', NULL, NULL, '1', ''),
(34, 'BID000034', NULL, 'A202502010034', 'PAT0034', 'S MOHAN KUMAR', 'Male', '', '', '', '', 45, '9885441628', '', '2025-03-01', 1, '', '', NULL, NULL, '0', 0, '1', '1', 1, 0, 0, '2025-03-18 05:31:49', '', '', '', '', '', '', '', '', '', '', '', '', NULL, '', '', 'amount', '0.00', 0, '', NULL, NULL, '1', ''),
(35, 'BID000035', NULL, 'A202502010035', 'PAT0035', 'MVA KARISHNA', 'Male', '', '', '', '', 54, '9989566121', '', '2025-03-01', 1, '', '', NULL, NULL, '0', 0, '1', '1', 1, 0, 0, '2025-03-18 05:31:49', '', '', '', '', '', '', '', '', '', '', '', '', NULL, '', '', 'amount', '0.00', 0, '', NULL, NULL, '1', ''),
(36, 'BID000036', NULL, 'A202502010036', 'PAT0036', 'Y CHANDAR RAO', 'Male', '', '', '', '', 47, '9985422889', '', '2025-03-01', 1, '', '', NULL, NULL, '0', 0, '1', '1', 1, 0, 0, '2025-03-18 05:31:49', '', '', '', '', '', '', '', '', '', '', '', '', NULL, '', '', 'amount', '0.00', 0, '', NULL, NULL, '1', ''),
(37, 'BID000037', NULL, 'A202502010037', 'PAT0037', 'FATHIMA BEEGI', 'Female', '', '', '', '', 65, '9848062838', '', '2025-03-01', 1, '', '', NULL, NULL, '0', 0, '1', '1', 1, 0, 0, '2025-03-18 05:31:49', '', '', '', '', '', '', '', '', '', '', '', '', NULL, '', '', 'amount', '0.00', 0, '', NULL, NULL, '1', ''),
(38, 'BID000038', NULL, 'A202502010038', 'PAT0038', 'G SARINIVAS', 'Male', '', '', '', '', 53, '9885197959', '', '2025-03-01', 1, '', '', NULL, NULL, '0', 0, '1', '1', 1, 0, 0, '2025-03-18 05:31:49', '', '', '', '', '', '', '', '', '', '', '', '', NULL, '', '', 'amount', '0.00', 0, '', NULL, NULL, '1', ''),
(39, 'BID000039', NULL, 'A202502010039', 'PAT0039', 'CH SHARON', 'Female', '', '', '', '', 22, '9959484488', '', '2025-03-01', 1, '', '', NULL, NULL, '0', 0, '1', '1', 1, 0, 0, '2025-03-18 05:31:49', '', '', '', '', '', '', '', '', '', '', '', '', NULL, '', '', 'amount', '0.00', 0, '', NULL, NULL, '1', ''),
(40, 'BID000040', NULL, 'A202502010040', 'PAT0040', 'T SATYA NARAYANA RAJU', 'Male', '', '', '', '', 63, '9676275668', '', '2025-03-01', 1, '', '', NULL, NULL, '0', 0, '1', '1', 1, 0, 0, '2025-03-18 05:31:49', '', '', '', '', '', '', '', '', '', '', '', '', NULL, '', '', 'amount', '0.00', 0, '', NULL, NULL, '1', ''),
(41, 'BID000041', NULL, 'A202502010041', 'PAT0041', 'VIJAYA LAKSHMI', 'Female', '', '', '', '', 67, '9434293267', '', '2025-03-01', 1, '', '', NULL, NULL, '0', 0, '1', '1', 1, 0, 0, '2025-03-18 05:31:49', '', '', '', '', '', '', '', '', '', '', '', '', NULL, '', '', 'amount', '0.00', 0, '', NULL, NULL, '1', ''),
(42, 'BID000042', NULL, 'A202502010042', 'PAT0042', 'GOPAL KRISHNA', 'Male', '', '', '', '', 55, '3333333333', '', '2025-03-01', 1, '', '', NULL, NULL, '0', 0, '1', '1', 1, 0, 0, '2025-03-18 05:31:49', '', '', '', '', '', '', '', '', '', '', '', '', NULL, '', '', 'amount', '0.00', 0, '', NULL, NULL, '1', ''),
(43, 'BID000043', NULL, 'A202502010043', 'PAT0043', 'V KISHORE', 'Male', '', '', '', '', 35, '9701668122', '', '2025-03-01', 1, '', '', NULL, NULL, '0', 0, '1', '1', 1, 0, 0, '2025-03-18 05:31:49', '', '', '', '', '', '', '', '', '', '', '', '', NULL, '', '', 'amount', '0.00', 0, '', NULL, NULL, '1', ''),
(44, 'BID000044', NULL, 'A202502010044', 'PAT0044', 'K SURYA NARAYANALU', 'Male', '', '', '', '', 64, '9502394292', '', '2025-03-01', 1, '', '', NULL, NULL, '0', 0, '1', '1', 1, 0, 0, '2025-03-18 05:31:49', '', '', '', '', '', '', '', '', '', '', '', '', NULL, '', '', 'amount', '0.00', 0, '', NULL, NULL, '1', ''),
(45, 'BID000045', NULL, 'A202502010045', 'PAT0045', 'ROHITH PANIGRAHI', 'Male', '', '', '', '', 29, '7008018041', '', '2025-03-01', 1, '', '', NULL, NULL, '0', 0, '1', '1', 1, 0, 0, '2025-03-18 05:31:49', '', '', '', '', '', '', '', '', '', '', '', '', NULL, '', '', 'amount', '0.00', 0, '', NULL, NULL, '1', ''),
(46, 'BID000046', NULL, 'A202502010046', 'PAT0046', 'SUNDARI', 'Female', '', '', '', '', 87, '9686481900', '', '2025-03-01', 1, '', '', NULL, NULL, '0', 0, '1', '1', 1, 0, 0, '2025-03-18 05:31:49', '', '', '', '', '', '', '', '', '', '', '', '', NULL, '', '', 'amount', '0.00', 0, '', NULL, NULL, '1', ''),
(47, 'BID000047', NULL, 'A202502010047', 'PAT0047', 'K MURALI KRISHNA REDDY', 'Male', '', '', '', '', 47, '9949267877', '', '2025-03-01', 1, '', '', NULL, NULL, '0', 0, '1', '1', 1, 0, 0, '2025-03-18 05:31:49', '', '', '', '', '', '', '', '', '', '', '', '', NULL, '', '', 'amount', '0.00', 0, '', NULL, NULL, '1', ''),
(48, 'BID000048', NULL, 'A202502010048', 'PAT0048', 'RAMA CHANDRA RAJU', 'Male', '', '', '', '', 68, '9700955959', '', '2025-03-01', 1, '', '', NULL, NULL, '0', 0, '1', '1', 1, 0, 0, '2025-03-18 05:31:49', '', '', '', '', '', '', '', '', '', '', '', '', NULL, '', '', 'amount', '0.00', 0, '', NULL, NULL, '1', ''),
(49, 'BID000049', NULL, 'A202502010049', 'PAT0049', 'KNV LAXMI', 'Female', '', '', '', '', 74, '4444444444', '', '2025-03-01', 1, '', '', NULL, NULL, '0', 0, '1', '1', 1, 0, 0, '2025-03-18 05:31:49', '', '', '', '', '', '', '', '', '', '', '', '', NULL, '', '', 'amount', '0.00', 0, '', NULL, NULL, '1', ''),
(50, 'BID000050', NULL, 'A202502010050', 'PAT0050', 'Y BHEEMA RAJU', 'Male', '', '', '', '', 78, '9000665715', '', '2025-03-01', 1, '', '', NULL, NULL, '0', 0, '1', '1', 1, 0, 0, '2025-03-18 05:31:49', '', '', '', '', '', '', '', '', '', '', '', '', NULL, '', '', 'amount', '0.00', 0, '', NULL, NULL, '1', ''),
(51, 'BID000051', NULL, 'A202502010051', 'PAT0051', 'M SUNDARI', 'Female', '', '', '', '', 87, '5555555555', '', '2025-03-01', 1, '', '', NULL, NULL, '0', 0, '1', '1', 1, 0, 0, '2025-03-18 05:31:49', '', '', '', '', '', '', '', '', '', '', '', '', NULL, '', '', 'amount', '0.00', 0, '', NULL, NULL, '1', ''),
(52, 'BID000052', NULL, 'A202502010052', 'PAT0052', 'CH ERWARAMMA', 'Female', '', '', '', '', 56, '9704048595', '', '2025-03-01', 1, '', '', NULL, NULL, '0', 0, '1', '1', 1, 0, 0, '2025-03-18 05:31:49', '', '', '', '', '', '', '', '', '', '', '', '', NULL, '', '', 'amount', '0.00', 0, '', NULL, NULL, '1', ''),
(53, 'BID000053', NULL, 'A202502010053', 'PAT0053', 'CH PADMA', 'Female', '', '', '', '', 44, '6666666666', '', '2025-03-01', 1, '', '', NULL, NULL, '0', 0, '1', '1', 1, 0, 0, '2025-03-18 05:31:49', '', '', '', '', '', '', '', '', '', '', '', '', NULL, '', '', 'amount', '0.00', 0, '', NULL, NULL, '1', ''),
(54, 'BID000054', NULL, 'A202502010054', 'PAT0054', 'JAMILA SWARWALA', 'Female', '', '', '', '', 37, '9949217718', '', '2025-03-01', 1, '', '', NULL, NULL, '0', 0, '1', '1', 1, 0, 0, '2025-03-18 05:31:49', '', '', '', '', '', '', '', '', '', '', '', '', NULL, '', '', 'amount', '0.00', 0, '', NULL, NULL, '1', ''),
(55, 'BID000055', NULL, 'A202502010055', 'PAT0055', 'DANAJALU', 'Male', '', '', '', '', 70, '7777777777', '', '2025-03-01', 1, '', '', NULL, NULL, '0', 0, '1', '1', 1, 0, 0, '2025-03-18 05:31:49', '', '', '', '', '', '', '', '', '', '', '', '', NULL, '', '', 'amount', '0.00', 0, '', NULL, NULL, '1', ''),
(56, 'BID000056', NULL, 'A202502010056', 'PAT0056', 'PRADEEP', 'Male', '', '', '', '', 40, '8971234343', '', '2025-03-01', 1, '', '', NULL, NULL, '0', 0, '1', '1', 1, 0, 0, '2025-03-18 05:31:49', '', '', '', '', '', '', '', '', '', '', '', '', NULL, '', '', 'amount', '0.00', 0, '', NULL, NULL, '1', ''),
(57, 'BID000057', NULL, 'A202502010057', 'PAT0057', 'PUNDARI KANKSHA', 'Male', '', '', '', '', 41, '8919340812', '', '2025-03-01', 1, '', '', NULL, NULL, '0', 0, '1', '1', 1, 0, 0, '2025-03-18 05:31:49', '', '', '', '', '', '', '', '', '', '', '', '', NULL, '', '', 'amount', '0.00', 0, '', NULL, NULL, '1', ''),
(58, 'BID000058', NULL, 'A202502010058', 'PAT0058', 'SAMPATH KUMAR', 'Male', '', '', '', '', 50, '8888888888', '', '2025-03-01', 1, '', '', NULL, NULL, '0', 0, '1', '1', 1, 0, 0, '2025-03-18 05:31:49', '', '', '', '', '', '', '', '', '', '', '', '', NULL, '', '', 'amount', '0.00', 0, '', NULL, NULL, '1', ''),
(59, 'BID000059', NULL, 'A202502010059', 'PAT0059', 'DEENA MANI', 'Female', '', '', '', '', 64, '0000000000', '', '2025-03-01', 1, '', '', NULL, NULL, '0', 0, '1', '1', 1, 0, 0, '2025-03-18 05:31:49', '', '', '', '', '', '', '', '', '', '', '', '', NULL, '', '', 'amount', '0.00', 0, '', NULL, NULL, '1', ''),
(60, 'BID000060', NULL, 'A202502010060', 'PAT0060', 'K SRINU', 'Male', '', '', '', '', 52, '6301726180', '', '2025-03-01', 1, '', '', NULL, NULL, '0', 0, '1', '1', 1, 0, 0, '2025-03-18 05:31:49', '', '', '', '', '', '', '', '', '', '', '', '', NULL, '', '', 'amount', '0.00', 0, '', NULL, NULL, '1', ''),
(61, 'BID000061', NULL, 'A202502010061', 'PAT0061', 'JATHENDRA', 'Male', '', '', '', '', 23, '6281251015', '', '2025-03-01', 1, '', '', NULL, NULL, '0', 0, '1', '1', 1, 0, 0, '2025-03-18 05:31:49', '', '', '', '', '', '', '', '', '', '', '', '', NULL, '', '', 'amount', '0.00', 0, '', NULL, NULL, '1', ''),
(62, 'BID000062', NULL, 'A202502010062', 'PAT0062', 'CHANDRA SHEKAR NAYAK', 'Male', '', '', '', '', 56, '7077578416', '', '2025-03-01', 1, '', '', NULL, NULL, '0', 0, '1', '1', 1, 0, 0, '2025-03-18 05:31:49', '', '', '', '', '', '', '', '', '', '', '', '', NULL, '', '', 'amount', '0.00', 0, '', NULL, NULL, '1', ''),
(63, 'BID000063', NULL, 'A202502010063', 'PAT0063', 'BB MALLI', 'Male', '', '', '', '', 59, '7008058013', '', '2025-03-01', 1, '', '', NULL, NULL, '0', 0, '1', '1', 1, 0, 0, '2025-03-18 05:31:49', '', '', '', '', '', '', '', '', '', '', '', '', NULL, '', '', 'amount', '0.00', 0, '', NULL, NULL, '1', ''),
(64, 'BID000064', NULL, 'A202502010064', 'PAT0064', 'D SUDHA', 'Female', '', '', '', '', 46, '9985422225', '', '2025-03-01', 1, '', '', NULL, NULL, '0', 0, '1', '1', 1, 0, 0, '2025-03-18 05:31:49', '', '', '', '', '', '', '', '', '', '', '', '', NULL, '', '', 'amount', '0.00', 0, '', NULL, NULL, '1', ''),
(65, 'BID000065', NULL, 'A202502010065', 'PAT0065', 'THIRUPATHI RAO', 'Male', '', '', '', '', 60, '8886239462', '', '2025-03-01', 1, '', '', NULL, NULL, '0', 0, '1', '1', 1, 0, 0, '2025-03-18 05:31:49', '', '', '', '', '', '', '', '', '', '', '', '', NULL, '', '', 'amount', '0.00', 0, '', NULL, NULL, '1', ''),
(66, 'BID000066', NULL, 'A202502010066', 'PAT0066', 'D LALITHA', 'Female', '', '', '', '', 60, '9703025130', '', '2025-03-01', 1, '', '', NULL, NULL, '0', 0, '1', '1', 1, 0, 0, '2025-03-18 05:31:49', '', '', '', '', '', '', '', '', '', '', '', '', NULL, '', '', 'amount', '0.00', 0, '', NULL, NULL, '1', ''),
(67, 'BID000067', NULL, 'A202502010067', 'PAT0067', 'ALISHA', 'Female', '', '', '', '', 23, '0000000000', '', '2025-03-01', 1, '', '', NULL, NULL, '0', 0, '1', '1', 1, 0, 0, '2025-03-18 05:31:49', '', '', '', '', '', '', '', '', '', '', '', '', NULL, '', '', 'amount', '0.00', 0, '', NULL, NULL, '1', ''),
(68, 'BID000068', NULL, 'A202502010068', 'PAT0068', 'IRMAIL', 'Male', '', '', '', '', 38, '9392183113', '', '2025-03-01', 1, '', '', NULL, NULL, '0', 0, '1', '1', 1, 0, 0, '2025-03-18 05:31:49', '', '', '', '', '', '', '', '', '', '', '', '', NULL, '', '', 'amount', '0.00', 0, '', NULL, NULL, '1', ''),
(69, 'BID000069', NULL, 'A202502010069', 'PAT0069', 'SATYA NARAYANA RAJU', 'Male', '', '', '', '', 63, '9440387414', '', '2025-03-01', 1, '', '', NULL, NULL, '0', 0, '1', '1', 1, 0, 0, '2025-03-18 05:31:49', '', '', '', '', '', '', '', '', '', '', '', '', NULL, '', '', 'amount', '0.00', 0, '', NULL, NULL, '1', ''),
(70, 'BID000070', NULL, 'A202502010070', 'PAT0070', 'ALISHA', 'Female', '', '', '', '', 23, '0000000000', '', '2025-03-01', 1, '', '', NULL, NULL, '0', 0, '1', '1', 1, 0, 0, '2025-03-18 05:31:49', '', '', '', '', '', '', '', '', '', '', '', '', NULL, '', '', 'amount', '0.00', 0, '', NULL, NULL, '1', ''),
(71, 'BID000071', NULL, 'A202502010071', 'PAT0071', 'SUNDARI', 'Female', '', '', '', '', 84, '0000000000', '', '2025-03-01', 1, '', '', NULL, NULL, '0', 0, '1', '1', 1, 0, 0, '2025-03-18 05:31:49', '', '', '', '', '', '', '', '', '', '', '', '', NULL, '', '', 'amount', '0.00', 0, '', NULL, NULL, '1', ''),
(72, 'BID000072', NULL, 'A202502010072', 'PAT0072', 'K VIJAYA', 'Female', '', '', '', '', 58, '0000000000', '', '2025-03-01', 1, '', '', NULL, NULL, '0', 0, '1', '1', 1, 0, 0, '2025-03-18 05:31:49', '', '', '', '', '', '', '', '', '', '', '', '', NULL, '', '', 'amount', '0.00', 0, '', NULL, NULL, '1', ''),
(73, 'BID000073', NULL, 'A202502010073', 'PAT0073', 'D DANUJAYALLU', 'Male', '', '', '', '', 70, '0000000000', '', '2025-03-01', 1, '', '', NULL, NULL, '0', 0, '1', '1', 1, 0, 0, '2025-03-18 05:31:49', '', '', '', '', '', '', '', '', '', '', '', '', NULL, '', '', 'amount', '0.00', 0, '', NULL, NULL, '1', ''),
(74, 'BID000074', NULL, 'A202502010074', 'PAT0074', 'NVG PRATAP RAO', 'Male', '', '', '', '', 77, '9440675852', '', '2025-03-01', 1, '', '', NULL, NULL, '0', 0, '1', '1', 1, 0, 0, '2025-03-18 05:31:49', '', '', '', '', '', '', '', '', '', '', '', '', NULL, '', '', 'amount', '0.00', 0, '', NULL, NULL, '1', ''),
(75, 'BID000075', NULL, 'A202502010075', 'PAT0075', 'INDIRA RANI', 'Female', '', '', '', '', 84, '0000000000', '', '2025-03-01', 1, '', '', NULL, NULL, '0', 0, '1', '1', 1, 0, 0, '2025-03-18 05:31:49', '', '', '', '', '', '', '', '', '', '', '', '', NULL, '', '', 'amount', '0.00', 0, '', NULL, NULL, '1', ''),
(76, 'BID000076', NULL, 'A202502010076', 'PAT0076', 'K KALAYANI', 'Female', '', '', '', '', 59, '0000000000', '', '2025-03-01', 1, '', '', NULL, NULL, '0', 0, '1', '1', 1, 0, 0, '2025-03-18 05:31:49', '', '', '', '', '', '', '', '', '', '', '', '', NULL, '', '', 'amount', '0.00', 0, '', NULL, NULL, '1', ''),
(77, 'BID000077', NULL, 'A202502010077', 'PAT0077', 'M DONA REDDY', 'Female', '', '', '', '', 20, '8374371454', '', '2025-03-01', 1, '', '', NULL, NULL, '0', 0, '1', '1', 1, 0, 0, '2025-03-18 05:31:49', '', '', '', '', '', '', '', '', '', '', '', '', NULL, '', '', 'amount', '0.00', 0, '', NULL, NULL, '1', ''),
(78, 'BID000078', NULL, 'A202502010078', 'PAT0078', 'P SRINIVASA', 'Male', '', '', '', '', 0, '9885989922', '', '2025-03-01', 1, '', '', NULL, NULL, '0', 0, '1', '1', 1, 0, 0, '2025-03-18 05:31:49', '', '', '', '', '', '', '', '', '', '', '', '', NULL, '', '', 'amount', '0.00', 0, '', NULL, NULL, '1', ''),
(79, 'BID000079', NULL, 'A202502010079', 'PAT0079', 'SD SAIKUMAR', 'Male', '', '', '', '', 23, '0000000000', '', '2025-03-01', 1, '', '', NULL, NULL, '0', 0, '1', '1', 1, 0, 0, '2025-03-18 05:31:49', '', '', '', '', '', '', '', '', '', '', '', '', NULL, '', '', 'amount', '0.00', 0, '', NULL, NULL, '1', ''),
(80, 'BID000080', NULL, 'A202502010080', 'PAT0080', 'NITISHA', 'Male', '', '', '', '', 20, '9440650063', '', '2025-03-01', 1, '', '', NULL, NULL, '0', 0, '1', '1', 1, 0, 0, '2025-03-18 05:31:49', '', '', '', '', '', '', '', '', '', '', '', '', NULL, '', '', 'amount', '0.00', 0, '', NULL, NULL, '1', ''),
(81, 'BID000081', NULL, 'A202502010081', 'PAT0081', 'PUSPHA JYOTHI', 'Female', '', '', '', '', 47, '9963150550', '', '2025-03-01', 1, '', '', NULL, NULL, '0', 0, '1', '1', 1, 0, 0, '2025-03-18 05:31:49', '', '', '', '', '', '', '', '', '', '', '', '', NULL, '', '', 'amount', '0.00', 0, '', NULL, NULL, '1', ''),
(82, 'BID000082', NULL, 'A202502010082', 'PAT0082', 'K SURYANARAYANA', 'Male', '', '', '', '', 64, '9912016239', '', '2025-03-01', 1, '', '', NULL, NULL, '0', 0, '1', '1', 1, 0, 0, '2025-03-18 05:31:49', '', '', '', '', '', '', '', '', '', '', '', '', NULL, '', '', 'amount', '0.00', 0, '', NULL, NULL, '1', ''),
(83, 'BID000083', NULL, 'A202502010083', 'PAT0083', 'VIMALA KUMARI', 'Female', '', '', '', '', 47, '8555910677', '', '2025-03-01', 1, '', '', NULL, NULL, '0', 0, '1', '1', 1, 0, 0, '2025-03-18 05:31:49', '', '', '', '', '', '', '', '', '', '', '', '', NULL, '', '', 'amount', '0.00', 0, '', NULL, NULL, '1', ''),
(84, 'BID000084', NULL, 'A202502010084', 'PAT0084', 'MOHAN KUMAR', 'Male', '', '', '', '', 59, '9908850645', '', '2025-03-01', 1, '', '', NULL, NULL, '0', 0, '1', '1', 1, 0, 0, '2025-03-18 05:31:49', '', '', '', '', '', '', '', '', '', '', '', '', NULL, '', '', 'amount', '0.00', 0, '', NULL, NULL, '1', ''),
(85, 'BID000085', NULL, 'A202502010085', 'PAT0085', 'K USHA', 'Female', '', '', '', '', 39, '8712299952', '', '2025-03-01', 1, '', '', NULL, NULL, '0', 0, '1', '1', 1, 0, 0, '2025-03-18 05:31:49', '', '', '', '', '', '', '', '', '', '', '', '', NULL, '', '', 'amount', '0.00', 0, '', NULL, NULL, '1', ''),
(86, 'BID000086', NULL, 'A202502010086', 'PAT0086', 'B SURYA KUMARI', 'Female', '', '', '', '', 56, '9642558038', '', '2025-03-01', 1, '', '', NULL, NULL, '0', 0, '1', '1', 1, 0, 0, '2025-03-18 05:31:49', '', '', '', '', '', '', '', '', '', '', '', '', NULL, '', '', 'amount', '0.00', 0, '', NULL, NULL, '1', ''),
(87, 'BID000087', NULL, 'A202502010087', 'PAT0087', 'D KAMALA', 'Female', '', '', '', '', 63, '8897621279', '', '2025-03-01', 1, '', '', NULL, NULL, '0', 0, '1', '1', 1, 0, 0, '2025-03-18 05:31:49', '', '', '', '', '', '', '', '', '', '', '', '', NULL, '', '', 'amount', '0.00', 0, '', NULL, NULL, '1', ''),
(88, 'BID000088', NULL, 'A202502010088', 'PAT0088', 'RAMESH', 'Male', '', '', '', '', 49, '9908831059', '', '2025-03-01', 1, '', '', NULL, NULL, '0', 0, '1', '1', 1, 0, 0, '2025-03-18 05:31:49', '', '', '', '', '', '', '', '', '', '', '', '', NULL, '', '', 'amount', '0.00', 0, '', NULL, NULL, '1', ''),
(89, 'BID000089', NULL, 'A202502010089', 'PAT0089', 'S RAMANAMMA', 'Female', '', '', '', '', 96, '8247515935', '', '2025-03-01', 1, '', '', NULL, NULL, '0', 0, '1', '1', 1, 0, 0, '2025-03-18 05:31:49', '', '', '', '', '', '', '', '', '', '', '', '', NULL, '', '', 'amount', '0.00', 0, '', NULL, NULL, '1', ''),
(90, 'BID000090', NULL, 'A202502010090', 'PAT0090', 'KAMALA', 'Female', '', '', '', '', 53, '9966962713', '', '2025-03-01', 1, '', '', NULL, NULL, '0', 0, '1', '1', 1, 0, 0, '2025-03-18 05:31:49', '', '', '', '', '', '', '', '', '', '', '', '', NULL, '', '', 'amount', '0.00', 0, '', NULL, NULL, '1', ''),
(91, 'BID000091', NULL, 'A202502010091', 'PAT0091', 'RAMA CHANDRA RAJU', 'Male', '', '', '', '', 68, '9441247751', '', '2025-03-01', 1, '', '', NULL, NULL, '0', 0, '1', '1', 1, 0, 0, '2025-03-18 05:31:49', '', '', '', '', '', '', '', '', '', '', '', '', NULL, '', '', 'amount', '0.00', 0, '', NULL, NULL, '1', ''),
(92, 'BID000092', NULL, 'A202502010092', 'PAT0092', 'DANIEL EVANG', 'Male', '', '', '', '', 72, '9849154959', '', '2025-03-01', 1, '', '', NULL, NULL, '0', 0, '1', '1', 1, 0, 0, '2025-03-18 05:31:49', '', '', '', '', '', '', '', '', '', '', '', '', NULL, '', '', 'amount', '0.00', 0, '', NULL, NULL, '1', ''),
(93, 'BID000093', NULL, 'A202502010093', 'PAT0093', 'KRISHN GOPAL DWIVEDI', 'Male', '', '', '', '', 64, '8002030359', '', '2025-03-01', 1, '', '', NULL, NULL, '0', 0, '1', '1', 1, 0, 0, '2025-03-18 05:31:49', '', '', '', '', '', '', '', '', '', '', '', '', NULL, '', '', 'amount', '0.00', 0, '', NULL, NULL, '1', ''),
(94, 'BID000094', NULL, 'A202502010094', 'PAT0094', 'SAMESHWAR RAO', 'Male', '', '', '', '', 49, '9866481591', '', '2025-03-01', 1, '', '', NULL, NULL, '0', 0, '1', '1', 1, 0, 0, '2025-03-18 05:31:49', '', '', '', '', '', '', '', '', '', '', '', '', NULL, '', '', 'amount', '0.00', 0, '', NULL, NULL, '1', ''),
(95, 'BID000095', NULL, 'A202502010095', 'PAT0095', 'JAYA LAXMI', 'Female', '', '', '', '', 76, '0000000000', '', '2025-03-01', 1, '', '', NULL, NULL, '0', 0, '1', '1', 1, 0, 0, '2025-03-18 05:31:49', '', '', '', '', '', '', '', '', '', '', '', '', NULL, '', '', 'amount', '0.00', 0, '', NULL, NULL, '1', ''),
(96, 'BID000096', NULL, 'A202502010096', 'PAT0096', 'AJAY KUMAR', 'Female', '', '', '', '', 20, '9542427999', '', '2025-03-01', 1, '', '', NULL, NULL, '0', 0, '1', '1', 1, 0, 0, '2025-03-18 05:31:49', '', '', '', '', '', '', '', '', '', '', '', '', NULL, '', '', 'amount', '0.00', 0, '', NULL, NULL, '1', ''),
(97, 'BID000097', NULL, 'A202502010097', 'PAT0097', 'INDIRA RANI', 'Female', '', '', '', '', 82, '0000000000', '', '2025-03-01', 1, '', '', NULL, NULL, '0', 0, '1', '1', 1, 0, 0, '2025-03-18 05:31:49', '', '', '', '', '', '', '', '', '', '', '', '', NULL, '', '', 'amount', '0.00', 0, '', NULL, NULL, '1', ''),
(98, 'BID000098', NULL, 'A202502010098', 'PAT0098', 'G BHAVANI SHANKAR', 'Male', '', '', '', '', 67, '0000000000', '', '2025-03-01', 1, '', '', NULL, NULL, '0', 0, '1', '1', 1, 0, 0, '2025-03-18 05:31:49', '', '', '', '', '', '', '', '', '', '', '', '', NULL, '', '', 'amount', '0.00', 0, '', NULL, NULL, '1', ''),
(99, 'BID000099', NULL, 'A202502010099', 'PAT0099', 'K RAVI', 'Male', '', '', '', '', 48, '9972743554', '', '2025-03-01', 1, '', '', NULL, NULL, '0', 0, '1', '1', 1, 0, 0, '2025-03-18 05:31:49', '', '', '', '', '', '', '', '', '', '', '', '', NULL, '', '', 'amount', '0.00', 0, '', NULL, NULL, '1', ''),
(100, 'BID000100', NULL, 'A202502010100', 'PAT0100', 'B MASENU', 'Male', '', '', '', '', 54, '8143730371', '', '2025-03-01', 1, '', '', NULL, NULL, '0', 0, '1', '1', 1, 0, 0, '2025-03-18 05:31:49', '', '', '', '', '', '', '', '', '', '', '', '', NULL, '', '', 'amount', '0.00', 0, '', NULL, NULL, '1', ''),
(101, 'BID000101', NULL, 'A202502010101', 'PAT0101', 'K VIJAYA', 'Female', '', '', '', '', 58, '9440733837', '', '2025-03-01', 1, '', '', NULL, NULL, '0', 0, '1', '1', 1, 0, 0, '2025-03-18 05:31:49', '', '', '', '', '', '', '', '', '', '', '', '', NULL, '', '', 'amount', '0.00', 0, '', NULL, NULL, '1', ''),
(102, 'BID000102', NULL, 'A202502010102', 'PAT0102', 'P SHANMUKA RAO', 'Male', '', '', '', '', 53, '9502606136', '', '2025-03-01', 1, '', '', NULL, NULL, '0', 0, '1', '1', 1, 0, 0, '2025-03-18 05:31:49', '', '', '', '', '', '', '', '', '', '', '', '', NULL, '', '', 'amount', '0.00', 0, '', NULL, NULL, '1', ''),
(103, 'BID000103', NULL, 'A202502010103', 'PAT0103', 'N MADHAVI', 'Female', '', '', '', '', 55, '9292301352', '', '2025-03-01', 1, '', '', NULL, NULL, '0', 0, '1', '1', 1, 0, 0, '2025-03-18 05:31:49', '', '', '', '', '', '', '', '', '', '', '', '', NULL, '', '', 'amount', '0.00', 0, '', NULL, NULL, '1', ''),
(104, 'BID000104', NULL, 'A202502010104', 'PAT0104', 'K DEEPAK', 'Male', '', '', '', '', 31, '9440295616', '', '2025-03-01', 1, '', '', NULL, NULL, '0', 0, '1', '1', 1, 0, 0, '2025-03-18 05:31:49', '', '', '', '', '', '', '', '', '', '', '', '', NULL, '', '', 'amount', '0.00', 0, '', NULL, NULL, '1', ''),
(105, 'BID000105', NULL, 'A202502010105', 'PAT0105', 'SATYA NARAYANA RAJU', 'Male', '', '', '', '', 63, '9440387414', '', '2025-03-01', 1, '', '', NULL, NULL, '0', 0, '1', '1', 1, 0, 0, '2025-03-18 05:31:49', '', '', '', '', '', '', '', '', '', '', '', '', NULL, '', '', 'amount', '0.00', 0, '', NULL, NULL, '1', ''),
(106, 'BID000106', NULL, 'A202502010106', 'PAT0106', 'D KAMALAMMA', 'Female', '', '', '', '', 73, '9393926291', '', '2025-03-01', 1, '', '', NULL, NULL, '0', 0, '1', '1', 1, 0, 0, '2025-03-18 05:31:49', '', '', '', '', '', '', '', '', '', '', '', '', NULL, '', '', 'amount', '0.00', 0, '', NULL, NULL, '1', ''),
(107, 'BID000107', NULL, 'A202502010107', 'PAT0107', 'B ROJA', 'Female', '', '', '', '', 48, '9531912925', '', '2025-03-01', 1, '', '', NULL, NULL, '0', 0, '1', '1', 1, 0, 0, '2025-03-18 05:31:49', '', '', '', '', '', '', '', '', '', '', '', '', NULL, '', '', 'amount', '0.00', 0, '', NULL, NULL, '1', ''),
(108, 'BID000108', NULL, 'A202502010108', 'PAT0108', 'I GOPI', 'Male', '', '', '', '', 62, '9849252390', '', '2025-03-01', 1, '', '', NULL, NULL, '0', 0, '1', '1', 1, 0, 0, '2025-03-18 05:31:49', '', '', '', '', '', '', '', '', '', '', '', '', NULL, '', '', 'amount', '0.00', 0, '', NULL, NULL, '1', ''),
(109, 'BID000109', NULL, 'A202502010109', 'PAT0109', 'VICHITRA PANIGRAHI', 'Female', '', '', '', '', 52, '6370181834', '', '2025-03-01', 1, '', '', NULL, NULL, '0', 0, '1', '1', 1, 0, 0, '2025-03-18 05:31:49', '', '', '', '', '', '', '', '', '', '', '', '', NULL, '', '', 'amount', '0.00', 0, '', NULL, NULL, '1', ''),
(110, 'BID000110', NULL, 'A202502010110', 'PAT0110', 'SUCHITRA PANIGRAHI', 'Female', '', '', '', '', 54, '6370181834', '', '2025-03-01', 1, '', '', NULL, NULL, '0', 0, '1', '1', 1, 0, 0, '2025-03-18 05:31:49', '', '', '', '', '', '', '', '', '', '', '', '', NULL, '', '', 'amount', '0.00', 0, '', NULL, NULL, '1', ''),
(111, 'BID000111', NULL, 'A202502010111', 'PAT0111', 'VARADARAJAN', 'Male', '', '', '', '', 0, '8978770600', '', '2025-03-01', 1, '', '', NULL, NULL, '0', 0, '1', '1', 1, 0, 0, '2025-03-18 05:31:49', '', '', '', '', '', '', '', '', '', '', '', '', NULL, '', '', 'amount', '0.00', 0, '', NULL, NULL, '1', ''),
(112, 'BID000112', NULL, 'A202502010112', 'PAT0112', 'SHANUMUKA RAO', 'Male', '', '', '', '', 53, '9502606136', '', '2025-03-01', 1, '', '', NULL, NULL, '0', 0, '1', '1', 1, 0, 0, '2025-03-18 05:31:49', '', '', '', '', '', '', '', '', '', '', '', '', NULL, '', '', 'amount', '0.00', 0, '', NULL, NULL, '1', ''),
(113, 'BID000113', NULL, 'A202502010113', 'PAT0113', 'M KRISHNA', 'Male', '', '', '', '', 53, '9989566121', '', '2025-03-01', 1, '', '', NULL, NULL, '0', 0, '1', '1', 1, 0, 0, '2025-03-18 05:31:49', '', '', '', '', '', '', '', '', '', '', '', '', NULL, '', '', 'amount', '0.00', 0, '', NULL, NULL, '1', ''),
(114, 'BID000114', NULL, 'A202502010114', 'PAT0114', 'I GOPI NANDH RAO', 'Male', '', '', '', '', 63, '9849252390', '', '2025-03-01', 1, '', '', NULL, NULL, '0', 0, '1', '1', 1, 0, 0, '2025-03-18 05:31:49', '', '', '', '', '', '', '', '', '', '', '', '', NULL, '', '', 'amount', '0.00', 0, '', NULL, NULL, '1', ''),
(115, 'BID000115', NULL, 'A202502010115', 'PAT0115', 'CH PADMA', 'Female', '', '', '', '', 44, '9949696700', '', '2025-03-01', 1, '', '', NULL, NULL, '0', 0, '1', '1', 1, 0, 0, '2025-03-18 05:31:49', '', '', '', '', '', '', '', '', '', '', '', '', NULL, '', '', 'amount', '0.00', 0, '', NULL, NULL, '1', ''),
(116, 'BID000116', NULL, 'A202502010116', 'PAT0116', 'P NARAYANA RAO', 'Male', '', '', '', '', 31, '9398380191', '', '2025-03-01', 1, '', '', NULL, NULL, '0', 0, '1', '1', 1, 0, 0, '2025-03-18 05:31:49', '', '', '', '', '', '', '', '', '', '', '', '', NULL, '', '', 'amount', '0.00', 0, '', NULL, NULL, '1', ''),
(117, 'BID000117', NULL, 'A202502010117', 'PAT0117', 'CH SHANKAR RAO', 'Male', '', '', '', '', 58, '8523012246', '', '2025-03-01', 1, '', '', NULL, NULL, '0', 0, '1', '1', 1, 0, 0, '2025-03-18 05:31:49', '', '', '', '', '', '', '', '', '', '', '', '', NULL, '', '', 'amount', '0.00', 0, '', NULL, NULL, '1', ''),
(118, 'BID000118', NULL, 'A202502010118', 'PAT0118', 'SATYAVATHI', 'Female', '', '', '', '', 70, '0000000000', '', '2025-03-01', 1, '', '', NULL, NULL, '0', 0, '1', '1', 1, 0, 0, '2025-03-18 05:31:49', '', '', '', '', '', '', '', '', '', '', '', '', NULL, '', '', 'amount', '0.00', 0, '', NULL, NULL, '1', ''),
(119, 'BID000119', NULL, 'A202502010119', 'PAT0119', 'SAIKUMAR', 'Male', '', '', '', '', 23, '0000000000', '', '2025-03-01', 1, '', '', NULL, NULL, '0', 0, '1', '1', 1, 0, 0, '2025-03-18 05:31:49', '', '', '', '', '', '', '', '', '', '', '', '', NULL, '', '', 'amount', '0.00', 0, '', NULL, NULL, '1', ''),
(120, 'BID000120', NULL, 'A202502010120', 'PAT0120', 'S RAMANAMMA', 'Female', '', '', '', '', 96, '8247515935', '', '2025-03-01', 1, '', '', NULL, NULL, '0', 0, '1', '1', 1, 0, 0, '2025-03-18 05:31:49', '', '', '', '', '', '', '', '', '', '', '', '', NULL, '', '', 'amount', '0.00', 0, '', NULL, NULL, '1', ''),
(121, 'BID000121', NULL, 'A202502010121', 'PAT0121', 'R KAMALA', 'Female', '', '', '', '', 53, '9966962718', '', '2025-03-01', 1, '', '', NULL, NULL, '0', 0, '1', '1', 1, 0, 0, '2025-03-18 05:31:49', '', '', '', '', '', '', '', '', '', '', '', '', NULL, '', '', 'amount', '0.00', 0, '', NULL, NULL, '1', ''),
(122, 'BID000122', NULL, 'A202502010122', 'PAT0122', 'M BALA', 'Male', '', '', '', '', 0, '9160014041', '', '2025-03-01', 1, '', '', NULL, NULL, '0', 0, '1', '1', 1, 0, 0, '2025-03-18 05:31:49', '', '', '', '', '', '', '', '', '', '', '', '', NULL, '', '', 'amount', '0.00', 0, '', NULL, NULL, '1', ''),
(123, 'BID000123', NULL, 'A202502010123', 'PAT0123', 'ALISHA', 'Female', '', '', '', '', 23, '0000000000', '', '2025-03-01', 1, '', '', NULL, NULL, '0', 0, '1', '1', 1, 0, 0, '2025-03-18 05:31:49', '', '', '', '', '', '', '', '', '', '', '', '', NULL, '', '', 'amount', '0.00', 0, '', NULL, NULL, '1', ''),
(124, 'BID000124', NULL, 'A202502010124', 'PAT0124', 'KNV LAXMI', 'Female', '', '', '', '', 74, '0000000000', '', '2025-03-01', 1, '', '', NULL, NULL, '0', 0, '1', '1', 1, 0, 0, '2025-03-18 05:31:49', '', '', '', '', '', '', '', '', '', '', '', '', NULL, '', '', 'amount', '0.00', 0, '', NULL, NULL, '1', ''),
(125, 'BID000125', NULL, 'A202502010125', 'PAT0125', 'SATYANARAYANA RAJU', 'Male', '', '', '', '', 36, '0000000000', '', '2025-03-01', 1, '', '', NULL, NULL, '0', 0, '1', '1', 1, 0, 0, '2025-03-18 05:31:49', '', '', '', '', '', '', '', '', '', '', '', '', NULL, '', '', 'amount', '0.00', 0, '', NULL, NULL, '1', ''),
(126, 'BID000126', NULL, 'A202502010126', 'PAT0126', 'K LAXMI', 'Female', '', '', '', '', 60, '8367614733', '', '2025-03-01', 1, '', '', NULL, NULL, '0', 0, '1', '1', 1, 0, 0, '2025-03-18 05:31:49', '', '', '', '', '', '', '', '', '', '', '', '', NULL, '', '', 'amount', '0.00', 0, '', NULL, NULL, '1', ''),
(127, 'BID000127', NULL, 'A202502010127', 'PAT0127', 'MANIVALAYYA', 'Male', '', '', '', '', 64, '0000000000', '', '2025-03-01', 1, '', '', NULL, NULL, '0', 0, '1', '1', 1, 0, 0, '2025-03-18 05:31:49', '', '', '', '', '', '', '', '', '', '', '', '', NULL, '', '', 'amount', '0.00', 0, '', NULL, NULL, '1', ''),
(128, 'BID000128', NULL, 'A202502010128', 'PAT0128', 'SHANUMUKA RAO', 'Male', '', '', '', '', 53, '0000000000', '', '2025-03-01', 1, '', '', NULL, NULL, '0', 0, '1', '1', 1, 0, 0, '2025-03-18 05:31:49', '', '', '', '', '', '', '', '', '', '', '', '', NULL, '', '', 'amount', '0.00', 0, '', NULL, NULL, '1', ''),
(129, 'BID000129', NULL, 'A202502010129', 'PAT0129', 'M BALA', 'Male', '', '', '', '', 57, '0000000000', '', '2025-03-01', 1, '', '', NULL, NULL, '0', 0, '1', '1', 1, 0, 0, '2025-03-18 05:31:49', '', '', '', '', '', '', '', '', '', '', '', '', NULL, '', '', 'amount', '0.00', 0, '', NULL, NULL, '1', ''),
(130, 'BID000130', NULL, 'A202502010130', 'PAT0130', 'RAMA GOPAL', 'Male', '', '', '', '', 63, '8978073926', '', '2025-03-01', 1, '', '', NULL, NULL, '0', 0, '1', '1', 1, 0, 0, '2025-03-18 05:31:49', '', '', '', '', '', '', '', '', '', '', '', '', NULL, '', '', 'amount', '0.00', 0, '', NULL, NULL, '1', ''),
(131, 'BID000131', NULL, 'A202502010131', 'PAT0131', 'CHAKRAPANI K', 'Male', '', '', '', '', 82, '8790484622', '', '2025-03-01', 1, '', '', NULL, NULL, '0', 0, '1', '1', 1, 0, 0, '2025-03-18 05:31:49', '', '', '', '', '', '', '', '', '', '', '', '', NULL, '', '', 'amount', '0.00', 0, '', NULL, NULL, '1', ''),
(132, 'BID000132', NULL, 'A202502010132', 'PAT0132', 'KALAYANI', 'Female', '', '', '', '', 59, '0000000000', '', '2025-03-01', 1, '', '', NULL, NULL, '0', 0, '1', '1', 1, 0, 0, '2025-03-18 05:31:49', '', '', '', '', '', '', '', '', '', '', '', '', NULL, '', '', 'amount', '0.00', 0, '', NULL, NULL, '1', ''),
(133, 'BID000133', NULL, 'A202502010133', 'PAT0133', 'K HYMA', 'Female', '', '', '', '', 44, '6304950742', '', '2025-03-01', 1, '', '', NULL, NULL, '0', 0, '1', '1', 1, 0, 0, '2025-03-18 05:31:49', '', '', '', '', '', '', '', '', '', '', '', '', NULL, '', '', 'amount', '0.00', 0, '', NULL, NULL, '1', ''),
(134, 'BID000134', NULL, 'A202502010134', 'PAT0134', 'SUBHA RAO', 'Male', '', '', '', '', 56, '9666283553', '', '2025-03-01', 1, '', '', NULL, NULL, '0', 0, '1', '1', 1, 0, 0, '2025-03-18 05:31:49', '', '', '', '', '', '', '', '', '', '', '', '', NULL, '', '', 'amount', '0.00', 0, '', NULL, NULL, '1', ''),
(135, 'BID000135', NULL, 'A202502010135', 'PAT0135', 'GOVINDA RAO', 'Male', '', '', '', '', 59, '0000000000', '', '2025-03-01', 1, '', '', NULL, NULL, '0', 0, '1', '1', 1, 0, 0, '2025-03-18 05:31:49', '', '', '', '', '', '', '', '', '', '', '', '', NULL, '', '', 'amount', '0.00', 0, '', NULL, NULL, '1', ''),
(136, 'BID000136', NULL, 'A202502010136', 'PAT0136', 'P SANIBABU', 'Male', '', '', '', '', 60, '9906040889', '', '2025-03-01', 1, '', '', NULL, NULL, '0', 0, '1', '1', 1, 0, 0, '2025-03-18 05:31:49', '', '', '', '', '', '', '', '', '', '', '', '', NULL, '', '', 'amount', '0.00', 0, '', NULL, NULL, '1', ''),
(137, 'BID000137', NULL, 'A202502010137', 'PAT0137', 'INDIRA RANI', 'Female', '', '', '', '', 62, '0000000000', '', '2025-03-01', 1, '', '', NULL, NULL, '0', 0, '1', '1', 1, 0, 0, '2025-03-18 05:31:49', '', '', '', '', '', '', '', '', '', '', '', '', NULL, '', '', 'amount', '0.00', 0, '', NULL, NULL, '1', ''),
(138, 'BID000138', NULL, 'A202502010138', 'PAT0138', 'K MOUNIKA', 'Female', '', '', '', '', 35, '8106016777', '', '2025-03-01', 1, '', '', NULL, NULL, '0', 0, '1', '1', 1, 0, 0, '2025-03-18 05:31:49', '', '', '', '', '', '', '', '', '', '', '', '', NULL, '', '', 'amount', '0.00', 0, '', NULL, NULL, '1', ''),
(139, 'BID000139', NULL, 'A202502010139', 'PAT0139', 'PALUGUNA', 'Male', '', '', '', '', 67, '9966682462', '', '2025-03-01', 1, '', '', NULL, NULL, '0', 0, '1', '1', 1, 0, 0, '2025-03-18 05:31:49', '', '', '', '', '', '', '', '', '', '', '', '', NULL, '', '', 'amount', '0.00', 0, '', NULL, NULL, '1', ''),
(140, 'BID000140', NULL, 'A202502010140', 'PAT0140', 'A LAXMI', 'Female', '', '', '', '', 57, '9652488396', '', '2025-03-01', 1, '', '', NULL, NULL, '0', 0, '1', '1', 1, 0, 0, '2025-03-18 05:31:49', '', '', '', '', '', '', '', '', '', '', '', '', NULL, '', '', 'amount', '0.00', 0, '', NULL, NULL, '1', ''),
(141, 'BID000141', NULL, 'A202502010141', 'PAT0141', 'A USHA RAO', 'Female', '', '', '', '', 50, '9849517593', '', '2025-03-01', 1, '', '', NULL, NULL, '0', 0, '1', '1', 1, 0, 0, '2025-03-18 05:31:49', '', '', '', '', '', '', '', '', '', '', '', '', NULL, '', '', 'amount', '0.00', 0, '', NULL, NULL, '1', ''),
(142, 'BID000142', NULL, 'A202502010142', 'PAT0142', 'SUBHA RAO', 'Female', '', '', '', '', 53, '0000000000', '', '2025-03-01', 1, '', '', NULL, NULL, '0', 0, '1', '1', 1, 0, 0, '2025-03-18 05:31:49', '', '', '', '', '', '', '', '', '', '', '', '', NULL, '', '', 'amount', '0.00', 0, '', NULL, NULL, '1', ''),
(143, 'BID000143', NULL, 'A202502010143', 'PAT0143', 'RAMADEVI', 'Female', '', '', '', '', 23, '9492217597', '', '2025-03-01', 1, '', '', NULL, NULL, '0', 0, '1', '1', 1, 0, 0, '2025-03-18 05:31:49', '', '', '', '', '', '', '', '', '', '', '', '', NULL, '', '', 'amount', '0.00', 0, '', NULL, NULL, '1', ''),
(144, 'BID000144', NULL, 'A202502010144', 'PAT0144', 'DEENAMANI', 'Female', '', '', '', '', 64, '0000000000', '', '2025-03-01', 1, '', '', NULL, NULL, '0', 0, '1', '1', 1, 0, 0, '2025-03-18 05:31:49', '', '', '', '', '', '', '', '', '', '', '', '', NULL, '', '', 'amount', '0.00', 0, '', NULL, NULL, '1', ''),
(145, 'BID000145', NULL, 'A202502010145', 'PAT0145', 'ASWHINI', 'Female', '', '', '', '', 24, '9866513212', '', '2025-03-01', 1, '', '', NULL, NULL, '0', 0, '1', '1', 1, 0, 0, '2025-03-18 05:31:49', '', '', '', '', '', '', '', '', '', '', '', '', NULL, '', '', 'amount', '0.00', 0, '', NULL, NULL, '1', ''),
(146, 'BID000146', NULL, 'A202502010146', 'PAT0146', 'SHIVA PRASAD', 'Male', '', '', '', '', 45, '0000000000', '', '2025-03-01', 1, '', '', NULL, NULL, '0', 0, '1', '1', 1, 0, 0, '2025-03-18 05:31:49', '', '', '', '', '', '', '', '', '', '', '', '', NULL, '', '', 'amount', '0.00', 0, '', NULL, NULL, '1', ''),
(147, 'BID000147', NULL, 'A202502010147', 'PAT0147', 'SIVA PRASAD RAMA KRISHNA', 'Male', '', '', '', '', 62, '9000455301', '', '2025-03-01', 1, '', '', NULL, NULL, '0', 0, '1', '1', 1, 0, 0, '2025-03-18 05:31:49', '', '', '', '', '', '', '', '', '', '', '', '', NULL, '', '', 'amount', '0.00', 0, '', NULL, NULL, '1', ''),
(148, 'BID000148', NULL, 'A202502010148', 'PAT0148', 'K APPANNA', 'Male', '', '', '', '', 32, '8978537065', '', '2025-03-01', 1, '', '', NULL, NULL, '0', 0, '1', '1', 1, 0, 0, '2025-03-18 05:31:49', '', '', '', '', '', '', '', '', '', '', '', '', NULL, '', '', 'amount', '0.00', 0, '', NULL, NULL, '1', ''),
(149, 'BID000149', NULL, 'A202502010149', 'PAT0149', 'M RAJESWARI', 'Female', '', '', '', '', 33, '7842763977', '', '2025-03-01', 1, '', '', NULL, NULL, '0', 0, '1', '1', 1, 0, 0, '2025-03-18 05:31:49', '', '', '', '', '', '', '', '', '', '', '', '', NULL, '', '', 'amount', '0.00', 0, '', NULL, NULL, '1', ''),
(150, 'BID000150', NULL, 'A202502010150', 'PAT0150', 'PRATHUSHA', 'Female', '', '', '', '', 33, '9985438438', '', '2025-03-01', 1, '', '', NULL, NULL, '0', 0, '1', '1', 1, 0, 0, '2025-03-18 05:31:49', '', '', '', '', '', '', '', '', '', '', '', '', NULL, '', '', 'amount', '0.00', 0, '', NULL, NULL, '1', ''),
(151, 'BID000151', NULL, 'A202502010151', 'PAT0151', 'V GANGA RAJU', 'Male', '', '', '', '', 74, '9963817989', '', '2025-03-01', 1, '', '', NULL, NULL, '0', 0, '1', '1', 1, 0, 0, '2025-03-18 05:31:49', '', '', '', '', '', '', '', '', '', '', '', '', NULL, '', '', 'amount', '0.00', 0, '', NULL, NULL, '1', ''),
(152, 'BID000152', NULL, 'A202502010152', 'PAT0152', 'M BALA', 'Female', '', '', '', '', 57, '0000000000', '', '2025-03-01', 1, '', '', NULL, NULL, '0', 0, '1', '1', 1, 0, 0, '2025-03-18 05:31:49', '', '', '', '', '', '', '', '', '', '', '', '', NULL, '', '', 'amount', '0.00', 0, '', NULL, NULL, '1', ''),
(153, 'BID000153', NULL, 'A202502010153', 'PAT0153', 'SHIVA RAMA', 'Male', '', '', '', '', 59, '0000000000', '', '2025-03-01', 1, '', '', NULL, NULL, '0', 0, '1', '1', 1, 0, 0, '2025-03-18 05:31:49', '', '', '', '', '', '', '', '', '', '', '', '', NULL, '', '', 'amount', '0.00', 0, '', NULL, NULL, '1', ''),
(154, 'BID000154', NULL, 'A202502010154', 'PAT0154', 'N RAVI CHANDRA', 'Male', '', '', '', '', 35, '7989238651', '', '2025-03-01', 1, '', '', NULL, NULL, '0', 0, '1', '1', 1, 0, 0, '2025-03-18 05:31:49', '', '', '', '', '', '', '', '', '', '', '', '', NULL, '', '', 'amount', '0.00', 0, '', NULL, NULL, '1', ''),
(155, 'BID000155', NULL, 'A202502010155', 'PAT0155', 'MAHESH', 'Male', '', '', '', '', 29, '9618009385', '', '2025-03-01', 1, '', '', NULL, NULL, '0', 0, '1', '1', 1, 0, 0, '2025-03-18 05:31:49', '', '', '', '', '', '', '', '', '', '', '', '', NULL, '', '', 'amount', '0.00', 0, '', NULL, NULL, '1', ''),
(156, 'BID000156', NULL, 'A202502010156', 'PAT0156', 'RAMA HASEMI', 'Female', '', '', '', '', 69, '9985902112', '', '2025-03-01', 1, '', '', NULL, NULL, '0', 0, '1', '1', 1, 0, 0, '2025-03-18 05:31:49', '', '', '', '', '', '', '', '', '', '', '', '', NULL, '', '', 'amount', '0.00', 0, '', NULL, NULL, '1', ''),
(157, 'BID000157', NULL, 'A202502010157', 'PAT0157', 'G NARAYANA', 'Male', '', '', '', '', 48, '0000000000', '', '2025-03-01', 1, '', '', NULL, NULL, '0', 0, '1', '1', 1, 0, 0, '2025-03-18 05:31:49', '', '', '', '', '', '', '', '', '', '', '', '', NULL, '', '', 'amount', '0.00', 0, '', NULL, NULL, '1', ''),
(158, 'BID000158', NULL, 'A202502010158', 'PAT0158', 'RAMANI', 'Female', '', '', '', '', 57, '0000000000', '', '2025-03-01', 1, '', '', NULL, NULL, '0', 0, '1', '1', 1, 0, 0, '2025-03-18 05:31:49', '', '', '', '', '', '', '', '', '', '', '', '', NULL, '', '', 'amount', '0.00', 0, '', NULL, NULL, '1', ''),
(159, 'BID000159', NULL, 'A202502010159', 'PAT0159', 'NARASIMHA RAO', 'Male', '', '', '', '', 56, '8897131879', '', '2025-03-01', 1, '', '', NULL, NULL, '0', 0, '1', '1', 1, 0, 0, '2025-03-18 05:31:49', '', '', '', '', '', '', '', '', '', '', '', '', NULL, '', '', 'amount', '0.00', 0, '', NULL, NULL, '1', '');
INSERT INTO `appointment_online` (`appoint_id`, `bill_id`, `bill_date`, `appoint_register_id`, `appoint_unicode`, `patient_name`, `gender`, `systolic`, `diastolic`, `temperature`, `glucose_level`, `age`, `mobile_number`, `patient_email`, `appoint_date`, `doctor_name`, `start_time`, `end_time`, `check_in`, `check_out`, `invoice_payment`, `doctor_fee`, `appoint_status`, `visitor_status`, `org_id`, `created_by`, `modified_by`, `create_date_time`, `amount_method`, `amount`, `bpSit_systolic`, `bpSit_diastolic`, `bpStand_systolic`, `bpStand_diastolic`, `weight`, `height`, `bmi`, `heart_rate`, `grbs`, `spO2`, `patient_overview`, `transaction_number`, `concession_name`, `concession_type`, `concession_value`, `final_amount`, `respiration_rate`, `valid_from`, `valid_to`, `appointment_status`, `patient_history`) VALUES
(160, 'BID000160', NULL, 'A202502010160', 'PAT0160', 'RAMA CHANDRA RAO', 'Male', '', '', '', '', 68, '0000000000', '', '2025-03-01', 1, '', '', NULL, NULL, '0', 0, '1', '1', 1, 0, 0, '2025-03-18 05:31:49', '', '', '', '', '', '', '', '', '', '', '', '', NULL, '', '', 'amount', '0.00', 0, '', NULL, NULL, '1', ''),
(161, 'BID000161', NULL, 'A202502010161', 'PAT0161', 'SHANUMUKA RAO', 'Male', '', '', '', '', 0, '0000000000', '', '2025-03-01', 1, '', '', NULL, NULL, '0', 0, '1', '1', 1, 0, 0, '2025-03-18 05:31:49', '', '', '', '', '', '', '', '', '', '', '', '', NULL, '', '', 'amount', '0.00', 0, '', NULL, NULL, '1', ''),
(162, 'BID000162', NULL, 'A202502010162', 'PAT0162', 'DHARMA RAO', 'Male', '', '', '', '', 54, '9440621626', '', '2025-03-01', 1, '', '', NULL, NULL, '0', 0, '1', '1', 1, 0, 0, '2025-03-18 05:31:49', '', '', '', '', '', '', '', '', '', '', '', '', NULL, '', '', 'amount', '0.00', 0, '', NULL, NULL, '1', ''),
(163, 'BID000163', NULL, 'A202502010163', 'PAT0163', 'M.BALA', 'Female', '', '', '', '', 41, '0000000000', '', '2025-03-01', 1, '', '', NULL, NULL, '0', 0, '1', '1', 1, 0, 0, '2025-03-18 05:31:49', '', '', '', '', '', '', '', '', '', '', '', '', NULL, '', '', 'amount', '0.00', 0, '', NULL, NULL, '1', ''),
(164, 'BID000164', NULL, 'A202502010164', 'PAT0164', 'B.SANTHAMMA', 'Female', '', '', '', '', 0, '9550055940', '', '2025-03-01', 1, '', '', NULL, NULL, '0', 0, '1', '1', 1, 0, 0, '2025-03-18 05:31:49', '', '', '', '', '', '', '', '', '', '', '', '', NULL, '', '', 'amount', '0.00', 0, '', NULL, NULL, '1', ''),
(165, 'BID000165', NULL, 'A202502010165', 'PAT0165', 'SRINIVAS', 'Male', '', '', '', '', 33, '9703027769', '', '2025-03-01', 1, '', '', NULL, NULL, '0', 0, '1', '1', 1, 0, 0, '2025-03-18 05:31:49', '', '', '', '', '', '', '', '', '', '', '', '', NULL, '', '', 'amount', '0.00', 0, '', NULL, NULL, '1', ''),
(166, 'BID000166', NULL, 'A202502010166', 'PAT0166', 'RAVI CHANDRA', 'Male', '', '', '', '', 35, '0000000000', '', '2025-03-01', 1, '', '', NULL, NULL, '0', 0, '1', '1', 1, 0, 0, '2025-03-18 05:31:49', '', '', '', '', '', '', '', '', '', '', '', '', NULL, '', '', 'amount', '0.00', 0, '', NULL, NULL, '1', ''),
(167, 'BID000167', NULL, 'A202502010167', 'PAT0167', 'B.VENKATA RAO', 'Male', '', '', '', '', 79, '7382692479', '', '2025-03-01', 1, '', '', NULL, NULL, '0', 0, '1', '1', 1, 0, 0, '2025-03-18 05:31:49', '', '', '', '', '', '', '', '', '', '', '', '', NULL, '', '', 'amount', '0.00', 0, '', NULL, NULL, '1', ''),
(168, 'BID000168', NULL, 'A202502010168', 'PAT0168', 'K. KANTHAMMA', 'Female', '', '', '', '', 70, '9951990972', '', '2025-03-01', 1, '', '', NULL, NULL, '0', 0, '1', '1', 1, 0, 0, '2025-03-18 05:31:49', '', '', '', '', '', '', '', '', '', '', '', '', NULL, '', '', 'amount', '0.00', 0, '', NULL, NULL, '1', ''),
(169, 'BID000169', NULL, 'A202502010169', 'PAT0169', 'BHEEMA RAJU', 'Male', '', '', '', '', 74, '9492248402', '', '2025-03-01', 1, '', '', NULL, NULL, '0', 0, '1', '1', 1, 0, 0, '2025-03-18 05:31:49', '', '', '', '', '', '', '', '', '', '', '', '', NULL, '', '', 'amount', '0.00', 0, '', NULL, NULL, '1', ''),
(170, 'BID000170', NULL, 'A202502010170', 'PAT0170', 'SEETHARATNAM', 'Female', '', '', '', '', 83, '7871171630', '', '2025-03-01', 1, '', '', NULL, NULL, '0', 0, '1', '1', 1, 0, 0, '2025-03-18 05:31:49', '', '', '', '', '', '', '', '', '', '', '', '', NULL, '', '', 'amount', '0.00', 0, '', NULL, NULL, '1', ''),
(171, 'BID000171', NULL, 'A202502010171', 'PAT0171', 'MASENU', 'Male', '', '', '', '', 54, '8143730371', '', '2025-03-01', 1, '', '', NULL, NULL, '0', 0, '1', '1', 1, 0, 0, '2025-03-18 05:31:49', '', '', '', '', '', '', '', '', '', '', '', '', NULL, '', '', 'amount', '0.00', 0, '', NULL, NULL, '1', ''),
(172, 'BID000172', NULL, 'A202502010172', 'PAT0172', 'SIMHACHALAM', 'Female', '', '', '', '', 45, '8143730371', '', '2025-03-01', 1, '', '', NULL, NULL, '0', 0, '1', '1', 1, 0, 0, '2025-03-18 05:31:49', '', '', '', '', '', '', '', '', '', '', '', '', NULL, '', '', 'amount', '0.00', 0, '', NULL, NULL, '1', ''),
(173, 'BID000173', NULL, 'A202502010173', 'PAT0173', 'PAVANI', 'Female', '', '', '', '', 31, '7569901379', '', '2025-03-01', 1, '', '', NULL, NULL, '0', 0, '1', '1', 1, 0, 0, '2025-04-23 12:33:38', '', '', '', '', '', '', '', '', '', '', '', '', '', '', '', 'amount', '0.00', 0, '', NULL, NULL, '1', ''),
(174, 'BID000174', NULL, 'A202502010174', 'PAT0174', 'MADHURI PRIYA', 'Female', '', '', '', '', 24, '9032281928', '', '2025-03-01', 1, '', '', NULL, NULL, '0', 0, '1', '1', 1, 0, 0, '2025-03-18 05:31:49', '', '', '', '', '', '', '', '', '', '', '', '', NULL, '', '', 'amount', '0.00', 0, '', NULL, NULL, '1', ''),
(175, 'BID000175', NULL, 'A202502010175', 'PAT0175', 'SUNDARI', 'Female', '', '', '', '', 84, '0000000000', '', '2025-03-01', 1, '', '', NULL, NULL, '0', 0, '1', '1', 1, 0, 0, '2025-03-18 05:31:49', '', '', '', '', '', '', '', '', '', '', '', '', NULL, '', '', 'amount', '0.00', 0, '', NULL, NULL, '1', ''),
(176, 'BID000176', NULL, 'A202502010176', 'PAT0176', 'JOGA RAO', 'Female', '', '', '', '', 63, '9393282896', '', '2025-03-01', 1, '', '', NULL, NULL, '0', 0, '1', '1', 1, 0, 0, '2025-03-18 05:31:49', '', '', '', '', '', '', '', '', '', '', '', '', NULL, '', '', 'amount', '0.00', 0, '', NULL, NULL, '1', ''),
(177, 'BID000177', NULL, 'A202502010177', 'PAT0177', 'ALISHA', 'Female', '', '', '', '', 23, '0000000000', '', '2025-03-01', 1, '', '', NULL, NULL, '0', 0, '1', '1', 1, 0, 0, '2025-03-18 05:31:49', '', '', '', '', '', '', '', '', '', '', '', '', NULL, '', '', 'amount', '0.00', 0, '', NULL, NULL, '1', ''),
(178, 'BID000178', NULL, 'A202502010178', 'PAT0178', 'RAMANI', 'Female', '', '', '', '', 57, '0000000000', '', '2025-03-01', 1, '', '', NULL, NULL, '0', 0, '1', '1', 1, 0, 0, '2025-03-18 05:31:49', '', '', '', '', '', '', '', '', '', '', '', '', NULL, '', '', 'amount', '0.00', 0, '', NULL, NULL, '1', ''),
(179, 'BID000179', NULL, 'A202502010179', 'PAT0179', 'D.RAMA RAO', 'Male', '', '', '', '', 69, '9437215487', '', '2025-03-01', 1, '', '', NULL, NULL, '0', 0, '1', '1', 1, 0, 0, '2025-03-18 05:31:49', '', '', '', '', '', '', '', '', '', '', '', '', NULL, '', '', 'amount', '0.00', 0, '', NULL, NULL, '1', ''),
(180, 'BID000180', NULL, 'A202502010180', 'PAT0180', 'G.RAMA RAO', 'Male', '', '', '', '', 49, '9290144782', '', '2025-03-01', 1, '', '', NULL, NULL, '0', 0, '1', '1', 1, 0, 0, '2025-03-18 05:31:49', '', '', '', '', '', '', '', '', '', '', '', '', NULL, '', '', 'amount', '0.00', 0, '', NULL, NULL, '1', ''),
(181, 'BID000181', NULL, 'A202502010181', 'PAT0181', 'TRIPATY SAPAN', 'Female', '', '', '', '', 37, '898592247', '', '2025-03-01', 1, '', '', NULL, NULL, '0', 0, '1', '1', 1, 0, 0, '2025-03-18 05:31:49', '', '', '', '', '', '', '', '', '', '', '', '', NULL, '', '', 'amount', '0.00', 0, '', NULL, NULL, '1', ''),
(182, 'BID000182', NULL, 'A202502010182', 'PAT0182', 'BHEEMA RAJU', 'Male', '', '', '', '', 0, '0000000000', '', '2025-03-01', 1, '', '', NULL, NULL, '0', 0, '1', '1', 1, 0, 0, '2025-03-18 05:31:49', '', '', '', '', '', '', '', '', '', '', '', '', NULL, '', '', 'amount', '0.00', 0, '', NULL, NULL, '1', ''),
(183, 'BID000183', NULL, 'A202502010183', 'PAT0183', 'ABHILASH', 'Male', '', '', '', '', 32, '9337667307', '', '2025-03-01', 1, '', '', NULL, NULL, '0', 0, '1', '1', 1, 0, 0, '2025-03-18 05:31:49', '', '', '', '', '', '', '', '', '', '', '', '', NULL, '', '', 'amount', '0.00', 0, '', NULL, NULL, '1', ''),
(184, 'BID000184', NULL, 'A202502010184', 'PAT0184', 'K VARALAKSHMI', 'Female', '', '', '', '', 51, '9951990972', '', '2025-03-01', 1, '', '', NULL, NULL, '0', 0, '1', '1', 1, 0, 0, '2025-03-18 05:31:49', '', '', '', '', '', '', '', '', '', '', '', '', NULL, '', '', 'amount', '0.00', 0, '', NULL, NULL, '1', ''),
(185, 'BID000185', NULL, 'A202502010185', 'PAT0185', 'ISSAC', 'Male', '', '', '', '', 72, '9440191004', '', '2025-03-01', 1, '', '', NULL, NULL, '0', 0, '1', '1', 1, 0, 0, '2025-03-18 05:31:49', '', '', '', '', '', '', '', '', '', '', '', '', NULL, '', '', 'amount', '0.00', 0, '', NULL, NULL, '1', ''),
(186, 'BID000186', NULL, 'A202502010186', 'PAT0186', 'M.ADVITH', 'Male', '', '', '', '', 5, '9133566044', '', '2025-03-01', 1, '', '', NULL, NULL, '0', 0, '1', '1', 1, 0, 0, '2025-03-18 05:31:49', '', '', '', '', '', '', '', '', '', '', '', '', NULL, '', '', 'amount', '0.00', 0, '', NULL, NULL, '1', ''),
(187, 'BID000187', NULL, 'A202502010187', 'PAT0187', 'P.NAGAMANI', 'Female', '', '', '', '', 68, '9866006247', '', '2025-03-01', 1, '', '', NULL, NULL, '0', 0, '1', '1', 1, 0, 0, '2025-03-18 05:31:49', '', '', '', '', '', '', '', '', '', '', '', '', NULL, '', '', 'amount', '0.00', 0, '', NULL, NULL, '1', ''),
(188, 'BID000188', NULL, 'A202502010188', 'PAT0188', 'J.SHANTHI KUMARI', 'Female', '', '', '', '', 62, '9179359903', '', '2025-03-01', 1, '', '', NULL, NULL, '0', 0, '1', '1', 1, 0, 0, '2025-03-18 05:31:49', '', '', '', '', '', '', '', '', '', '', '', '', NULL, '', '', 'amount', '0.00', 0, '', NULL, NULL, '1', ''),
(189, 'BID000189', NULL, 'A202502010189', 'PAT0189', 'C.PARU', 'Female', '', '', '', '', 15, '9553860099', '', '2025-03-01', 1, '', '', NULL, NULL, '0', 0, '1', '1', 1, 0, 0, '2025-03-18 05:31:49', '', '', '', '', '', '', '', '', '', '', '', '', NULL, '', '', 'amount', '0.00', 0, '', NULL, NULL, '1', ''),
(190, 'BID000190', NULL, 'A202502010190', 'PAT0190', 'K.VIJAYA', 'Female', '', '', '', '', 58, '9440733837', '', '2025-03-01', 1, '', '', NULL, NULL, '0', 0, '1', '1', 1, 0, 0, '2025-03-18 05:31:49', '', '', '', '', '', '', '', '', '', '', '', '', NULL, '', '', 'amount', '0.00', 0, '', NULL, NULL, '1', ''),
(191, 'BID000191', NULL, 'A202502010191', 'PAT0191', 'G.TEJASWYANI', 'Female', '', '', '', '', 32, '6301003148', '', '2025-03-01', 1, '', '', NULL, NULL, '0', 0, '1', '1', 1, 0, 0, '2025-03-18 05:31:49', '', '', '', '', '', '', '', '', '', '', '', '', NULL, '', '', 'amount', '0.00', 0, '', NULL, NULL, '1', ''),
(192, 'BID000192', NULL, 'A202502010192', 'PAT0192', 'M.J.BHARATHI', 'Female', '', '', '', '', 67, '73372226306', '', '2025-03-01', 1, '', '', NULL, NULL, '0', 0, '1', '1', 1, 0, 0, '2025-03-18 05:31:49', '', '', '', '', '', '', '', '', '', '', '', '', NULL, '', '', 'amount', '0.00', 0, '', NULL, NULL, '1', ''),
(193, 'BID000193', NULL, 'A202502010193', 'PAT0193', 'VENKATA RAO', 'Male', '', '', '', '', 79, '7382692471', '', '2025-03-01', 1, '', '', NULL, NULL, '0', 0, '1', '1', 1, 0, 0, '2025-03-18 05:31:49', '', '', '', '', '', '', '', '', '', '', '', '', NULL, '', '', 'amount', '0.00', 0, '', NULL, NULL, '1', ''),
(194, 'BID000194', NULL, 'A202502010194', 'PAT0194', 'KASULAMMA', 'Female', '', '', '', '', 56, '0000000000', '', '2025-03-01', 1, '', '', NULL, NULL, '0', 0, '1', '1', 1, 0, 0, '2025-03-18 05:31:49', '', '', '', '', '', '', '', '', '', '', '', '', NULL, '', '', 'amount', '0.00', 0, '', NULL, NULL, '1', ''),
(195, 'BID000195', NULL, 'A202502010195', 'PAT0195', 'KAMESHWARI', 'Female', '', '', '', '', 48, '6304950742', '', '2025-03-01', 1, '', '', NULL, NULL, '0', 0, '1', '1', 1, 0, 0, '2025-03-18 05:31:49', '', '', '', '', '', '', '', '', '', '', '', '', NULL, '', '', 'amount', '0.00', 0, '', NULL, NULL, '1', ''),
(196, 'BID000196', NULL, 'A202502010196', 'PAT0196', 'MENAKAMBA', 'Female', '', '', '', '', 62, '9668279218', '', '2025-03-01', 1, '', '', NULL, NULL, '0', 0, '1', '1', 1, 0, 0, '2025-03-18 05:31:49', '', '', '', '', '', '', '', '', '', '', '', '', NULL, '', '', 'amount', '0.00', 0, '', NULL, NULL, '1', ''),
(197, 'BID000197', NULL, 'A202502010197', 'PAT0197', 'RAMESH', 'Male', '', '', '', '', 32, '7207811796', '', '2025-03-01', 1, '', '', NULL, NULL, '0', 0, '1', '1', 1, 0, 0, '2025-03-18 05:31:49', '', '', '', '', '', '', '', '', '', '', '', '', NULL, '', '', 'amount', '0.00', 0, '', NULL, NULL, '1', ''),
(198, 'BID000198', NULL, 'A202502010198', 'PAT0198', 'BHEEMA RAJU', 'Male', '', '', '', '', 74, '0000000000', '', '2025-03-01', 1, '', '', NULL, NULL, '0', 0, '1', '1', 1, 0, 0, '2025-03-18 05:31:49', '', '', '', '', '', '', '', '', '', '', '', '', NULL, '', '', 'amount', '0.00', 0, '', NULL, NULL, '1', ''),
(199, 'BID000199', NULL, 'A202502010199', 'PAT0199', 'LAKSHMI NARASAMMA', 'Female', '', '', '', '', 60, '0000000000', '', '2025-03-01', 1, '', '', NULL, NULL, '0', 0, '1', '1', 1, 0, 0, '2025-03-18 05:31:49', '', '', '', '', '', '', '', '', '', '', '', '', NULL, '', '', 'amount', '0.00', 0, '', NULL, NULL, '1', ''),
(200, 'BID000200', NULL, 'A202502010200', 'PAT0200', 'PHANINDRA', 'Male', '', '', '', '', 30, '8008481254', '', '2025-03-01', 1, '', '', NULL, NULL, '0', 0, '1', '1', 1, 0, 0, '2025-03-18 05:31:49', '', '', '', '', '', '', '', '', '', '', '', '', NULL, '', '', 'amount', '0.00', 0, '', NULL, NULL, '1', ''),
(201, 'BID000201', NULL, 'A202502010201', 'PAT0201', 'SRI KRISHNA RAJ', 'Male', '', '', '', '', 46, '8658216002', '', '2025-03-01', 1, '', '', NULL, NULL, '0', 0, '1', '1', 1, 0, 0, '2025-03-18 05:31:49', '', '', '', '', '', '', '', '', '', '', '', '', NULL, '', '', 'amount', '0.00', 0, '', NULL, NULL, '1', ''),
(202, 'BID000202', NULL, 'A202502010202', 'PAT0202', 'CHANDANA ROY', 'Female', '', '', '', '', 38, '8658216002', '', '2025-03-01', 1, '', '', NULL, NULL, '0', 0, '1', '1', 1, 0, 0, '2025-03-18 05:31:49', '', '', '', '', '', '', '', '', '', '', '', '', NULL, '', '', 'amount', '0.00', 0, '', NULL, NULL, '1', ''),
(203, 'BID000203', NULL, 'A202502010203', 'PAT0203', 'PYDITHALLAMMA', 'Female', '', '', '', '', 60, '0000000000', '', '2025-03-01', 1, '', '', NULL, NULL, '0', 0, '1', '1', 1, 0, 0, '2025-03-18 05:31:49', '', '', '', '', '', '', '', '', '', '', '', '', NULL, '', '', 'amount', '0.00', 0, '', NULL, NULL, '1', ''),
(204, 'BID000204', NULL, 'A202502010204', 'PAT0204', 'KAMALAMMA', 'Female', '', '', '', '', 73, '9393926291', '', '2025-03-01', 1, '', '', NULL, NULL, '0', 0, '1', '1', 1, 0, 0, '2025-03-18 05:31:49', '', '', '', '', '', '', '', '', '', '', '', '', NULL, '', '', 'amount', '0.00', 0, '', NULL, NULL, '1', ''),
(205, 'BID000205', NULL, 'A202502010205', 'PAT0205', 'INDIRA RANI', 'Female', '', '', '', '', 54, '0000000000', '', '2025-03-01', 1, '', '', NULL, NULL, '0', 0, '1', '1', 1, 0, 0, '2025-03-18 05:31:49', '', '', '', '', '', '', '', '', '', '', '', '', NULL, '', '', 'amount', '0.00', 0, '', NULL, NULL, '1', ''),
(206, 'BID000206', NULL, 'A202502010206', 'PAT0206', 'MAHESHWARI', 'Female', '', '', '', '', 64, '9705311995', '', '2025-03-01', 1, '', '', NULL, NULL, '0', 0, '1', '1', 1, 0, 0, '2025-03-18 05:31:49', '', '', '', '', '', '', '', '', '', '', '', '', NULL, '', '', 'amount', '0.00', 0, '', NULL, NULL, '1', ''),
(207, 'BID000207', NULL, 'A202502010207', 'PAT0207', 'RADHA KRISHNA', 'Male', '', '', '', '', 61, '9849490321', '', '2025-03-01', 1, '', '', NULL, NULL, '0', 0, '1', '1', 1, 0, 0, '2025-03-18 05:31:49', '', '', '', '', '', '', '', '', '', '', '', '', NULL, '', '', 'amount', '0.00', 0, '', NULL, NULL, '1', ''),
(208, 'BID000208', NULL, 'A202502010208', 'PAT0208', 'LAKSHMI', 'Female', '', '', '', '', 70, '9966049729', '', '2025-03-01', 1, '', '', NULL, NULL, '0', 0, '1', '1', 1, 0, 0, '2025-03-18 05:31:49', '', '', '', '', '', '', '', '', '', '', '', '', NULL, '', '', 'amount', '0.00', 0, '', NULL, NULL, '1', ''),
(209, 'BID000209', NULL, 'A202502010209', 'PAT0209', 'K.SARWESHWARA RAO', 'Male', '', '', '', '', 47, '9704263217', '', '2025-03-01', 1, '', '', NULL, NULL, '0', 0, '1', '1', 1, 0, 0, '2025-03-18 05:31:49', '', '', '', '', '', '', '', '', '', '', '', '', NULL, '', '', 'amount', '0.00', 0, '', NULL, NULL, '1', ''),
(210, 'BID000210', NULL, 'A202502010210', 'PAT0210', 'MADHURI SRIYAN', 'Female', '', '', '', '', 24, '0000000000', '', '2025-03-01', 1, '', '', NULL, NULL, '0', 0, '1', '1', 1, 0, 0, '2025-03-18 05:31:49', '', '', '', '', '', '', '', '', '', '', '', '', NULL, '', '', 'amount', '0.00', 0, '', NULL, NULL, '1', ''),
(211, 'BID000211', NULL, 'A202502010211', 'PAT0211', 'S.SATYAVATHI', 'Female', '', '', '', '', 34, '9290803240', '', '2025-03-01', 1, '', '', NULL, NULL, '0', 0, '1', '1', 1, 0, 0, '2025-03-18 05:31:49', '', '', '', '', '', '', '', '', '', '', '', '', NULL, '', '', 'amount', '0.00', 0, '', NULL, NULL, '1', ''),
(212, 'BID000212', NULL, 'A202502010212', 'PAT0212', 'MAHALAKSHMI', 'Female', '', '', '', '', 50, '9985446565', '', '2025-03-01', 1, '', '', NULL, NULL, '0', 0, '1', '1', 1, 0, 0, '2025-03-18 05:31:49', '', '', '', '', '', '', '', '', '', '', '', '', NULL, '', '', 'amount', '0.00', 0, '', NULL, NULL, '1', ''),
(213, 'BID000213', NULL, 'A202502010213', 'PAT0213', 'SATYANARAYANA', 'Male', '', '', '', '', 54, '9985446565', '', '2025-03-01', 1, '', '', NULL, NULL, '0', 0, '1', '1', 1, 0, 0, '2025-03-18 05:31:49', '', '', '', '', '', '', '', '', '', '', '', '', NULL, '', '', 'amount', '0.00', 0, '', NULL, NULL, '1', ''),
(214, 'BID000214', NULL, 'A202502010214', 'PAT0214', 'N SURYA KANTHAM', 'Female', '', '', '', '', 65, '9059518051', '', '2025-03-01', 1, '', '', NULL, NULL, '0', 0, '1', '1', 1, 0, 0, '2025-03-18 05:31:49', '', '', '', '', '', '', '', '', '', '', '', '', NULL, '', '', 'amount', '0.00', 0, '', NULL, NULL, '1', ''),
(215, 'BID000215', NULL, 'A202502010215', 'PAT0215', 'KN LAXMI', 'Female', '', '', '', '', 74, '0000000000', '', '2025-03-01', 1, '', '', NULL, NULL, '0', 0, '1', '1', 1, 0, 0, '2025-03-18 05:31:49', '', '', '', '', '', '', '', '', '', '', '', '', NULL, '', '', 'amount', '0.00', 0, '', NULL, NULL, '1', ''),
(216, 'BID000216', NULL, 'A202502010216', 'PAT0216', 'PARAMESWARA RAO', 'Male', '', '', '', '', 59, '8121662665', '', '2025-03-01', 1, '', '', NULL, NULL, '0', 0, '1', '1', 1, 0, 0, '2025-03-18 05:31:49', '', '', '', '', '', '', '', '', '', '', '', '', NULL, '', '', 'amount', '0.00', 0, '', NULL, NULL, '1', ''),
(217, 'BID000217', NULL, 'A202502010217', 'PAT0217', 'A RAJESWARI', 'Female', '', '', '', '', 68, '7416763569', '', '2025-03-01', 1, '', '', NULL, NULL, '0', 0, '1', '1', 1, 0, 0, '2025-03-18 05:31:49', '', '', '', '', '', '', '', '', '', '', '', '', NULL, '', '', 'amount', '0.00', 0, '', NULL, NULL, '1', ''),
(218, 'BID000218', NULL, 'A202502010218', 'PAT0218', 'MAHA LAXMI', 'Female', '', '', '', '', 50, '0000000000', '', '2025-03-01', 1, '', '', NULL, NULL, '0', 0, '1', '1', 1, 0, 0, '2025-03-18 05:31:49', '', '', '', '', '', '', '', '', '', '', '', '', NULL, '', '', 'amount', '0.00', 0, '', NULL, NULL, '1', ''),
(219, 'BID000219', NULL, 'A202502010219', 'PAT0219', 'SATYA NARAYANA', 'Male', '', '', '', '', 54, '0000000000', '', '2025-03-01', 1, '', '', NULL, NULL, '0', 0, '1', '1', 1, 0, 0, '2025-03-18 05:31:49', '', '', '', '', '', '', '', '', '', '', '', '', NULL, '', '', 'amount', '0.00', 0, '', NULL, NULL, '1', ''),
(220, 'BID000220', NULL, 'A202502010220', 'PAT0220', 'S SATYAVATHI', 'Female', '', '', '', '', 34, '0000000000', '', '2025-03-01', 1, '', '', NULL, NULL, '0', 0, '1', '1', 1, 0, 0, '2025-03-18 05:31:49', '', '', '', '', '', '', '', '', '', '', '', '', NULL, '', '', 'amount', '0.00', 0, '', NULL, NULL, '1', ''),
(221, 'BID000221', NULL, 'A202502010221', 'PAT0221', 'SARWESARA RAO', 'Male', '', '', '', '', 47, '0000000000', '', '2025-03-01', 1, '', '', NULL, NULL, '0', 0, '1', '1', 1, 0, 0, '2025-03-18 05:31:49', '', '', '', '', '', '', '', '', '', '', '', '', NULL, '', '', 'amount', '0.00', 0, '', NULL, NULL, '1', ''),
(222, 'BID000222', NULL, 'A202502010222', 'PAT0222', 'JAADESWARI', 'Female', '', '', '', '', 43, '0000000000', '', '2025-03-01', 1, '', '', NULL, NULL, '0', 0, '1', '1', 1, 0, 0, '2025-03-18 05:31:49', '', '', '', '', '', '', '', '', '', '', '', '', NULL, '', '', 'amount', '0.00', 0, '', NULL, NULL, '1', ''),
(223, 'BID000223', NULL, 'A202502010223', 'PAT0223', 'PARVATHI', 'Female', '', '', '', '', 68, '8142629266', '', '2025-03-01', 1, '', '', NULL, NULL, '0', 0, '1', '1', 1, 0, 0, '2025-03-18 05:31:49', '', '', '', '', '', '', '', '', '', '', '', '', NULL, '', '', 'amount', '0.00', 0, '', NULL, NULL, '1', ''),
(224, 'BID000224', NULL, 'A202502010224', 'PAT0224', 'NARAYANA YOGI', 'Female', '', '', '', '', 24, '0000000000', '', '2025-03-01', 1, '', '', NULL, NULL, '0', 0, '1', '1', 1, 0, 0, '2025-03-18 05:31:49', '', '', '', '', '', '', '', '', '', '', '', '', NULL, '', '', 'amount', '0.00', 0, '', NULL, NULL, '1', ''),
(225, 'BID000225', NULL, 'A202502010225', 'PAT0225', 'SUNDARI', 'Female', '', '', '', '', 84, '0000000000', '', '2025-03-01', 1, '', '', NULL, NULL, '0', 0, '1', '1', 1, 0, 0, '2025-03-18 05:31:49', '', '', '', '', '', '', '', '', '', '', '', '', NULL, '', '', 'amount', '0.00', 0, '', NULL, NULL, '1', ''),
(226, 'BID000226', NULL, 'A202502010226', 'PAT0226', 'SYAM SUNDARI', 'Female', '', '', '', '', 74, '9313881618', '', '2025-03-01', 1, '', '', NULL, NULL, '0', 0, '1', '1', 1, 0, 0, '2025-03-18 05:31:49', '', '', '', '', '', '', '', '', '', '', '', '', NULL, '', '', 'amount', '0.00', 0, '', NULL, NULL, '1', ''),
(227, 'BID000227', NULL, 'A202502010227', 'PAT0227', 'I KISHORE', 'Male', '', '', '', '', 48, '9440543999', '', '2025-03-01', 1, '', '', NULL, NULL, '0', 0, '1', '1', 1, 0, 0, '2025-03-18 05:31:49', '', '', '', '', '', '', '', '', '', '', '', '', NULL, '', '', 'amount', '0.00', 0, '', NULL, NULL, '1', ''),
(228, 'BID000228', NULL, 'A202502010228', 'PAT0228', 'M BHANUMATHI', 'Female', '', '', '', '', 75, '9000666920', '', '2025-03-01', 1, '', '', NULL, NULL, '0', 0, '1', '1', 1, 0, 0, '2025-03-18 05:31:49', '', '', '', '', '', '', '', '', '', '', '', '', NULL, '', '', 'amount', '0.00', 0, '', NULL, NULL, '1', ''),
(229, 'BID000229', NULL, 'A202502010229', 'PAT0229', 'CH ANANDHRAO', 'Male', '', '', '', '', 46, '9866291268', '', '2025-03-01', 1, '', '', NULL, NULL, '0', 0, '1', '1', 1, 0, 0, '2025-03-18 05:31:49', '', '', '', '', '', '', '', '', '', '', '', '', NULL, '', '', 'amount', '0.00', 0, '', NULL, NULL, '1', ''),
(230, 'BID000230', NULL, 'A202502010230', 'PAT0230', 'MALLESH', 'Male', '', '', '', '', 56, '9052890992', '', '2025-03-01', 1, '', '', NULL, NULL, '0', 0, '1', '1', 1, 0, 0, '2025-03-18 05:31:49', '', '', '', '', '', '', '', '', '', '', '', '', NULL, '', '', 'amount', '0.00', 0, '', NULL, NULL, '1', ''),
(231, 'BID000231', NULL, 'A202502010231', 'PAT0231', 'KRISHNA MURTHY', 'Male', '', '', '', '', 85, '7032717001', '', '2025-03-01', 1, '', '', NULL, NULL, '0', 0, '1', '1', 1, 0, 0, '2025-03-18 05:31:49', '', '', '', '', '', '', '', '', '', '', '', '', NULL, '', '', 'amount', '0.00', 0, '', NULL, NULL, '1', ''),
(232, 'BID000232', NULL, 'A202502010232', 'PAT0232', 'VVS RAMADEVI', 'Female', '', '', '', '', 62, '8885515366', '', '2025-03-01', 1, '', '', NULL, NULL, '0', 0, '1', '1', 1, 0, 0, '2025-03-18 05:31:49', '', '', '', '', '', '', '', '', '', '', '', '', NULL, '', '', 'amount', '0.00', 0, '', NULL, NULL, '1', ''),
(233, 'BID000233', NULL, 'A202502010233', 'PAT0233', 'V VEERABADRA RAO', 'Male', '', '', '', '', 42, '9396688355', '', '2025-03-01', 1, '', '', NULL, NULL, '0', 0, '1', '1', 1, 0, 0, '2025-03-18 05:31:49', '', '', '', '', '', '', '', '', '', '', '', '', NULL, '', '', 'amount', '0.00', 0, '', NULL, NULL, '1', ''),
(234, 'BID000234', NULL, 'A202502010234', 'PAT0234', 'SUNDARI', 'Female', '', '', '', '', 84, '0000000000', '', '2025-03-01', 1, '', '', NULL, NULL, '0', 0, '1', '1', 1, 0, 0, '2025-03-18 05:31:49', '', '', '', '', '', '', '', '', '', '', '', '', NULL, '', '', 'amount', '0.00', 0, '', NULL, NULL, '1', ''),
(235, 'BID000235', NULL, 'A202502010235', 'PAT0235', 'BARADHWAJJI', 'Male', '', '', '', '', 51, '0000000000', '', '2025-03-01', 1, '', '', NULL, NULL, '0', 0, '1', '1', 1, 0, 0, '2025-03-18 05:31:49', '', '', '', '', '', '', '', '', '', '', '', '', NULL, '', '', 'amount', '0.00', 0, '', NULL, NULL, '1', ''),
(236, 'BID000236', NULL, 'A202502010236', 'PAT0236', 'KRISHNA RAO', 'Male', '', '', '', '', 59, '8885869805', '', '2025-03-01', 1, '', '', NULL, NULL, '0', 0, '1', '1', 1, 0, 0, '2025-03-18 05:31:49', '', '', '', '', '', '', '', '', '', '', '', '', NULL, '', '', 'amount', '0.00', 0, '', NULL, NULL, '1', ''),
(237, 'BID000237', NULL, 'A202502010237', 'PAT0237', 'MALLESH', 'Male', '', '', '', '', 56, '0000000000', '', '2025-03-01', 1, '', '', NULL, NULL, '0', 0, '1', '1', 1, 0, 0, '2025-03-18 05:31:49', '', '', '', '', '', '', '', '', '', '', '', '', NULL, '', '', 'amount', '0.00', 0, '', NULL, NULL, '1', ''),
(238, 'BID000238', NULL, 'A202502010238', 'PAT0238', 'SADAN NAYAK', 'Male', '', '', '', '', 54, '8249758561', '', '2025-03-01', 1, '', '', NULL, NULL, '0', 0, '1', '1', 1, 0, 0, '2025-03-18 05:31:49', '', '', '', '', '', '', '', '', '', '', '', '', NULL, '', '', 'amount', '0.00', 0, '', NULL, NULL, '1', ''),
(239, 'BID000239', NULL, 'A202502010239', 'PAT0239', 'T APPAJI', 'Male', '', '', '', '', 0, '0000000000', '', '2025-03-01', 1, '', '', NULL, NULL, '0', 0, '1', '1', 1, 0, 0, '2025-03-18 05:31:49', '', '', '', '', '', '', '', '', '', '', '', '', NULL, '', '', 'amount', '0.00', 0, '', NULL, NULL, '1', ''),
(240, 'BID000240', NULL, 'A202502010240', 'PAT0240', 'SATYANARAYANA RAJU', 'Male', '', '', '', '', 63, '0000000000', '', '2025-03-01', 1, '', '', NULL, NULL, '0', 0, '1', '1', 1, 0, 0, '2025-03-18 05:31:49', '', '', '', '', '', '', '', '', '', '', '', '', NULL, '', '', 'amount', '0.00', 0, '', NULL, NULL, '1', ''),
(241, 'BID000241', NULL, 'A202502010241', 'PAT0241', 'M BALA', '', '', '', '', '', 57, '0000000000', '', '2025-03-01', 1, '', '', NULL, NULL, '0', 0, '1', '1', 1, 0, 0, '2025-03-18 05:31:49', '', '', '', '', '', '', '', '', '', '', '', '', NULL, '', '', 'amount', '0.00', 0, '', NULL, NULL, '1', ''),
(242, 'BID000242', NULL, 'A202502010242', 'PAT0242', 'SANDEEP', '', '', '', '', '', 36, '0000000000', '', '2025-03-01', 1, '', '', NULL, NULL, '0', 0, '1', '1', 1, 0, 0, '2025-03-18 05:31:49', '', '', '', '', '', '', '', '', '', '', '', '', NULL, '', '', 'amount', '0.00', 0, '', NULL, NULL, '1', ''),
(243, 'BID000243', NULL, 'A202502010243', 'PAT0243', 'CHABDRA SHEKAR', '', '', '', '', '', 546, '0000000000', '', '2025-03-01', 1, '', '', NULL, NULL, '0', 0, '1', '1', 1, 0, 0, '2025-03-18 05:31:49', '', '', '', '', '', '', '', '', '', '', '', '', NULL, '', '', 'amount', '0.00', 0, '', NULL, NULL, '1', ''),
(244, 'BID000244', NULL, 'A202502010244', 'PAT0244', 'PRAVEEN', '', '', '', '', '', 35, '9966436165', '', '2025-03-01', 1, '', '', NULL, NULL, '0', 0, '1', '1', 1, 0, 0, '2025-03-18 05:31:49', '', '', '', '', '', '', '', '', '', '', '', '', NULL, '', '', 'amount', '0.00', 0, '', NULL, NULL, '1', ''),
(245, 'BID000245', NULL, 'A202502010245', 'PAT0245', 'M PANENDRA', '', '', '', '', '', 0, '0000000000', '', '2025-03-01', 1, '', '', NULL, NULL, '0', 0, '1', '1', 1, 0, 0, '2025-03-18 05:31:49', '', '', '', '', '', '', '', '', '', '', '', '', NULL, '', '', 'amount', '0.00', 0, '', NULL, NULL, '1', ''),
(246, 'BID000246', NULL, 'A202502010246', 'PAT0246', 'SHIVA RAMA KRISHNA', '', '', '', '', '', 62, '0000000000', '', '2025-03-01', 1, '', '', NULL, NULL, '0', 0, '1', '1', 1, 0, 0, '2025-03-18 05:31:49', '', '', '', '', '', '', '', '', '', '', '', '', NULL, '', '', 'amount', '0.00', 0, '', NULL, NULL, '1', ''),
(247, 'BID000247', NULL, 'A202502010247', 'PAT0247', 'PAPA RAO', '', '', '', '', '', 76, '0000000000', '', '2025-03-01', 1, '', '', NULL, NULL, '0', 0, '1', '1', 1, 0, 0, '2025-03-18 05:31:49', '', '', '', '', '', '', '', '', '', '', '', '', NULL, '', '', 'amount', '0.00', 0, '', NULL, NULL, '1', ''),
(248, 'BID000248', NULL, 'A202502010248', 'PAT0248', 'JVL NARASIMHA RAO', '', '', '', '', '', 55, '0000000000', '', '2025-03-01', 1, '', '', NULL, NULL, '0', 0, '1', '1', 1, 0, 0, '2025-03-18 05:31:49', '', '', '', '', '', '', '', '', '', '', '', '', NULL, '', '', 'amount', '0.00', 0, '', NULL, NULL, '1', ''),
(249, 'BID000249', NULL, 'A202502010249', 'PAT0249', 'T SAIDAIAH', '', '', '', '', '', 76, '9848722288', '', '2025-03-01', 1, '', '', NULL, NULL, '0', 0, '1', '1', 1, 0, 0, '2025-03-18 05:31:49', '', '', '', '', '', '', '', '', '', '', '', '', NULL, '', '', 'amount', '0.00', 0, '', NULL, NULL, '1', ''),
(250, 'BID000250', NULL, 'A202502010250', 'PAT0250', 'M SUNDARI', '', '', '', '', '', 84, '0000000000', '', '2025-03-01', 1, '', '', NULL, NULL, '0', 0, '1', '1', 1, 0, 0, '2025-03-18 05:31:49', '', '', '', '', '', '', '', '', '', '', '', '', NULL, '', '', 'amount', '0.00', 0, '', NULL, NULL, '1', ''),
(251, 'BID000251', NULL, 'A202502010251', 'PAT0251', 'R JOGA RAO', '', '', '', '', '', 68, '9393282898', '', '2025-03-01', 1, '', '', NULL, NULL, '0', 0, '1', '1', 1, 0, 0, '2025-03-18 05:31:49', '', '', '', '', '', '', '', '', '', '', '', '', NULL, '', '', 'amount', '0.00', 0, '', NULL, NULL, '1', ''),
(252, 'BID000252', NULL, 'A202502010252', 'PAT0252', 'V KRISHNA RAO', '', '', '', '', '', 54, '9440764012', '', '2025-03-01', 1, '', '', NULL, NULL, '0', 0, '1', '1', 1, 0, 0, '2025-03-18 05:31:49', '', '', '', '', '', '', '', '', '', '', '', '', NULL, '', '', 'amount', '0.00', 0, '', NULL, NULL, '1', ''),
(253, 'BID000253', NULL, 'A202502010253', 'PAT0253', 'SIMHACHALAM', '', '', '', '', '', 49, '0000000000', '', '2025-03-01', 1, '', '', NULL, NULL, '0', 0, '1', '1', 1, 0, 0, '2025-03-18 05:31:49', '', '', '', '', '', '', '', '', '', '', '', '', NULL, '', '', 'amount', '0.00', 0, '', NULL, NULL, '1', ''),
(254, 'BID000254', NULL, 'A202502010254', 'PAT0254', 'ASHA LATHA', '', '', '', '', '', 55, '9494939000', '', '2025-03-01', 1, '', '', NULL, NULL, '0', 0, '1', '1', 1, 0, 0, '2025-03-18 05:31:49', '', '', '', '', '', '', '', '', '', '', '', '', NULL, '', '', 'amount', '0.00', 0, '', NULL, NULL, '1', ''),
(255, 'BID000255', NULL, 'A202502010255', 'PAT0255', 'BHARATHI', '', '', '', '', '', 70, '9701971743', '', '2025-03-01', 1, '', '', NULL, NULL, '0', 0, '1', '1', 1, 0, 0, '2025-03-18 05:31:49', '', '', '', '', '', '', '', '', '', '', '', '', NULL, '', '', 'amount', '0.00', 0, '', NULL, NULL, '1', ''),
(256, 'BID000256', NULL, 'A202502010256', 'PAT0256', 'VENKATA RAMANAMA', '', '', '', '', '', 54, '7674047868', '', '2025-03-01', 1, '', '', NULL, NULL, '0', 0, '1', '1', 1, 0, 0, '2025-03-18 05:31:49', '', '', '', '', '', '', '', '', '', '', '', '', NULL, '', '', 'amount', '0.00', 0, '', NULL, NULL, '1', ''),
(257, 'BID000257', NULL, 'A202502010257', 'PAT0257', 'MALLESH', '', '', '', '', '', 56, '0000000000', '', '2025-03-01', 1, '', '', NULL, NULL, '0', 0, '1', '1', 1, 0, 0, '2025-03-18 05:31:49', '', '', '', '', '', '', '', '', '', '', '', '', NULL, '', '', 'amount', '0.00', 0, '', NULL, NULL, '1', ''),
(258, 'BID000258', NULL, 'A202502010258', 'PAT0258', 'T APPAJI', '', '', '', '', '', 65, '0000000000', '', '2025-03-01', 1, '', '', NULL, NULL, '0', 0, '1', '1', 1, 0, 0, '2025-03-18 05:31:49', '', '', '', '', '', '', '', '', '', '', '', '', NULL, '', '', 'amount', '0.00', 0, '', NULL, NULL, '1', ''),
(259, 'BID000259', NULL, 'A202502010259', 'PAT0259', 'PKV RAO', '', '', '', '', '', 65, '8978947444', '', '2025-03-01', 1, '', '', NULL, NULL, '0', 0, '1', '1', 1, 0, 0, '2025-03-18 05:31:49', '', '', '', '', '', '', '', '', '', '', '', '', NULL, '', '', 'amount', '0.00', 0, '', NULL, NULL, '1', ''),
(260, 'BID000260', NULL, 'A202502010260', 'PAT0260', 'GSRK GOVINDA', '', '', '', '', '', 53, '9440360378', '', '2025-03-01', 1, '', '', NULL, NULL, '0', 0, '1', '1', 1, 0, 0, '2025-03-18 05:31:49', '', '', '', '', '', '', '', '', '', '', '', '', NULL, '', '', 'amount', '0.00', 0, '', NULL, NULL, '1', ''),
(261, 'BID000261', NULL, 'A202502010261', 'PAT0261', 'PRABADH BAI', '', '', '', '', '', 40, '7305626206', '', '2025-03-01', 1, '', '', NULL, NULL, '0', 0, '1', '1', 1, 0, 0, '2025-03-18 05:31:49', '', '', '', '', '', '', '', '', '', '', '', '', NULL, '', '', 'amount', '0.00', 0, '', NULL, NULL, '1', ''),
(262, 'BID000262', NULL, 'A202502010262', 'PAT0262', 'MADHAS DAS', '', '', '', '', '', 46, '7682072241', '', '2025-03-01', 1, '', '', NULL, NULL, '0', 0, '1', '1', 1, 0, 0, '2025-03-18 05:31:49', '', '', '', '', '', '', '', '', '', '', '', '', NULL, '', '', 'amount', '0.00', 0, '', NULL, NULL, '1', ''),
(263, 'BID000263', NULL, 'A202502010263', 'PAT0263', 'T DHANUJAI RAO', '', '', '', '', '', 40, '8328438070', '', '2025-03-01', 1, '', '', NULL, NULL, '0', 0, '1', '1', 1, 0, 0, '2025-03-18 05:31:49', '', '', '', '', '', '', '', '', '', '', '', '', NULL, '', '', 'amount', '0.00', 0, '', NULL, NULL, '1', ''),
(264, 'BID000264', NULL, 'A202502010264', 'PAT0264', 'SANGITHA', '', '', '', '', '', 23, '9668458312', '', '2025-03-01', 1, '', '', NULL, NULL, '0', 0, '1', '1', 1, 0, 0, '2025-03-18 05:31:49', '', '', '', '', '', '', '', '', '', '', '', '', NULL, '', '', 'amount', '0.00', 0, '', NULL, NULL, '1', ''),
(265, 'BID000265', NULL, 'A202502010265', 'PAT0265', 'KOWSHALYA', '', '', '', '', '', 45, '9337667307', '', '2025-03-01', 1, '', '', NULL, NULL, '0', 0, '1', '1', 1, 0, 0, '2025-03-18 05:31:49', '', '', '', '', '', '', '', '', '', '', '', '', NULL, '', '', 'amount', '0.00', 0, '', NULL, NULL, '1', ''),
(266, 'BID000266', NULL, 'A202502010266', 'PAT0266', 'G.NARAYANA', '', '', '', '', '', 47, '0000000000', '', '2025-03-01', 1, '', '', NULL, NULL, '0', 0, '1', '1', 1, 0, 0, '2025-03-18 05:31:49', '', '', '', '', '', '', '', '', '', '', '', '', NULL, '', '', 'amount', '0.00', 0, '', NULL, NULL, '1', ''),
(267, 'BID000267', NULL, 'A202502010267', 'PAT0267', 'SHANUMUKA RAO', '', '', '', '', '', 53, '0000000000', '', '2025-03-01', 1, '', '', NULL, NULL, '0', 0, '1', '1', 1, 0, 0, '2025-03-18 05:31:49', '', '', '', '', '', '', '', '', '', '', '', '', NULL, '', '', 'amount', '0.00', 0, '', NULL, NULL, '1', ''),
(268, 'BID000268', NULL, 'A202502010268', 'PAT0268', 'V.DURGA', '', '', '', '', '', 68, '7673981888', '', '2025-03-01', 1, '', '', NULL, NULL, '0', 0, '1', '1', 1, 0, 0, '2025-03-18 05:31:49', '', '', '', '', '', '', '', '', '', '', '', '', NULL, '', '', 'amount', '0.00', 0, '', NULL, NULL, '1', ''),
(269, 'BID000269', NULL, 'A202502010269', 'PAT0269', 'ASHA LATHA', '', '', '', '', '', 58, '9494939000', '', '2025-03-01', 1, '', '', NULL, NULL, '0', 0, '1', '1', 1, 0, 0, '2025-03-18 05:31:49', '', '', '', '', '', '', '', '', '', '', '', '', NULL, '', '', 'amount', '0.00', 0, '', NULL, NULL, '1', ''),
(270, 'BID000270', NULL, 'A202502010270', 'PAT0270', 'SURYA KANTHAM', '', '', '', '', '', 65, '9059518051', '', '2025-03-01', 1, '', '', NULL, NULL, '0', 0, '1', '1', 1, 0, 0, '2025-03-18 05:31:49', '', '', '', '', '', '', '', '', '', '', '', '', NULL, '', '', 'amount', '0.00', 0, '', NULL, NULL, '1', ''),
(271, 'BID000271', NULL, 'A202502010271', 'PAT0271', 'SUNDARI PB', '', '', '', '', '', 84, '0000000000', '', '2025-03-01', 1, '', '', NULL, NULL, '0', 0, '1', '1', 1, 0, 0, '2025-03-18 05:31:49', '', '', '', '', '', '', '', '', '', '', '', '', NULL, '', '', 'amount', '0.00', 0, '', NULL, NULL, '1', ''),
(272, 'BID000272', NULL, 'A202502010272', 'PAT0272', 'K VIJAYA', '', '', '', '', '', 37, '9652666302', '', '2025-03-01', 1, '', '', NULL, NULL, '0', 0, '1', '1', 1, 0, 0, '2025-03-18 05:31:49', '', '', '', '', '', '', '', '', '', '', '', '', NULL, '', '', 'amount', '0.00', 0, '', NULL, NULL, '1', ''),
(273, 'BID000273', NULL, 'A202502010273', 'PAT0273', 'Y PRATHAP KUMAR', '', '', '', '', '', 44, '9949353919', '', '2025-03-01', 1, '', '', NULL, NULL, '0', 0, '1', '1', 1, 0, 0, '2025-03-18 05:31:49', '', '', '', '', '', '', '', '', '', '', '', '', NULL, '', '', 'amount', '0.00', 0, '', NULL, NULL, '1', ''),
(274, 'BID000274', NULL, 'A202502010274', 'PAT0274', 'RAMA CHANDRA RAJU', '', '', '', '', '', 63, '0000000000', '', '2025-03-01', 1, '', '', NULL, NULL, '0', 0, '1', '1', 1, 0, 0, '2025-03-18 05:31:49', '', '', '', '', '', '', '', '', '', '', '', '', NULL, '', '', 'amount', '0.00', 0, '', NULL, NULL, '1', ''),
(275, 'BID000275', NULL, 'A202502010275', 'PAT0275', 'PADMA', '', '', '', '', '', 47, '8327740784', '', '2025-03-01', 1, '', '', NULL, NULL, '0', 0, '1', '1', 1, 0, 0, '2025-03-18 05:31:49', '', '', '', '', '', '', '', '', '', '', '', '', NULL, '', '', 'amount', '0.00', 0, '', NULL, NULL, '1', ''),
(276, 'BID000276', NULL, 'A202502010276', 'PAT0276', 'CHANDRA KALA', '', '', '', '', '', 28, '9121425254', '', '2025-03-01', 1, '', '', NULL, NULL, '0', 0, '1', '1', 1, 0, 0, '2025-03-18 05:31:49', '', '', '', '', '', '', '', '', '', '', '', '', NULL, '', '', 'amount', '0.00', 0, '', NULL, NULL, '1', ''),
(277, 'BID000277', NULL, 'A202502010277', 'PAT0277', 'B.ESWAR REDDY', '', '', '', '', '', 64, '9642558038', '', '2025-03-01', 1, '', '', NULL, NULL, '0', 0, '1', '1', 1, 0, 0, '2025-03-18 05:31:49', '', '', '', '', '', '', '', '', '', '', '', '', NULL, '', '', 'amount', '0.00', 0, '', NULL, NULL, '1', ''),
(278, 'BID000278', NULL, 'A202502010278', 'PAT0278', 'T.DHANUNJAY RAO', '', '', '', '', '', 40, '8328438070', '', '2025-03-01', 1, '', '', NULL, NULL, '0', 0, '1', '1', 1, 0, 0, '2025-03-18 05:31:49', '', '', '', '', '', '', '', '', '', '', '', '', NULL, '', '', 'amount', '0.00', 0, '', NULL, NULL, '1', ''),
(279, 'BID000279', NULL, 'A202502010279', 'PAT0279', 'G.RAJESH', '', '', '', '', '', 39, '9642785172', '', '2025-03-01', 1, '', '', NULL, NULL, '0', 0, '1', '1', 1, 0, 0, '2025-03-18 05:31:49', '', '', '', '', '', '', '', '', '', '', '', '', NULL, '', '', 'amount', '0.00', 0, '', NULL, NULL, '1', ''),
(280, 'BID000280', NULL, 'A202502010280', 'PAT0280', 'BASHEERUDDIN', '', '', '', '', '', 35, '7036373364', '', '2025-03-01', 1, '', '', NULL, NULL, '0', 0, '1', '1', 1, 0, 0, '2025-03-18 05:31:49', '', '', '', '', '', '', '', '', '', '', '', '', NULL, '', '', 'amount', '0.00', 0, '', NULL, NULL, '1', ''),
(281, 'BID000281', NULL, 'A202502010281', 'PAT0281', 'J UMA MAHESHWARI', '', '', '', '', '', 39, '8317624818', '', '2025-03-01', 1, '', '', NULL, NULL, '0', 0, '1', '1', 1, 0, 0, '2025-03-18 05:31:49', '', '', '', '', '', '', '', '', '', '', '', '', NULL, '', '', 'amount', '0.00', 0, '', NULL, NULL, '1', ''),
(282, 'BID000282', NULL, 'A202502010282', 'PAT0282', 'RAVI CHANDRA', '', '', '', '', '', 35, '7989238651', '', '2025-03-01', 1, '', '', NULL, NULL, '0', 0, '1', '1', 1, 0, 0, '2025-03-18 05:31:49', '', '', '', '', '', '', '', '', '', '', '', '', NULL, '', '', 'amount', '0.00', 0, '', NULL, NULL, '1', ''),
(283, 'BID000283', NULL, 'A202502010283', 'PAT0283', 'SHIVA RAMA KRISHNA', '', '', '', '', '', 62, '0000000000', '', '2025-03-01', 1, '', '', NULL, NULL, '0', 0, '1', '1', 1, 0, 0, '2025-03-18 05:31:49', '', '', '', '', '', '', '', '', '', '', '', '', NULL, '', '', 'amount', '0.00', 0, '', NULL, NULL, '1', ''),
(284, 'BID000284', NULL, 'A202502010284', 'PAT0284', 'VENKATESH', '', '', '', '', '', 25, '0000000000', '', '2025-03-01', 1, '', '', NULL, NULL, '0', 0, '1', '1', 1, 0, 0, '2025-03-18 05:31:49', '', '', '', '', '', '', '', '', '', '', '', '', NULL, '', '', 'amount', '0.00', 0, '', NULL, NULL, '1', ''),
(285, 'BID000285', NULL, 'A202502010285', 'PAT0285', 'KARUNAKAR DAS', '', '', '', '', '', 58, '8763840056', '', '2025-03-01', 1, '', '', NULL, NULL, '0', 0, '1', '1', 1, 0, 0, '2025-03-18 05:31:49', '', '', '', '', '', '', '', '', '', '', '', '', NULL, '', '', 'amount', '0.00', 0, '', NULL, NULL, '1', ''),
(286, 'BID000286', NULL, 'A202502010286', 'PAT0286', 'K SURYANARAYANA RAO', '', '', '', '', '', 64, '0000000000', '', '2025-03-01', 1, '', '', NULL, NULL, '0', 0, '1', '1', 1, 0, 0, '2025-03-18 05:31:49', '', '', '', '', '', '', '', '', '', '', '', '', NULL, '', '', 'amount', '0.00', 0, '', NULL, NULL, '1', ''),
(287, 'BID000287', NULL, 'A202502010287', 'PAT0287', 'SAMARENDRA SEKHAR RAO', '', '', '', '', '', 42, '9776924554', '', '2025-03-01', 1, '', '', NULL, NULL, '0', 0, '1', '1', 1, 0, 0, '2025-03-18 05:31:49', '', '', '', '', '', '', '', '', '', '', '', '', NULL, '', '', 'amount', '0.00', 0, '', NULL, NULL, '1', ''),
(288, 'BID000288', NULL, 'A202502010288', 'PAT0288', 'CH JAYA LAXMI', '', '', '', '', '', 77, '0000000000', '', '2025-03-01', 1, '', '', NULL, NULL, '0', 0, '1', '1', 1, 0, 0, '2025-03-18 05:31:49', '', '', '', '', '', '', '', '', '', '', '', '', NULL, '', '', 'amount', '0.00', 0, '', NULL, NULL, '1', ''),
(289, 'BID000289', NULL, 'A202502010289', 'PAT0289', 'KVB ARUN KUMAR', '', '', '', '', '', 61, '7760946427', '', '2025-03-01', 1, '', '', NULL, NULL, '0', 0, '1', '1', 1, 0, 0, '2025-03-18 05:31:49', '', '', '', '', '', '', '', '', '', '', '', '', NULL, '', '', 'amount', '0.00', 0, '', NULL, NULL, '1', ''),
(290, 'BID000290', NULL, 'A202502010290', 'PAT0290', 'GOVINDA RAO', '', '', '', '', '', 59, '0000000000', '', '2025-03-01', 1, '', '', NULL, NULL, '0', 0, '1', '1', 1, 0, 0, '2025-03-18 05:31:49', '', '', '', '', '', '', '', '', '', '', '', '', NULL, '', '', 'amount', '0.00', 0, '', NULL, NULL, '1', ''),
(291, 'BID000291', NULL, 'A202502010291', 'PAT0291', 'UMA MAHESHWARI', '', '', '', '', '', 39, '8317624818', '', '2025-03-01', 1, '', '', NULL, NULL, '0', 0, '1', '1', 1, 0, 0, '2025-03-18 05:31:49', '', '', '', '', '', '', '', '', '', '', '', '', NULL, '', '', 'amount', '0.00', 0, '', NULL, NULL, '1', ''),
(292, 'BID000292', NULL, 'A202502010292', 'PAT0292', 'MAHENDRA KUMAR', '', '', '', '', '', 44, '8978359033', '', '2025-03-01', 1, '', '', NULL, NULL, '0', 0, '1', '1', 1, 0, 0, '2025-03-18 05:31:49', '', '', '', '', '', '', '', '', '', '', '', '', NULL, '', '', 'amount', '0.00', 0, '', NULL, NULL, '1', ''),
(293, 'BID000293', NULL, 'A202502010293', 'PAT0293', 'JOGA RAO', '', '', '', '', '', 62, '0000000000', '', '2025-03-01', 1, '', '', NULL, NULL, '0', 0, '1', '1', 1, 0, 0, '2025-03-18 05:31:49', '', '', '', '', '', '', '', '', '', '', '', '', NULL, '', '', 'amount', '0.00', 0, '', NULL, NULL, '1', ''),
(294, 'BID000294', NULL, 'A202502010294', 'PAT0294', 'R.SRINIVAS RAO', '', '', '', '', '', 60, '9441343837', '', '2025-03-01', 1, '', '', NULL, NULL, '0', 0, '1', '1', 1, 0, 0, '2025-03-18 05:31:49', '', '', '', '', '', '', '', '', '', '', '', '', NULL, '', '', 'amount', '0.00', 0, '', NULL, NULL, '1', ''),
(295, 'BID000295', NULL, 'A202502010295', 'PAT0295', 'SAMPATH KUMAR', '', '', '', '', '', 65, '8500669646', '', '2025-03-01', 1, '', '', NULL, NULL, '0', 0, '1', '1', 1, 0, 0, '2025-03-18 05:31:49', '', '', '', '', '', '', '', '', '', '', '', '', NULL, '', '', 'amount', '0.00', 0, '', NULL, NULL, '1', ''),
(296, 'BID000296', NULL, 'A202502010296', 'PAT0296', 'VENKAT', '', '', '', '', '', 50, '9866094069', '', '2025-03-01', 1, '', '', NULL, NULL, '0', 0, '1', '1', 1, 0, 0, '2025-03-18 05:31:49', '', '', '', '', '', '', '', '', '', '', '', '', NULL, '', '', 'amount', '0.00', 0, '', NULL, NULL, '1', ''),
(297, 'BID000297', NULL, 'A202502010297', 'PAT0297', 'ACCHAYAMMA', '', '', '', '', '', 64, '7013973720', '', '2025-03-01', 1, '', '', NULL, NULL, '0', 0, '1', '1', 1, 0, 0, '2025-03-18 05:31:49', '', '', '', '', '', '', '', '', '', '', '', '', NULL, '', '', 'amount', '0.00', 0, '', NULL, NULL, '1', ''),
(298, 'BID000298', NULL, 'A202502010298', 'PAT0298', 'PKV RAO', '', '', '', '', '', 65, '0000000000', '', '2025-03-01', 1, '', '', NULL, NULL, '0', 0, '1', '1', 1, 0, 0, '2025-03-18 05:31:49', '', '', '', '', '', '', '', '', '', '', '', '', NULL, '', '', 'amount', '0.00', 0, '', NULL, NULL, '1', ''),
(299, 'BID000299', NULL, 'A202502010299', 'PAT0299', 'PRATHAP KUMAR', '', '', '', '', '', 44, '0000000000', '', '2025-03-01', 1, '', '', NULL, NULL, '0', 0, '1', '1', 1, 0, 0, '2025-03-18 05:31:49', '', '', '', '', '', '', '', '', '', '', '', '', NULL, '', '', 'amount', '0.00', 0, '', NULL, NULL, '1', ''),
(300, 'BID000300', NULL, 'A202502010300', 'PAT0300', 'K.GANGAM', '', '', '', '', '', 72, '9949333380', '', '2025-03-01', 1, '', '', NULL, NULL, '0', 0, '1', '1', 1, 0, 0, '2025-03-18 05:31:49', '', '', '', '', '', '', '', '', '', '', '', '', NULL, '', '', 'amount', '0.00', 0, '', NULL, NULL, '1', ''),
(301, 'BID000301', NULL, 'A202502010301', 'PAT0301', 'VAIKUNTAM', 'Male', '', '', '', '', 74, '9000267056', '', '2025-03-01', 1, '', '', NULL, NULL, '0', 0, '1', '1', 1, 0, 0, '2025-03-18 05:31:49', '', '', '', '', '', '', '', '', '', '', '', '', NULL, '', '', 'amount', '0.00', 0, '', NULL, NULL, '1', ''),
(302, 'BID000302', NULL, 'A202502010302', 'PAT0302', 'SOMESH', 'Male', '', '', '', '', 51, '9866481591', '', '2025-03-01', 1, '', '', NULL, NULL, '0', 0, '1', '1', 1, 0, 0, '2025-03-18 05:31:49', '', '', '', '', '', '', '', '', '', '', '', '', NULL, '', '', 'amount', '0.00', 0, '', NULL, NULL, '1', ''),
(303, 'BID000303', NULL, 'A202502010303', 'PAT0303', 'K.DHANALAKSHMI', 'Female', '', '', '', '', 75, '9440996481', '', '2025-03-01', 1, '', '', NULL, NULL, '0', 0, '1', '1', 1, 0, 0, '2025-03-18 05:31:49', '', '', '', '', '', '', '', '', '', '', '', '', NULL, '', '', 'amount', '0.00', 0, '', NULL, NULL, '1', ''),
(304, 'BID000304', NULL, 'A202502010304', 'PAT0304', 'PATNAIK', 'Male', '', '', '', '', 58, '9437206844', '', '2025-03-01', 1, '', '', NULL, NULL, '0', 0, '1', '1', 1, 0, 0, '2025-03-18 05:31:49', '', '', '', '', '', '', '', '', '', '', '', '', NULL, '', '', 'amount', '0.00', 0, '', NULL, NULL, '1', ''),
(305, 'BID000305', NULL, 'A202502010305', 'PAT0305', 'ABHISHEK PATNAIK', 'Male', '', '', '', '', 22, '9437206844', '', '2025-03-01', 1, '', '', NULL, NULL, '0', 0, '1', '1', 1, 0, 0, '2025-03-18 05:31:49', '', '', '', '', '', '', '', '', '', '', '', '', NULL, '', '', 'amount', '0.00', 0, '', NULL, NULL, '1', ''),
(306, 'BID000306', NULL, 'A202502010306', 'PAT0306', 'MAHESWAR RAO', 'Male', '', '', '', '', 72, '8897148124', '', '2025-03-01', 1, '', '', NULL, NULL, '0', 0, '1', '1', 1, 0, 0, '2025-03-18 05:31:49', '', '', '', '', '', '', '', '', '', '', '', '', NULL, '', '', 'amount', '0.00', 0, '', NULL, NULL, '1', ''),
(307, 'BID000307', NULL, 'A202502010307', 'PAT0307', 'K.S.RAJU', 'Male', '', '', '', '', 44, '9111216999', '', '2025-03-01', 1, '', '', NULL, NULL, '0', 0, '1', '1', 1, 0, 0, '2025-03-18 05:31:49', '', '', '', '', '', '', '', '', '', '', '', '', NULL, '', '', 'amount', '0.00', 0, '', NULL, NULL, '1', ''),
(308, 'BID000308', NULL, 'A202502010308', 'PAT0308', 'RAMA LAKSHMI', 'Female', '', '', '', '', 51, '7893196223', '', '2025-03-01', 1, '', '', NULL, NULL, '0', 0, '1', '1', 1, 0, 0, '2025-03-18 05:31:49', '', '', '', '', '', '', '', '', '', '', '', '', NULL, '', '', 'amount', '0.00', 0, '', NULL, NULL, '1', ''),
(309, 'BID000309', NULL, 'A202502010309', 'PAT0309', 'PRABHAKAR', 'Male', '', '', '', '', 54, '9849684229', '', '2025-03-01', 1, '', '', NULL, NULL, '0', 0, '1', '1', 1, 0, 0, '2025-03-18 05:31:49', '', '', '', '', '', '', '', '', '', '', '', '', NULL, '', '', 'amount', '0.00', 0, '', NULL, NULL, '1', ''),
(310, 'BID000310', NULL, 'A202502010310', 'PAT0310', 'SHANKAR RAO', 'Male', '', '', '', '', 49, '9866510214', '', '2025-03-01', 1, '', '', NULL, NULL, '0', 0, '1', '1', 1, 0, 0, '2025-03-18 05:31:49', '', '', '', '', '', '', '', '', '', '', '', '', NULL, '', '', 'amount', '0.00', 0, '', NULL, NULL, '1', ''),
(311, 'BID000311', NULL, 'A202502010311', 'PAT0311', 'APPAJI', 'Male', '', '', '', '', 65, '0000000000', '', '2025-03-01', 1, '', '', NULL, NULL, '0', 0, '1', '1', 1, 0, 0, '2025-03-18 05:31:49', '', '', '', '', '', '', '', '', '', '', '', '', NULL, '', '', 'amount', '0.00', 0, '', NULL, NULL, '1', ''),
(312, 'BID000312', NULL, 'A202502010312', 'PAT0312', 'G.NARASIMHACHARI', 'Male', '', '', '', '', 60, '7389041375', '', '2025-03-01', 1, '', '', NULL, NULL, '0', 0, '1', '1', 1, 0, 0, '2025-03-18 05:31:49', '', '', '', '', '', '', '', '', '', '', '', '', NULL, '', '', 'amount', '0.00', 0, '', NULL, NULL, '1', ''),
(313, 'BID000313', NULL, 'A202502010313', 'PAT0313', 'P.V.MURALI KRISHNA', 'Male', '', '', '', '', 58, '7675813836', '', '2025-03-01', 1, '', '', NULL, NULL, '0', 0, '1', '1', 1, 0, 0, '2025-03-18 05:31:49', '', '', '', '', '', '', '', '', '', '', '', '', NULL, '', '', 'amount', '0.00', 0, '', NULL, NULL, '1', ''),
(314, 'BID000314', NULL, 'A202502010314', 'PAT0314', 'APPA RAO', 'Male', '', '', '', '', 67, '9247875498', '', '2025-03-01', 1, '', '', NULL, NULL, '0', 0, '1', '1', 1, 0, 0, '2025-03-18 05:31:49', '', '', '', '', '', '', '', '', '', '', '', '', NULL, '', '', 'amount', '0.00', 0, '', NULL, NULL, '1', ''),
(315, 'BID000315', NULL, 'A202502010315', 'PAT0315', 'VASANTH', 'Male', '', '', '', '', 40, '0000000000', '', '2025-03-01', 1, '', '', NULL, NULL, '0', 0, '1', '1', 1, 0, 0, '2025-03-18 05:31:49', '', '', '', '', '', '', '', '', '', '', '', '', NULL, '', '', 'amount', '0.00', 0, '', NULL, NULL, '1', ''),
(316, 'BID000316', NULL, 'A202502010316', 'PAT0316', 'RENUKA HIRAI', 'Female', '', '', '', '', 46, '0000000000', '', '2025-03-01', 1, '', '', NULL, NULL, '0', 0, '1', '1', 1, 0, 0, '2025-03-18 05:31:49', '', '', '', '', '', '', '', '', '', '', '', '', NULL, '', '', 'amount', '0.00', 0, '', NULL, NULL, '1', ''),
(317, 'BID000317', NULL, 'A202502010317', 'PAT0317', 'ASHOK RAJU', 'Male', '', '', '', '', 43, '0000000000', '', '2025-03-01', 1, '', '', NULL, NULL, '0', 0, '1', '1', 1, 0, 0, '2025-03-18 05:31:49', '', '', '', '', '', '', '', '', '', '', '', '', NULL, '', '', 'amount', '0.00', 0, '', NULL, NULL, '1', ''),
(318, 'BID000318', NULL, 'A202502010318', 'PAT0318', '', '', '', '', '', '', 0, '0000000000', '', '2025-03-01', 1, '', '', NULL, NULL, '0', 0, '1', '1', 1, 0, 0, '2025-03-18 05:31:49', '', '', '', '', '', '', '', '', '', '', '', '', NULL, '', '', 'amount', '0.00', 0, '', NULL, NULL, '1', ''),
(319, 'BID000319', NULL, 'A202502010319', 'PAT0319', 'V MADHURI', 'Female', '', '', '', '', 36, '0000000000', '', '2025-03-01', 1, '', '', NULL, NULL, '0', 0, '1', '1', 1, 0, 0, '2025-03-18 05:31:49', '', '', '', '', '', '', '', '', '', '', '', '', NULL, '', '', 'amount', '0.00', 0, '', NULL, NULL, '1', '');
INSERT INTO `appointment_online` (`appoint_id`, `bill_id`, `bill_date`, `appoint_register_id`, `appoint_unicode`, `patient_name`, `gender`, `systolic`, `diastolic`, `temperature`, `glucose_level`, `age`, `mobile_number`, `patient_email`, `appoint_date`, `doctor_name`, `start_time`, `end_time`, `check_in`, `check_out`, `invoice_payment`, `doctor_fee`, `appoint_status`, `visitor_status`, `org_id`, `created_by`, `modified_by`, `create_date_time`, `amount_method`, `amount`, `bpSit_systolic`, `bpSit_diastolic`, `bpStand_systolic`, `bpStand_diastolic`, `weight`, `height`, `bmi`, `heart_rate`, `grbs`, `spO2`, `patient_overview`, `transaction_number`, `concession_name`, `concession_type`, `concession_value`, `final_amount`, `respiration_rate`, `valid_from`, `valid_to`, `appointment_status`, `patient_history`) VALUES
(320, 'BID000320', NULL, 'A202502010320', 'PAT0320', 'T ELAVARARI', 'Female', '', '', '', '', 36, '9666557611', '', '2025-03-01', 1, '', '', NULL, NULL, '0', 0, '1', '1', 1, 0, 0, '2025-03-18 05:31:49', '', '', '', '', '', '', '', '', '', '', '', '', NULL, '', '', 'amount', '0.00', 0, '', NULL, NULL, '1', ''),
(321, 'BID000321', NULL, 'A202502010321', 'PAT0321', 'A BHARATHI', 'Female', '', '', '', '', 70, '0000000000', '', '2025-03-01', 1, '', '', NULL, NULL, '0', 0, '1', '1', 1, 0, 0, '2025-03-18 05:31:49', '', '', '', '', '', '', '', '', '', '', '', '', NULL, '', '', 'amount', '0.00', 0, '', NULL, NULL, '1', ''),
(322, 'BID000322', NULL, 'A202502010322', 'PAT0322', 'A LOLAKSHAMMA', 'Female', '', '', '', '', 50, '8583880091', '', '2025-03-01', 1, '', '', NULL, NULL, '0', 0, '1', '1', 1, 0, 0, '2025-03-18 05:31:49', '', '', '', '', '', '', '', '', '', '', '', '', NULL, '', '', 'amount', '0.00', 0, '', NULL, NULL, '1', ''),
(323, 'BID000323', NULL, 'A202502010323', 'PAT0323', 'ANANTHA SATYANARAYANA', 'Male', '', '', '', '', 70, '0000000000', '', '2025-03-01', 1, '', '', NULL, NULL, '0', 0, '1', '1', 1, 0, 0, '2025-03-18 05:31:49', '', '', '', '', '', '', '', '', '', '', '', '', NULL, '', '', 'amount', '0.00', 0, '', NULL, NULL, '1', ''),
(324, 'BID000324', NULL, 'A202502010324', 'PAT0324', 'VENKATA RAMANA', 'Female', '', '', '', '', 62, '9052711256', '', '2025-03-01', 1, '', '', NULL, NULL, '0', 0, '1', '1', 1, 0, 0, '2025-03-18 05:31:49', '', '', '', '', '', '', '', '', '', '', '', '', NULL, '', '', 'amount', '0.00', 0, '', NULL, NULL, '1', ''),
(325, 'BID000325', NULL, 'A202502010325', 'PAT0325', 'INDIRA RANI', 'Female', '', '', '', '', 82, '0000000000', '', '2025-03-01', 1, '', '', NULL, NULL, '0', 0, '1', '1', 1, 0, 0, '2025-03-18 05:31:49', '', '', '', '', '', '', '', '', '', '', '', '', NULL, '', '', 'amount', '0.00', 0, '', NULL, NULL, '1', ''),
(326, 'BID000326', NULL, 'A202502010326', 'PAT0326', 'G RAJESH', 'Male', '', '', '', '', 39, '0000000000', '', '2025-03-01', 1, '', '', NULL, NULL, '0', 0, '1', '1', 1, 0, 0, '2025-03-18 05:31:49', '', '', '', '', '', '', '', '', '', '', '', '', NULL, '', '', 'amount', '0.00', 0, '', NULL, NULL, '1', ''),
(327, 'BID000327', NULL, 'A202502010327', 'PAT0327', 'LAXMI KNV', 'Female', '', '', '', '', 74, '0000000000', '', '2025-03-01', 1, '', '', NULL, NULL, '0', 0, '1', '1', 1, 0, 0, '2025-03-18 05:31:49', '', '', '', '', '', '', '', '', '', '', '', '', NULL, '', '', 'amount', '0.00', 0, '', NULL, NULL, '1', ''),
(328, 'BID000328', NULL, 'A202502010328', 'PAT0328', 'SUJATHA NAGAR', 'Female', '', '', '', '', 45, '9849911055', '', '2025-03-01', 1, '', '', NULL, NULL, '0', 0, '1', '1', 1, 0, 0, '2025-03-18 05:31:49', '', '', '', '', '', '', '', '', '', '', '', '', NULL, '', '', 'amount', '0.00', 0, '', NULL, NULL, '1', ''),
(329, 'BID000329', NULL, 'A202502010329', 'PAT0329', 'H VATIBAR', 'Male', '', '', '', '', 47, '9848443322', '', '2025-03-01', 1, '', '', NULL, NULL, '0', 0, '1', '1', 1, 0, 0, '2025-03-18 05:31:49', '', '', '', '', '', '', '', '', '', '', '', '', NULL, '', '', 'amount', '0.00', 0, '', NULL, NULL, '1', ''),
(330, 'BID000330', NULL, 'A202502010330', 'PAT0330', 'PYDITHALLIAMMA', 'Female', '', '', '', '', 60, '9052908070', '', '2025-03-01', 1, '', '', NULL, NULL, '0', 0, '1', '1', 1, 0, 0, '2025-03-18 05:31:49', '', '', '', '', '', '', '', '', '', '', '', '', NULL, '', '', 'amount', '0.00', 0, '', NULL, NULL, '1', ''),
(331, 'BID000331', NULL, 'A202502010331', 'PAT0331', 'RAVI CHANDRA', 'Male', '', '', '', '', 35, '0000000000', '', '2025-03-01', 1, '', '', NULL, NULL, '0', 0, '1', '1', 1, 0, 0, '2025-03-18 05:31:49', '', '', '', '', '', '', '', '', '', '', '', '', NULL, '', '', 'amount', '0.00', 0, '', NULL, NULL, '1', ''),
(332, 'BID000332', NULL, 'A202502010332', 'PAT0332', 'S NARAYANA MURTHY', 'Male', '', '', '', '', 42, '0000000000', '', '2025-03-01', 1, '', '', NULL, NULL, '0', 0, '1', '1', 1, 0, 0, '2025-03-18 05:31:49', '', '', '', '', '', '', '', '', '', '', '', '', NULL, '', '', 'amount', '0.00', 0, '', NULL, NULL, '1', ''),
(333, 'BID000333', NULL, 'A202502010333', 'PAT0333', 'M ESWAR RAO', 'Male', '', '', '', '', 45, '0000000000', '', '2025-03-01', 1, '', '', NULL, NULL, '0', 0, '1', '1', 1, 0, 0, '2025-03-18 05:31:49', '', '', '', '', '', '', '', '', '', '', '', '', NULL, '', '', 'amount', '0.00', 0, '', NULL, NULL, '1', ''),
(334, 'BID000334', NULL, 'A202502010334', 'PAT0334', 'NIRMALA', 'Female', '', '', '', '', 60, '7989674078', '', '2025-03-01', 1, '', '', NULL, NULL, '0', 0, '1', '1', 1, 0, 0, '2025-03-18 05:31:49', '', '', '', '', '', '', '', '', '', '', '', '', NULL, '', '', 'amount', '0.00', 0, '', NULL, NULL, '1', ''),
(335, 'BID000335', NULL, 'A202502010335', 'PAT0335', 'VASANTHA', 'Female', '', '', '', '', 55, '8797591189', '', '2025-03-01', 1, '', '', NULL, NULL, '0', 0, '1', '1', 1, 0, 0, '2025-03-18 05:31:49', '', '', '', '', '', '', '', '', '', '', '', '', NULL, '', '', 'amount', '0.00', 0, '', NULL, NULL, '1', ''),
(336, 'BID000336', NULL, 'A202502010336', 'PAT0336', 'ASHA LATHA', 'Female', '', '', '', '', 55, '0000000000', '', '2025-03-01', 1, '', '', NULL, NULL, '0', 0, '1', '1', 1, 0, 0, '2025-03-18 05:31:49', '', '', '', '', '', '', '', '', '', '', '', '', NULL, '', '', 'amount', '0.00', 0, '', NULL, NULL, '1', ''),
(337, 'BID000337', NULL, 'A202502010337', 'PAT0337', 'TE ELAVARIES', 'Female', '', '', '', '', 36, '0000000000', '', '2025-03-01', 1, '', '', NULL, NULL, '0', 0, '1', '1', 1, 0, 0, '2025-03-18 05:31:49', '', '', '', '', '', '', '', '', '', '', '', '', NULL, '', '', 'amount', '0.00', 0, '', NULL, NULL, '1', ''),
(338, 'BID000338', NULL, 'A202502010338', 'PAT0338', 'T PANIGRAHI', 'Male', '', '', '', '', 76, '7205293190', '', '2025-03-01', 1, '', '', NULL, NULL, '0', 0, '1', '1', 1, 0, 0, '2025-03-18 05:31:49', '', '', '', '', '', '', '', '', '', '', '', '', NULL, '', '', 'amount', '0.00', 0, '', NULL, NULL, '1', ''),
(339, 'BID000339', NULL, 'A202502010339', 'PAT0339', 'PKV RAO', 'Male', '', '', '', '', 65, '0000000000', '', '2025-03-01', 1, '', '', NULL, NULL, '0', 0, '1', '1', 1, 0, 0, '2025-03-18 05:31:49', '', '', '', '', '', '', '', '', '', '', '', '', NULL, '', '', 'amount', '0.00', 0, '', NULL, NULL, '1', ''),
(340, 'BID000340', NULL, 'A202502010340', 'PAT0340', 'N PALLAVI', 'Female', '', '', '', '', 42, '0000000000', '', '2025-03-01', 1, '', '', NULL, NULL, '0', 0, '1', '1', 1, 0, 0, '2025-03-18 05:31:49', '', '', '', '', '', '', '', '', '', '', '', '', NULL, '', '', 'amount', '0.00', 0, '', NULL, NULL, '1', ''),
(341, 'BID000341', NULL, 'A202502010341', 'PAT0341', 'SOMESHWARA RAO', 'Male', '', '', '', '', 51, '0000000000', '', '2025-03-01', 1, '', '', NULL, NULL, '0', 0, '1', '1', 1, 0, 0, '2025-03-18 05:31:49', '', '', '', '', '', '', '', '', '', '', '', '', NULL, '', '', 'amount', '0.00', 0, '', NULL, NULL, '1', ''),
(342, 'BID000342', NULL, 'A202502010342', 'PAT0342', 'APPAJI', 'Male', '', '', '', '', 65, '0000000000', '', '2025-03-01', 1, '', '', NULL, NULL, '0', 0, '1', '1', 1, 0, 0, '2025-03-18 05:31:49', '', '', '', '', '', '', '', '', '', '', '', '', NULL, '', '', 'amount', '0.00', 0, '', NULL, NULL, '1', ''),
(343, 'BID000343', NULL, 'A202502010343', 'PAT0343', 'JASHMITHA', 'Female', '', '', '', '', 17, '9989721149', '', '2025-03-01', 1, '', '', NULL, NULL, '0', 0, '1', '1', 1, 0, 0, '2025-03-18 05:31:49', '', '', '', '', '', '', '', '', '', '', '', '', NULL, '', '', 'amount', '0.00', 0, '', NULL, NULL, '1', ''),
(344, 'BID000344', NULL, 'A202502010344', 'PAT0344', 'JV LAXMI', 'Female', '', '', '', '', 54, '9849478722', '', '2025-03-01', 1, '', '', NULL, NULL, '0', 0, '1', '1', 1, 0, 0, '2025-03-18 05:31:49', '', '', '', '', '', '', '', '', '', '', '', '', NULL, '', '', 'amount', '0.00', 0, '', NULL, NULL, '1', ''),
(345, 'BID000345', NULL, 'A202502010345', 'PAT0345', 'J RAMACHANDRA RAJU', 'Male', '', '', '', '', 69, '0000000000', '', '2025-03-01', 1, '', '', NULL, NULL, '0', 0, '1', '1', 1, 0, 0, '2025-03-18 05:31:49', '', '', '', '', '', '', '', '', '', '', '', '', NULL, '', '', 'amount', '0.00', 0, '', NULL, NULL, '1', ''),
(346, 'BID000346', NULL, 'A202502010346', 'PAT0346', 'SATYA NARAYANA', 'Male', '', '', '', '', 54, '0000000000', '', '2025-03-01', 1, '', '', NULL, NULL, '0', 0, '1', '1', 1, 0, 0, '2025-03-18 05:31:49', '', '', '', '', '', '', '', '', '', '', '', '', NULL, '', '', 'amount', '0.00', 0, '', NULL, NULL, '1', ''),
(347, 'BID000347', NULL, 'A202502010347', 'PAT0347', 'SAMBHA MURTHY', 'Male', '', '', '', '', 75, '0000000000', '', '2025-03-01', 1, '', '', NULL, NULL, '0', 0, '1', '1', 1, 0, 0, '2025-03-18 05:31:49', '', '', '', '', '', '', '', '', '', '', '', '', NULL, '', '', 'amount', '0.00', 0, '', NULL, NULL, '1', ''),
(348, 'BID000348', NULL, 'A202502010348', 'PAT0348', 'SATYAVATHI', 'Female', '', '', '', '', 50, '9573647135', '', '2025-03-01', 1, '', '', NULL, NULL, '0', 0, '1', '1', 1, 0, 0, '2025-03-18 05:31:49', '', '', '', '', '', '', '', '', '', '', '', '', NULL, '', '', 'amount', '0.00', 0, '', NULL, NULL, '1', ''),
(349, 'BID000349', NULL, 'A202502010349', 'PAT0349', 'SRINU', 'Male', '', '', '', '', 43, '0000000000', '', '2025-03-01', 1, '', '', NULL, NULL, '0', 0, '1', '1', 1, 0, 0, '2025-03-18 05:31:49', '', '', '', '', '', '', '', '', '', '', '', '', NULL, '', '', 'amount', '0.00', 0, '', NULL, NULL, '1', ''),
(350, 'BID000350', NULL, 'A202502010350', 'PAT0350', 'K SANGAM', 'Male', '', '', '', '', 74, '0000000000', '', '2025-03-01', 1, '', '', NULL, NULL, '0', 0, '1', '1', 1, 0, 0, '2025-03-18 05:31:49', '', '', '', '', '', '', '', '', '', '', '', '', NULL, '', '', 'amount', '0.00', 0, '', NULL, NULL, '1', ''),
(351, 'BID000351', NULL, 'A202502010351', 'PAT0351', 'SHANKAR RAO', 'Male', '', '', '', '', 49, '7569940517', '', '2025-03-01', 1, '', '', NULL, NULL, '0', 0, '1', '1', 1, 0, 0, '2025-03-18 05:31:49', '', '', '', '', '', '', '', '', '', '', '', '', NULL, '', '', 'amount', '0.00', 0, '', NULL, NULL, '1', ''),
(352, 'BID000352', NULL, 'A202502010352', 'PAT0352', 'K KASIVISWERA RAO', 'Male', '', '', '', '', 77, '9440669284', '', '2025-03-01', 1, '', '', NULL, NULL, '0', 0, '1', '1', 1, 0, 0, '2025-03-18 05:31:49', '', '', '', '', '', '', '', '', '', '', '', '', NULL, '', '', 'amount', '0.00', 0, '', NULL, NULL, '1', ''),
(353, 'BID000353', NULL, 'A202502010353', 'PAT0353', 'JAYA LAXMI', 'Female', '', '', '', '', 70, '0000000000', '', '2025-03-01', 1, '', '', NULL, NULL, '0', 0, '1', '1', 1, 0, 0, '2025-03-18 05:31:49', '', '', '', '', '', '', '', '', '', '', '', '', NULL, '', '', 'amount', '0.00', 0, '', NULL, NULL, '1', ''),
(354, 'BID000354', NULL, 'A202502010354', 'PAT0354', 'SANJEE PATANAK', 'Male', '', '', '', '', 57, '7989571293', '', '2025-03-01', 1, '', '', NULL, NULL, '0', 0, '1', '1', 1, 0, 0, '2025-03-18 05:31:49', '', '', '', '', '', '', '', '', '', '', '', '', NULL, '', '', 'amount', '0.00', 0, '', NULL, NULL, '1', ''),
(355, 'BID000355', NULL, 'A202502010355', 'PAT0355', 'BHARATHI RAMANI', 'Female', '', '', '', '', 70, '0000000000', '', '2025-03-01', 1, '', '', NULL, NULL, '0', 0, '1', '1', 1, 0, 0, '2025-03-18 05:31:49', '', '', '', '', '', '', '', '', '', '', '', '', NULL, '', '', 'amount', '0.00', 0, '', NULL, NULL, '1', ''),
(356, 'BID000356', NULL, 'A202502010356', 'PAT0356', 'KALAYAN', 'Female', '', '', '', '', 38, '0000000000', '', '2025-03-01', 1, '', '', NULL, NULL, '0', 0, '1', '1', 1, 0, 0, '2025-03-18 05:31:49', '', '', '', '', '', '', '', '', '', '', '', '', NULL, '', '', 'amount', '0.00', 0, '', NULL, NULL, '1', ''),
(357, 'BID000357', NULL, 'A202502010357', 'PAT0357', 'PS PRAKESH', 'Female', '', '', '', '', 64, '9441579929', '', '2025-03-01', 1, '', '', NULL, NULL, '0', 0, '1', '1', 1, 0, 0, '2025-03-18 05:31:49', '', '', '', '', '', '', '', '', '', '', '', '', NULL, '', '', 'amount', '0.00', 0, '', NULL, NULL, '1', ''),
(358, 'BID000358', NULL, 'A202502010358', 'PAT0358', 'G RAJESH', 'Male', '', '', '', '', 39, '0000000000', '', '2025-03-01', 1, '', '', NULL, NULL, '0', 0, '1', '1', 1, 0, 0, '2025-03-18 05:31:49', '', '', '', '', '', '', '', '', '', '', '', '', NULL, '', '', 'amount', '0.00', 0, '', NULL, NULL, '1', ''),
(359, 'BID000359', NULL, 'A202502010359', 'PAT0359', 'ARUN KUMARSWAIK', 'Male', '', '', '', '', 54, '9090319093', '', '2025-03-01', 1, '', '', NULL, NULL, '0', 0, '1', '1', 1, 0, 0, '2025-03-18 05:31:49', '', '', '', '', '', '', '', '', '', '', '', '', NULL, '', '', 'amount', '0.00', 0, '', NULL, NULL, '1', ''),
(360, 'BID000360', NULL, 'A202502010360', 'PAT0360', 'SATYAVATHI', 'Female', '', '', '', '', 70, '0000000000', '', '2025-03-01', 1, '', '', NULL, NULL, '0', 0, '1', '1', 1, 0, 0, '2025-03-18 05:31:49', '', '', '', '', '', '', '', '', '', '', '', '', NULL, '', '', 'amount', '0.00', 0, '', NULL, NULL, '1', ''),
(361, 'BID000361', NULL, 'A202502010361', 'PAT0361', 'SURESH', 'Male', '', '', '', '', 40, '7008737270', '', '2025-03-01', 1, '', '', NULL, NULL, '0', 0, '1', '1', 1, 0, 0, '2025-03-18 05:31:49', '', '', '', '', '', '', '', '', '', '', '', '', NULL, '', '', 'amount', '0.00', 0, '', NULL, NULL, '1', ''),
(362, 'BID000362', NULL, 'A202502010362', 'PAT0362', 'K RAJU', 'Male', '', '', '', '', 44, '8985494112', '', '2025-03-01', 1, '', '', NULL, NULL, '0', 0, '1', '1', 1, 0, 0, '2025-03-18 05:31:49', '', '', '', '', '', '', '', '', '', '', '', '', NULL, '', '', 'amount', '0.00', 0, '', NULL, NULL, '1', ''),
(363, 'BID000363', NULL, 'A202502010363', 'PAT0363', 'FRANCIS', 'Male', '', '', '', '', 60, '0000000000', '', '2025-03-01', 1, '', '', NULL, NULL, '0', 0, '1', '1', 1, 0, 0, '2025-03-18 05:31:49', '', '', '', '', '', '', '', '', '', '', '', '', NULL, '', '', 'amount', '0.00', 0, '', NULL, NULL, '1', ''),
(364, 'BID000364', NULL, 'A202502010364', 'PAT0364', 'G RAMYA', 'Female', '', '', '', '', 40, '9776204044', '', '2025-03-01', 1, '', '', NULL, NULL, '0', 0, '1', '1', 1, 0, 0, '2025-03-18 05:31:49', '', '', '', '', '', '', '', '', '', '', '', '', NULL, '', '', 'amount', '0.00', 0, '', NULL, NULL, '1', ''),
(365, 'BID000365', NULL, 'A202502010365', 'PAT0365', 'G RAMAKRISHNA', 'Male', '', '', '', '', 49, '9776204044', '', '2025-03-01', 1, '', '', NULL, NULL, '0', 0, '1', '1', 1, 0, 0, '2025-03-18 05:31:49', '', '', '', '', '', '', '', '', '', '', '', '', NULL, '', '', 'amount', '0.00', 0, '', NULL, NULL, '1', ''),
(366, 'BID000366', NULL, 'A202502010366', 'PAT0366', 'MAHENDRA', 'Male', '', '', '', '', 33, '0000000000', '', '2025-03-01', 1, '', '', NULL, NULL, '0', 0, '1', '1', 1, 0, 0, '2025-03-18 05:31:49', '', '', '', '', '', '', '', '', '', '', '', '', NULL, '', '', 'amount', '0.00', 0, '', NULL, NULL, '1', ''),
(367, 'BID000367', NULL, 'A202502010367', 'PAT0367', 'THAPAR PANDA', 'Male', '', '', '', '', 15, '8018449023', '', '2025-03-01', 1, '', '', NULL, NULL, '0', 0, '1', '1', 1, 0, 0, '2025-03-18 05:31:49', '', '', '', '', '', '', '', '', '', '', '', '', NULL, '', '', 'amount', '0.00', 0, '', NULL, NULL, '1', ''),
(368, 'BID000368', NULL, 'A202502010368', 'PAT0368', 'N AVANTHI', 'Female', '', '', '', '', 38, '8328198572', '', '2025-03-01', 1, '', '', NULL, NULL, '0', 0, '1', '1', 1, 0, 0, '2025-03-18 05:31:49', '', '', '', '', '', '', '', '', '', '', '', '', NULL, '', '', 'amount', '0.00', 0, '', NULL, NULL, '1', ''),
(369, 'BID000369', NULL, 'A202502010369', 'PAT0369', 'V SATYA NARAYANA', 'Male', '', '', '', '', 70, '9966177938', '', '2025-03-01', 1, '', '', NULL, NULL, '0', 0, '1', '1', 1, 0, 0, '2025-03-18 05:31:49', '', '', '', '', '', '', '', '', '', '', '', '', NULL, '', '', 'amount', '0.00', 0, '', NULL, NULL, '1', ''),
(370, 'BID000370', NULL, 'A202502010370', 'PAT0370', 'ALISHA', 'Female', '', '', '', '', 23, '0000000000', '', '2025-03-01', 1, '', '', NULL, NULL, '0', 0, '1', '1', 1, 0, 0, '2025-03-18 05:31:49', '', '', '', '', '', '', '', '', '', '', '', '', NULL, '', '', 'amount', '0.00', 0, '', NULL, NULL, '1', ''),
(371, 'BID000371', NULL, 'A202502010371', 'PAT0371', 'RANJITH', 'Female', '', '', '', '', 42, '0000000000', '', '2025-03-01', 1, '', '', NULL, NULL, '0', 0, '1', '1', 1, 0, 0, '2025-03-18 05:31:49', '', '', '', '', '', '', '', '', '', '', '', '', NULL, '', '', 'amount', '0.00', 0, '', NULL, NULL, '1', ''),
(372, 'BID000372', NULL, 'A202502010372', 'PAT0372', 'DHRUV', 'Male', '', '', '', '', 15, '0000000000', '', '2025-03-01', 1, '', '', NULL, NULL, '0', 0, '1', '1', 1, 0, 0, '2025-03-18 05:31:49', '', '', '', '', '', '', '', '', '', '', '', '', NULL, '', '', 'amount', '0.00', 0, '', NULL, NULL, '1', ''),
(373, 'BID000373', NULL, 'A202502010373', 'PAT0373', 'VV RAVI PRAKESH', 'Male', '', '', '', '', 57, '0000000000', '', '2025-03-01', 1, '', '', NULL, NULL, '0', 0, '1', '1', 1, 0, 0, '2025-03-18 05:31:49', '', '', '', '', '', '', '', '', '', '', '', '', NULL, '', '', 'amount', '0.00', 0, '', NULL, NULL, '1', ''),
(374, 'BID000374', NULL, 'A202502010374', 'PAT0374', 'P SHANTHI', 'Female', '', '', '', '', 42, '0000000000', '', '2025-03-01', 1, '', '', NULL, NULL, '0', 0, '1', '1', 1, 0, 0, '2025-03-18 05:31:49', '', '', '', '', '', '', '', '', '', '', '', '', NULL, '', '', 'amount', '0.00', 0, '', NULL, NULL, '1', ''),
(375, 'BID000375', NULL, 'A202502010375', 'PAT0375', 'SHIVA RAMAKRISHNA', 'Male', '', '', '', '', 62, '0000000000', '', '2025-03-01', 1, '', '', NULL, NULL, '0', 0, '1', '1', 1, 0, 0, '2025-03-18 05:31:49', '', '', '', '', '', '', '', '', '', '', '', '', NULL, '', '', 'amount', '0.00', 0, '', NULL, NULL, '1', ''),
(376, 'BID000376', NULL, 'A202502010376', 'PAT0376', 'NARASIMHACHARI', 'Male', '', '', '', '', 60, '0000000000', '', '2025-03-01', 1, '', '', NULL, NULL, '0', 0, '1', '1', 1, 0, 0, '2025-03-18 05:31:49', '', '', '', '', '', '', '', '', '', '', '', '', NULL, '', '', 'amount', '0.00', 0, '', NULL, NULL, '1', ''),
(377, 'BID000377', NULL, 'A202502010377', 'PAT0377', 'M LAXMI', 'Female', '', '', '', '', 43, '9949149529', '', '2025-03-01', 1, '', '', NULL, NULL, '0', 0, '1', '1', 1, 0, 0, '2025-03-18 05:31:49', '', '', '', '', '', '', '', '', '', '', '', '', NULL, '', '', 'amount', '0.00', 0, '', NULL, NULL, '1', ''),
(378, 'BID000378', NULL, 'A202502010378', 'PAT0378', 'LITHIKHARI', 'Female', '', '', '', '', 15, '9337118137', '', '2025-03-01', 1, '', '', NULL, NULL, '0', 0, '1', '1', 1, 0, 0, '2025-03-18 05:31:49', '', '', '', '', '', '', '', '', '', '', '', '', NULL, '', '', 'amount', '0.00', 0, '', NULL, NULL, '1', ''),
(379, 'BID000379', NULL, 'A202502010379', 'PAT0379', 'V NIRMALA', 'Female', '', '', '', '', 75, '9440123397', '', '2025-03-01', 1, '', '', NULL, NULL, '0', 0, '1', '1', 1, 0, 0, '2025-03-18 05:31:49', '', '', '', '', '', '', '', '', '', '', '', '', NULL, '', '', 'amount', '0.00', 0, '', NULL, NULL, '1', ''),
(380, 'BID000380', NULL, 'A202502010380', 'PAT0380', 'SATYANARAYANA', 'Male', '', '', '', '', 63, '0000000000', '', '2025-03-01', 1, '', '', NULL, NULL, '0', 0, '1', '1', 1, 0, 0, '2025-03-18 05:31:49', '', '', '', '', '', '', '', '', '', '', '', '', NULL, '', '', 'amount', '0.00', 0, '', NULL, NULL, '1', ''),
(381, 'BID000381', NULL, 'A202502010381', 'PAT0381', 'RANJITHA', 'Female', '', '', '', '', 42, '0000000000', '', '2025-03-01', 1, '', '', NULL, NULL, '0', 0, '1', '1', 1, 0, 0, '2025-03-18 05:31:49', '', '', '', '', '', '', '', '', '', '', '', '', NULL, '', '', 'amount', '0.00', 0, '', NULL, NULL, '1', ''),
(382, 'BID000382', NULL, 'A202502010382', 'PAT0382', 'MALLESU', 'Male', '', '', '', '', 57, '0000000000', '', '2025-03-01', 1, '', '', NULL, NULL, '0', 0, '1', '1', 1, 0, 0, '2025-03-18 05:31:49', '', '', '', '', '', '', '', '', '', '', '', '', NULL, '', '', 'amount', '0.00', 0, '', NULL, NULL, '1', ''),
(383, 'BID000383', NULL, 'A202502010383', 'PAT0383', 'M.MANGAMMA', 'Female', '', '', '', '', 47, '0000000000', '', '2025-03-01', 1, '', '', NULL, NULL, '0', 0, '1', '1', 1, 0, 0, '2025-03-18 05:31:49', '', '', '', '', '', '', '', '', '', '', '', '', NULL, '', '', 'amount', '0.00', 0, '', NULL, NULL, '1', ''),
(384, 'BID000384', NULL, 'A202502010384', 'PAT0384', 'SIVA SANKAR', 'Male', '', '', '', '', 41, '9989547507', '', '2025-03-01', 1, '', '', NULL, NULL, '0', 0, '1', '1', 1, 0, 0, '2025-03-18 05:31:49', '', '', '', '', '', '', '', '', '', '', '', '', NULL, '', '', 'amount', '0.00', 0, '', NULL, NULL, '1', ''),
(385, 'BID000385', NULL, 'A202502010385', 'PAT0385', 'INDIRA RANI', 'Female', '', '', '', '', 84, '0000000000', '', '2025-03-01', 1, '', '', NULL, NULL, '0', 0, '1', '1', 1, 0, 0, '2025-03-18 05:31:49', '', '', '', '', '', '', '', '', '', '', '', '', NULL, '', '', 'amount', '0.00', 0, '', NULL, NULL, '1', ''),
(386, 'BID000386', NULL, 'A202502010386', 'PAT0386', 'BHEEMA RAJU', 'Male', '', '', '', '', 0, '0000000000', '', '2025-03-01', 1, '', '', NULL, NULL, '0', 0, '1', '1', 1, 0, 0, '2025-03-18 05:31:49', '', '', '', '', '', '', '', '', '', '', '', '', NULL, '', '', 'amount', '0.00', 0, '', NULL, NULL, '1', ''),
(387, 'BID000387', NULL, 'A202502010387', 'PAT0387', 'RANJITHA', 'Female', '', '', '', '', 42, '0000000000', '', '2025-03-01', 1, '', '', NULL, NULL, '0', 0, '1', '1', 1, 0, 0, '2025-03-18 05:31:49', '', '', '', '', '', '', '', '', '', '', '', '', NULL, '', '', 'amount', '0.00', 0, '', NULL, NULL, '1', ''),
(388, 'BID000388', NULL, 'A202502010388', 'PAT0388', 'HASENU', 'Male', '', '', '', '', 52, '0000000000', '', '2025-03-01', 1, '', '', NULL, NULL, '0', 0, '1', '1', 1, 0, 0, '2025-03-18 05:31:49', '', '', '', '', '', '', '', '', '', '', '', '', NULL, '', '', 'amount', '0.00', 0, '', NULL, NULL, '1', ''),
(389, 'BID000389', NULL, 'A202502010389', 'PAT0389', 'SRINIVAS', 'Male', '', '', '', '', 42, '0000000000', '', '2025-03-01', 1, '', '', NULL, NULL, '0', 0, '1', '1', 1, 0, 0, '2025-03-18 05:31:49', '', '', '', '', '', '', '', '', '', '', '', '', NULL, '', '', 'amount', '0.00', 0, '', NULL, NULL, '1', ''),
(390, 'BID000390', NULL, 'A202502010390', 'PAT0390', 'M LAKSHMI', 'Female', '', '', '', '', 43, '0000000000', '', '2025-03-01', 1, '', '', NULL, NULL, '0', 0, '1', '1', 1, 0, 0, '2025-03-18 05:31:49', '', '', '', '', '', '', '', '', '', '', '', '', NULL, '', '', 'amount', '0.00', 0, '', NULL, NULL, '1', ''),
(391, 'BID000391', NULL, 'A202502010391', 'PAT0391', 'DEENA MANI', 'Female', '', '', '', '', 64, '0000000000', '', '2025-03-01', 1, '', '', NULL, NULL, '0', 0, '1', '1', 1, 0, 0, '2025-03-18 05:31:49', '', '', '', '', '', '', '', '', '', '', '', '', NULL, '', '', 'amount', '0.00', 0, '', NULL, NULL, '1', ''),
(392, 'BID000392', NULL, 'A202502010392', 'PAT0392', 'KANTHAMMA', 'Female', '', '', '', '', 71, '0000000000', '', '2025-03-01', 1, '', '', NULL, NULL, '0', 0, '1', '1', 1, 0, 0, '2025-03-18 05:31:49', '', '', '', '', '', '', '', '', '', '', '', '', NULL, '', '', 'amount', '0.00', 0, '', NULL, NULL, '1', ''),
(393, 'BID000393', NULL, 'A202502010393', 'PAT0393', 'T.ADHI LAKSHMI', 'Female', '', '', '', '', 56, '0000000000', '', '2025-03-01', 1, '', '', NULL, NULL, '0', 0, '1', '1', 1, 0, 0, '2025-03-18 05:31:49', '', '', '', '', '', '', '', '', '', '', '', '', NULL, '', '', 'amount', '0.00', 0, '', NULL, NULL, '1', ''),
(394, 'BID000394', NULL, 'A202502010394', 'PAT0394', 'VALSI', 'Female', '', '', '', '', 69, '9177353602', '', '2025-03-01', 1, '', '', NULL, NULL, '0', 0, '1', '1', 1, 0, 0, '2025-03-18 05:31:49', '', '', '', '', '', '', '', '', '', '', '', '', NULL, '', '', 'amount', '0.00', 0, '', NULL, NULL, '1', ''),
(395, 'BID000395', NULL, 'A202502010395', 'PAT0395', 'RAMACHANDRA RAJU', 'Male', '', '', '', '', 68, '0000000000', '', '2025-03-01', 1, '', '', NULL, NULL, '0', 0, '1', '1', 1, 0, 0, '2025-03-18 05:31:49', '', '', '', '', '', '', '', '', '', '', '', '', NULL, '', '', 'amount', '0.00', 0, '', NULL, NULL, '1', ''),
(396, 'BID000396', NULL, 'A202502010396', 'PAT0396', 'D.SIVA SHANKARAN', 'Male', '', '', '', '', 76, '9246614633', '', '2025-03-01', 1, '', '', NULL, NULL, '0', 0, '1', '1', 1, 0, 0, '2025-03-18 05:31:49', '', '', '', '', '', '', '', '', '', '', '', '', NULL, '', '', 'amount', '0.00', 0, '', NULL, NULL, '1', ''),
(397, 'BID000397', NULL, 'A202502010397', 'PAT0397', 'NEERAJ', 'Male', '', '', '', '', 32, '9877818206', '', '2025-03-01', 1, '', '', NULL, NULL, '0', 0, '1', '1', 1, 0, 0, '2025-03-18 05:31:49', '', '', '', '', '', '', '', '', '', '', '', '', NULL, '', '', 'amount', '0.00', 0, '', NULL, NULL, '1', ''),
(398, 'BID000398', NULL, 'A202502010398', 'PAT0398', 'SHIVA PRASODH', 'Male', '', '', '', '', 46, '9885829808', '', '2025-03-01', 1, '', '', NULL, NULL, '0', 0, '1', '1', 1, 0, 0, '2025-03-18 05:31:49', '', '', '', '', '', '', '', '', '', '', '', '', NULL, '', '', 'amount', '0.00', 0, '', NULL, NULL, '1', ''),
(399, 'BID000399', NULL, 'A202502010399', 'PAT0399', 'MALLESHU', 'Male', '', '', '', '', 56, '0000000000', '', '2025-03-01', 1, '', '', NULL, NULL, '0', 0, '1', '1', 1, 0, 0, '2025-03-18 05:31:49', '', '', '', '', '', '', '', '', '', '', '', '', NULL, '', '', 'amount', '0.00', 0, '', NULL, NULL, '1', ''),
(400, 'BID000400', NULL, 'A202502010400', 'PAT0400', 'DILEEP', 'Male', '', '', '', '', 47, '9668410294', '', '2025-03-01', 1, '', '', NULL, NULL, '0', 0, '1', '1', 1, 0, 0, '2025-03-18 05:31:49', '', '', '', '', '', '', '', '', '', '', '', '', NULL, '', '', 'amount', '0.00', 0, '', NULL, NULL, '1', ''),
(401, 'BID000401', NULL, 'A202502010401', 'PAT0401', 'GOBINDAR GOSH', 'Male', '', '', '', '', 40, '7077653065', '', '2025-03-01', 1, '', '', NULL, NULL, '0', 0, '1', '1', 1, 0, 0, '2025-03-18 05:31:49', '', '', '', '', '', '', '', '', '', '', '', '', NULL, '', '', 'amount', '0.00', 0, '', NULL, NULL, '1', ''),
(402, 'BID000402', NULL, 'A202502010402', 'PAT0402', 'PRAFULLA RAO MANDA', 'Male', '', '', '', '', 42, '9861558202', '', '2025-03-01', 1, '', '', NULL, NULL, '0', 0, '1', '1', 1, 0, 0, '2025-03-18 05:31:49', '', '', '', '', '', '', '', '', '', '', '', '', NULL, '', '', 'amount', '0.00', 0, '', NULL, NULL, '1', ''),
(403, 'BID000403', NULL, 'A202502010403', 'PAT0403', 'KRISHNAPADA BISWAS', 'Male', '', '', '', '', 56, '9861991744', '', '2025-03-01', 1, '', '', NULL, NULL, '0', 0, '1', '1', 1, 0, 0, '2025-03-18 05:31:49', '', '', '', '', '', '', '', '', '', '', '', '', NULL, '', '', 'amount', '0.00', 0, '', NULL, NULL, '1', ''),
(404, 'BID000404', NULL, 'A202502010404', 'PAT0404', 'CH.PADMA', 'Female', '', '', '', '', 44, '0000000000', '', '2025-03-01', 1, '', '', NULL, NULL, '0', 0, '1', '1', 1, 0, 0, '2025-03-18 05:31:49', '', '', '', '', '', '', '', '', '', '', '', '', NULL, '', '', 'amount', '0.00', 0, '', NULL, NULL, '1', ''),
(405, 'BID000405', NULL, 'A202502010405', 'PAT0405', 'CH.JAYALAKSHMI', 'Female', '', '', '', '', 77, '0000000000', '', '2025-03-01', 1, '', '', NULL, NULL, '0', 0, '1', '1', 1, 0, 0, '2025-03-18 05:31:49', '', '', '', '', '', '', '', '', '', '', '', '', NULL, '', '', 'amount', '0.00', 0, '', NULL, NULL, '1', ''),
(406, 'BID000406', NULL, 'A202502010406', 'PAT0406', 'SUJATHA BANARZEA', 'Female', '', '', '', '', 40, '8260003606', '', '2025-03-01', 1, '', '', NULL, NULL, '0', 0, '1', '1', 1, 0, 0, '2025-03-18 05:31:49', '', '', '', '', '', '', '', '', '', '', '', '', NULL, '', '', 'amount', '0.00', 0, '', NULL, NULL, '1', ''),
(407, 'BID000407', NULL, 'A202502010407', 'PAT0407', 'GOPAL PRASAD', 'Male', '', '', '', '', 55, '7749812595', '', '2025-03-01', 1, '', '', NULL, NULL, '0', 0, '1', '1', 1, 0, 0, '2025-03-18 05:31:49', '', '', '', '', '', '', '', '', '', '', '', '', NULL, '', '', 'amount', '0.00', 0, '', NULL, NULL, '1', ''),
(408, 'BID000408', NULL, 'A202502010408', 'PAT0408', 'M.SRIRAMULU', 'Male', '', '', '', '', 65, '9866999686', '', '2025-03-01', 1, '', '', NULL, NULL, '0', 0, '1', '1', 1, 0, 0, '2025-03-18 05:31:49', '', '', '', '', '', '', '', '', '', '', '', '', NULL, '', '', 'amount', '0.00', 0, '', NULL, NULL, '1', ''),
(409, 'BID000409', NULL, 'A202502010409', 'PAT0409', 'VENKATA LAKSHMI', 'Female', '', '', '', '', 55, '9177764776', '', '2025-03-01', 1, '', '', NULL, NULL, '0', 0, '1', '1', 1, 0, 0, '2025-03-18 05:31:49', '', '', '', '', '', '', '', '', '', '', '', '', NULL, '', '', 'amount', '0.00', 0, '', NULL, NULL, '1', ''),
(410, 'BID000410', NULL, 'A202502010410', 'PAT0410', 'VASANTH', 'Male', '', '', '', '', 42, '0000000000', '', '2025-03-01', 1, '', '', NULL, NULL, '0', 0, '1', '1', 1, 0, 0, '2025-03-18 05:31:49', '', '', '', '', '', '', '', '', '', '', '', '', NULL, '', '', 'amount', '0.00', 0, '', NULL, NULL, '1', ''),
(411, 'BID000411', NULL, 'A202502010411', 'PAT0411', 'MOHAN RAO', 'Male', '', '', '', '', 85, '7989123906', '', '2025-03-01', 1, '', '', NULL, NULL, '0', 0, '1', '1', 1, 0, 0, '2025-03-18 05:31:49', '', '', '', '', '', '', '', '', '', '', '', '', NULL, '', '', 'amount', '0.00', 0, '', NULL, NULL, '1', ''),
(412, 'BID000412', NULL, 'A202502010412', 'PAT0412', 'SAMADAS', 'Female', '', '', '', '', 44, '0000000000', '', '2025-03-01', 1, '', '', NULL, NULL, '0', 0, '1', '1', 1, 0, 0, '2025-03-18 05:31:49', '', '', '', '', '', '', '', '', '', '', '', '', NULL, '', '', 'amount', '0.00', 0, '', NULL, NULL, '1', ''),
(413, 'BID000413', NULL, 'A202502010413', 'PAT0413', 'PARIMAL BHAIRAGI', 'Male', '', '', '', '', 56, '9938859392', '', '2025-03-01', 1, '', '', NULL, NULL, '0', 0, '1', '1', 1, 0, 0, '2025-03-18 05:31:49', '', '', '', '', '', '', '', '', '', '', '', '', NULL, '', '', 'amount', '0.00', 0, '', NULL, NULL, '1', ''),
(414, 'BID000414', NULL, 'A202502010414', 'PAT0414', 'BAIKUNTA DHARA', 'Male', '', '', '', '', 39, '9556918907', '', '2025-03-01', 1, '', '', NULL, NULL, '0', 0, '1', '1', 1, 0, 0, '2025-03-18 05:31:49', '', '', '', '', '', '', '', '', '', '', '', '', NULL, '', '', 'amount', '0.00', 0, '', NULL, NULL, '1', ''),
(415, 'BID000415', NULL, 'A202502010415', 'PAT0415', 'BHASKAR DAKWER', 'Male', '', '', '', '', 66, '9178010305', '', '2025-03-01', 1, '', '', NULL, NULL, '0', 0, '1', '1', 1, 0, 0, '2025-03-18 05:31:49', '', '', '', '', '', '', '', '', '', '', '', '', NULL, '', '', 'amount', '0.00', 0, '', NULL, NULL, '1', ''),
(416, 'BID000416', NULL, 'A202502010416', 'PAT0416', 'PRASADH', 'Male', '', '', '', '', 61, '9492725353', '', '2025-03-01', 1, '', '', NULL, NULL, '0', 0, '1', '1', 1, 0, 0, '2025-03-18 05:31:49', '', '', '', '', '', '', '', '', '', '', '', '', NULL, '', '', 'amount', '0.00', 0, '', NULL, NULL, '1', ''),
(417, 'BID000417', NULL, 'A202502010417', 'PAT0417', 'SRI RAMULU', 'Male', '', '', '', '', 65, '0000000000', '', '2025-03-01', 1, '', '', NULL, NULL, '0', 0, '1', '1', 1, 0, 0, '2025-03-18 05:31:49', '', '', '', '', '', '', '', '', '', '', '', '', NULL, '', '', 'amount', '0.00', 0, '', NULL, NULL, '1', ''),
(418, 'BID000418', NULL, 'A202502010418', 'PAT0418', 'D. KAMALA', 'Female', '', '', '', '', 73, '9393926291', '', '2025-03-01', 1, '', '', NULL, NULL, '0', 0, '1', '1', 1, 0, 0, '2025-03-18 05:31:49', '', '', '', '', '', '', '', '', '', '', '', '', NULL, '', '', 'amount', '0.00', 0, '', NULL, NULL, '1', ''),
(419, 'BID000419', NULL, 'A202502010419', 'PAT0419', 'YELLAMMA', 'Female', '', '', '', '', 62, '0000000000', '', '2025-03-01', 1, '', '', NULL, NULL, '0', 0, '1', '1', 1, 0, 0, '2025-03-18 05:31:49', '', '', '', '', '', '', '', '', '', '', '', '', NULL, '', '', 'amount', '0.00', 0, '', NULL, NULL, '1', ''),
(420, 'BID000420', NULL, 'A202502010420', 'PAT0420', 'YV SUBBHA RAO', 'Male', '', '', '', '', 59, '9848534158', '', '2025-03-01', 1, '', '', NULL, NULL, '0', 0, '1', '1', 1, 0, 0, '2025-03-18 05:31:49', '', '', '', '', '', '', '', '', '', '', '', '', NULL, '', '', 'amount', '0.00', 0, '', NULL, NULL, '1', ''),
(421, 'BID000421', NULL, 'A202502010421', 'PAT0421', 'HYMAVATHI', 'Female', '', '', '', '', 44, '9398824210', '', '2025-03-01', 1, '', '', NULL, NULL, '0', 0, '1', '1', 1, 0, 0, '2025-03-18 05:31:49', '', '', '', '', '', '', '', '', '', '', '', '', NULL, '', '', 'amount', '0.00', 0, '', NULL, NULL, '1', ''),
(422, 'BID000422', NULL, 'A202502010422', 'PAT0422', 'RAMACHANDRA RAJU', 'Male', '', '', '', '', 64, '0000000000', '', '2025-03-01', 1, '', '', NULL, NULL, '0', 0, '1', '1', 1, 0, 0, '2025-03-18 05:31:49', '', '', '', '', '', '', '', '', '', '', '', '', NULL, '', '', 'amount', '0.00', 0, '', NULL, NULL, '1', ''),
(423, 'BID000423', NULL, 'A202502010423', 'PAT0423', 'SUSEELA', 'Female', '', '', '', '', 55, '9700955959', '', '2025-03-01', 1, '', '', NULL, NULL, '0', 0, '1', '1', 1, 0, 0, '2025-03-18 05:31:49', '', '', '', '', '', '', '', '', '', '', '', '', NULL, '', '', 'amount', '0.00', 0, '', NULL, NULL, '1', ''),
(424, 'BID000424', NULL, 'A202502010424', 'PAT0424', 'VENKATA RAMAYYA', 'Male', '', '', '', '', 92, '7661017244', '', '2025-03-01', 1, '', '', NULL, NULL, '0', 0, '1', '1', 1, 0, 0, '2025-03-18 05:31:49', '', '', '', '', '', '', '', '', '', '', '', '', NULL, '', '', 'amount', '0.00', 0, '', NULL, NULL, '1', ''),
(425, 'BID000425', NULL, 'A202502010425', 'PAT0425', 'L.DURGA PRASAD', 'Male', '', '', '', '', 54, '9398824210', '', '2025-03-01', 1, '', '', NULL, NULL, '0', 0, '1', '1', 1, 0, 0, '2025-03-18 05:31:49', '', '', '', '', '', '', '', '', '', '', '', '', NULL, '', '', 'amount', '0.00', 0, '', NULL, NULL, '1', ''),
(426, 'BID000426', NULL, 'A202502010426', 'PAT0426', 'S.BHARATHI DEVI', 'Female', '', '', '', '', 85, '7661017244', '', '2025-03-01', 1, '', '', NULL, NULL, '0', 0, '1', '1', 1, 0, 0, '2025-03-18 05:31:49', '', '', '', '', '', '', '', '', '', '', '', '', NULL, '', '', 'amount', '0.00', 0, '', NULL, NULL, '1', ''),
(427, 'BID000427', NULL, 'A202502010427', 'PAT0427', 'SURYA NARAYANA', 'Male', '', '', '', '', 53, '9502855346', '', '2025-03-01', 1, '', '', NULL, NULL, '0', 0, '1', '1', 1, 0, 0, '2025-03-18 05:31:49', '', '', '', '', '', '', '', '', '', '', '', '', NULL, '', '', 'amount', '0.00', 0, '', NULL, NULL, '1', ''),
(428, 'BID000428', NULL, 'A202502010428', 'PAT0428', 'WKA VARDA RAJU', 'Male', '', '', '', '', 61, '0000000000', '', '2025-03-01', 1, '', '', NULL, NULL, '0', 0, '1', '1', 1, 0, 0, '2025-03-18 05:31:49', '', '', '', '', '', '', '', '', '', '', '', '', NULL, '', '', 'amount', '0.00', 0, '', NULL, NULL, '1', ''),
(429, 'BID000429', NULL, 'A202502010429', 'PAT0429', 'M SRINDTH', 'Male', '', '', '', '', 54, '9320406363', '', '2025-03-01', 1, '', '', NULL, NULL, '0', 0, '1', '1', 1, 0, 0, '2025-03-18 05:31:49', '', '', '', '', '', '', '', '', '', '', '', '', NULL, '', '', 'amount', '0.00', 0, '', NULL, NULL, '1', ''),
(430, 'BID000430', NULL, 'A202502010430', 'PAT0430', 'SRIRAMULLU', 'Male', '', '', '', '', 65, '9866999686', '', '2025-03-01', 1, '', '', NULL, NULL, '0', 0, '1', '1', 1, 0, 0, '2025-03-18 05:31:49', '', '', '', '', '', '', '', '', '', '', '', '', NULL, '', '', 'amount', '0.00', 0, '', NULL, NULL, '1', ''),
(431, 'BID000431', NULL, 'A202502010431', 'PAT0431', 'SRINADH', 'Male', '', '', '', '', 54, '0000000000', '', '2025-03-01', 1, '', '', NULL, NULL, '0', 0, '1', '1', 1, 0, 0, '2025-03-18 05:31:49', '', '', '', '', '', '', '', '', '', '', '', '', NULL, '', '', 'amount', '0.00', 0, '', NULL, NULL, '1', ''),
(432, 'BID000432', NULL, 'A202502010432', 'PAT0432', 'SANGAM', 'Male', '', '', '', '', 74, '0000000000', '', '2025-03-01', 1, '', '', NULL, NULL, '0', 0, '1', '1', 1, 0, 0, '2025-03-18 05:31:49', '', '', '', '', '', '', '', '', '', '', '', '', NULL, '', '', 'amount', '0.00', 0, '', NULL, NULL, '1', ''),
(433, 'BID000433', NULL, 'A202502010433', 'PAT0433', 'VENKATALAXMI', 'Female', '', '', '', '', 55, '9177764776', '', '2025-03-01', 1, '', '', NULL, NULL, '0', 0, '1', '1', 1, 0, 0, '2025-03-18 05:31:49', '', '', '', '', '', '', '', '', '', '', '', '', NULL, '', '', 'amount', '0.00', 0, '', NULL, NULL, '1', ''),
(434, 'BID000434', NULL, 'A202502010434', 'PAT0434', 'SUBHA RAO', 'Male', '', '', '', '', 59, '0000000000', '', '2025-03-01', 1, '', '', NULL, NULL, '0', 0, '1', '1', 1, 0, 0, '2025-03-18 05:31:49', '', '', '', '', '', '', '', '', '', '', '', '', NULL, '', '', 'amount', '0.00', 0, '', NULL, NULL, '1', ''),
(435, 'BID000435', NULL, 'A202502010435', 'PAT0435', 'RAMANI', 'Male', '', '', '', '', 54, '8093256320', '', '2025-03-01', 1, '', '', NULL, NULL, '0', 0, '1', '1', 1, 0, 0, '2025-03-18 05:31:49', '', '', '', '', '', '', '', '', '', '', '', '', NULL, '', '', 'amount', '0.00', 0, '', NULL, NULL, '1', ''),
(436, 'BID000436', NULL, 'A202502010436', 'PAT0436', 'PSV GANESH', 'Male', '', '', '', '', 65, '9490662741', '', '2025-03-01', 1, '', '', NULL, NULL, '0', 0, '1', '1', 1, 0, 0, '2025-03-18 05:31:49', '', '', '', '', '', '', '', '', '', '', '', '', NULL, '', '', 'amount', '0.00', 0, '', NULL, NULL, '1', ''),
(437, 'BID000437', NULL, 'A202502010437', 'PAT0437', 'P SAVITHRI', 'Female', '', '', '', '', 60, '9490662741', '', '2025-03-01', 1, '', '', NULL, NULL, '0', 0, '1', '1', 1, 0, 0, '2025-03-18 05:31:49', '', '', '', '', '', '', '', '', '', '', '', '', NULL, '', '', 'amount', '0.00', 0, '', NULL, NULL, '1', ''),
(438, 'BID000438', NULL, 'A202502010438', 'PAT0438', 'SOMADAR', 'Female', '', '', '', '', 44, '0000000000', '', '2025-03-01', 1, '', '', NULL, NULL, '0', 0, '1', '1', 1, 0, 0, '2025-03-18 05:31:49', '', '', '', '', '', '', '', '', '', '', '', '', NULL, '', '', 'amount', '0.00', 0, '', NULL, NULL, '1', ''),
(439, 'BID000439', NULL, 'A202502010439', 'PAT0439', 'NS RAJU', '', '', '', '', '', 0, '8319274077', '', '2025-03-01', 1, '', '', NULL, NULL, '0', 0, '1', '1', 1, 0, 0, '2025-03-18 05:31:49', '', '', '', '', '', '', '', '', '', '', '', '', NULL, '', '', 'amount', '0.00', 0, '', NULL, NULL, '1', ''),
(440, 'BID000440', NULL, 'A202502010440', 'PAT0440', 'PREMIKHURI', '', '', '', '', '', 0, '9437775780', '', '2025-03-01', 1, '', '', NULL, NULL, '0', 0, '1', '1', 1, 0, 0, '2025-03-18 05:31:49', '', '', '', '', '', '', '', '', '', '', '', '', NULL, '', '', 'amount', '0.00', 0, '', NULL, NULL, '1', ''),
(441, 'BID000441', NULL, 'A202502010441', 'PAT0441', 'PRASANTH MANOHAR', '', '', '', '', '', 0, '8169545985', '', '2025-03-01', 1, '', '', NULL, NULL, '0', 0, '1', '1', 1, 0, 0, '2025-03-18 05:31:49', '', '', '', '', '', '', '', '', '', '', '', '', NULL, '', '', 'amount', '0.00', 0, '', NULL, NULL, '1', ''),
(442, 'BID000442', NULL, 'A202502010442', 'PAT0442', 'T SRINIVAS RAP', '', '', '', '', '', 0, '0000000000', '', '2025-03-01', 1, '', '', NULL, NULL, '0', 0, '1', '1', 1, 0, 0, '2025-03-18 05:31:49', '', '', '', '', '', '', '', '', '', '', '', '', NULL, '', '', 'amount', '0.00', 0, '', NULL, NULL, '1', ''),
(443, 'BID000443', NULL, 'A202502010443', 'PAT0443', 'SURIDEVVUDU', '', '', '', '', '', 0, '9866971298', '', '2025-03-01', 1, '', '', NULL, NULL, '0', 0, '1', '1', 1, 0, 0, '2025-03-18 05:31:49', '', '', '', '', '', '', '', '', '', '', '', '', NULL, '', '', 'amount', '0.00', 0, '', NULL, NULL, '1', ''),
(444, 'BID000444', NULL, 'A202502010444', 'PAT0444', 'M RAJA KUMAR', '', '', '', '', '', 0, '8186991286', '', '2025-03-01', 1, '', '', NULL, NULL, '0', 0, '1', '1', 1, 0, 0, '2025-03-18 05:31:49', '', '', '', '', '', '', '', '', '', '', '', '', NULL, '', '', 'amount', '0.00', 0, '', NULL, NULL, '1', ''),
(445, 'BID000445', NULL, 'A202502010445', 'PAT0445', 'D SIVA SANKHAR', '', '', '', '', '', 0, '9246614633', '', '2025-03-01', 1, '', '', NULL, NULL, '0', 0, '1', '1', 1, 0, 0, '2025-03-18 05:31:49', '', '', '', '', '', '', '', '', '', '', '', '', NULL, '', '', 'amount', '0.00', 0, '', NULL, NULL, '1', ''),
(446, 'BID000446', NULL, 'A202502010446', 'PAT0446', 'G RAJESH', '', '', '', '', '', 0, '9642785172', '', '2025-03-01', 1, '', '', NULL, NULL, '0', 0, '1', '1', 1, 0, 0, '2025-03-18 05:31:49', '', '', '', '', '', '', '', '', '', '', '', '', NULL, '', '', 'amount', '0.00', 0, '', NULL, NULL, '1', ''),
(447, 'BID000447', NULL, 'A202502010447', 'PAT0447', 'PKV RAO', '', '', '', '', '', 0, '8978947444', '', '2025-03-01', 1, '', '', NULL, NULL, '0', 0, '1', '1', 1, 0, 0, '2025-03-18 05:31:49', '', '', '', '', '', '', '', '', '', '', '', '', NULL, '', '', 'amount', '0.00', 0, '', NULL, NULL, '1', ''),
(448, 'BID000448', NULL, 'A202502010448', 'PAT0448', 'D VEKATA LAXMI', '', '', '', '', '', 0, '9177764776', '', '2025-03-01', 1, '', '', NULL, NULL, '0', 0, '1', '1', 1, 0, 0, '2025-03-18 05:31:49', '', '', '', '', '', '', '', '', '', '', '', '', NULL, '', '', 'amount', '0.00', 0, '', NULL, NULL, '1', ''),
(449, 'BID000449', NULL, 'A202502010449', 'PAT0449', 'T SRINIVAS A RAO', 'Male', '', '', '', '', 65, '9949466685', '', '2025-03-01', 1, '', '', NULL, NULL, '0', 0, '1', '1', 1, 0, 0, '2025-03-18 05:31:49', '', '', '', '', '', '', '', '', '', '', '', '', NULL, '', '', 'amount', '0.00', 0, '', NULL, NULL, '1', ''),
(450, 'BID000450', NULL, 'A202502010450', 'PAT0450', 'G KALAYANI', '', '', '', '', '', 0, '7815894236', '', '2025-03-01', 1, '', '', NULL, NULL, '0', 0, '1', '1', 1, 0, 0, '2025-03-18 05:31:49', '', '', '', '', '', '', '', '', '', '', '', '', NULL, '', '', 'amount', '0.00', 0, '', NULL, NULL, '1', ''),
(451, 'BID000451', NULL, 'A202502010451', 'PAT0451', 'SANTHOSH KUMAR', '', '', '', '', '', 0, '7032328623', '', '2025-03-01', 1, '', '', NULL, NULL, '0', 0, '1', '1', 1, 0, 0, '2025-03-18 05:31:49', '', '', '', '', '', '', '', '', '', '', '', '', NULL, '', '', 'amount', '0.00', 0, '', NULL, NULL, '1', ''),
(452, 'BID000452', NULL, 'A202502010452', 'PAT0452', 'R APPALA NAIDU', '', '', '', '', '', 0, '9951152507', '', '2025-03-01', 1, '', '', NULL, NULL, '0', 0, '1', '1', 1, 0, 0, '2025-03-18 05:31:49', '', '', '', '', '', '', '', '', '', '', '', '', NULL, '', '', 'amount', '0.00', 0, '', NULL, NULL, '1', ''),
(453, 'BID000453', NULL, 'A202502010453', 'PAT0453', 'TVP PRATHUSHA', '', '', '', '', '', 0, '9985438438', '', '2025-03-01', 1, '', '', NULL, NULL, '0', 0, '1', '1', 1, 0, 0, '2025-03-18 05:31:49', '', '', '', '', '', '', '', '', '', '', '', '', NULL, '', '', 'amount', '0.00', 0, '', NULL, NULL, '1', ''),
(454, 'BID000454', NULL, 'A202502010454', 'PAT0454', 'T SRAVANI', '', '', '', '', '', 0, '7893256713', '', '2025-03-01', 1, '', '', NULL, NULL, '0', 0, '1', '1', 1, 0, 0, '2025-03-18 05:31:49', '', '', '', '', '', '', '', '', '', '', '', '', NULL, '', '', 'amount', '0.00', 0, '', NULL, NULL, '1', ''),
(455, 'BID000455', NULL, 'A202502010455', 'PAT0455', 'UMA MAHESWARI', '', '', '', '', '', 0, '6302681323', '', '2025-03-01', 1, '', '', NULL, NULL, '0', 0, '1', '1', 1, 0, 0, '2025-03-18 05:31:49', '', '', '', '', '', '', '', '', '', '', '', '', NULL, '', '', 'amount', '0.00', 0, '', NULL, NULL, '1', ''),
(456, 'BID000456', NULL, 'A202502010456', 'PAT0456', 'KNV LAXMI', '', '', '', '', '', 0, '9871878942', '', '2025-03-01', 1, '', '', NULL, NULL, '0', 0, '1', '1', 1, 0, 0, '2025-03-18 05:31:49', '', '', '', '', '', '', '', '', '', '', '', '', NULL, '', '', 'amount', '0.00', 0, '', NULL, NULL, '1', ''),
(457, 'BID000457', NULL, 'A202502010457', 'PAT0457', 'A KISHORE KUMAR', 'Male', '', '', '', '', 44, '8374965643', '', '2025-03-01', 1, '', '', NULL, NULL, '0', 0, '1', '1', 1, 0, 0, '2025-03-18 05:31:49', '', '', '', '', '', '', '', '', '', '', '', '', NULL, '', '', 'amount', '0.00', 0, '', NULL, NULL, '1', ''),
(458, 'BID000458', NULL, 'A202502010458', 'PAT0458', 'B VENKATESWARA RAO', 'Male', '', '', '', '', 70, '8328198572', '', '2025-03-01', 1, '', '', NULL, NULL, '0', 0, '1', '1', 1, 0, 0, '2025-03-18 05:31:49', '', '', '', '', '', '', '', '', '', '', '', '', NULL, '', '', 'amount', '0.00', 0, '', NULL, NULL, '1', ''),
(459, 'BID000459', NULL, 'A202502010459', 'PAT0459', 'B VENKATARAMANA', 'Female', '', '', '', '', 65, '8328198572', '', '2025-03-01', 1, '', '', NULL, NULL, '0', 0, '1', '1', 1, 0, 0, '2025-03-18 05:31:49', '', '', '', '', '', '', '', '', '', '', '', '', NULL, '', '', 'amount', '0.00', 0, '', NULL, NULL, '1', ''),
(460, 'BID000460', NULL, 'A202502010460', 'PAT0460', 'K RAMA KRISHNA', '', '', '', '', '', 0, '9246630644', '', '2025-03-01', 1, '', '', NULL, NULL, '0', 0, '1', '1', 1, 0, 0, '2025-03-18 05:31:49', '', '', '', '', '', '', '', '', '', '', '', '', NULL, '', '', 'amount', '0.00', 0, '', NULL, NULL, '1', ''),
(461, 'BID000461', NULL, 'A202502010461', 'PAT0461', 'SURYANARAYANA', '', '', '', '', '', 0, '9505219978', '', '2025-03-01', 1, '', '', NULL, NULL, '0', 0, '1', '1', 1, 0, 0, '2025-03-18 05:31:49', '', '', '', '', '', '', '', '', '', '', '', '', NULL, '', '', 'amount', '0.00', 0, '', NULL, NULL, '1', ''),
(462, 'BID000462', NULL, 'A202502010462', 'PAT0462', 'SD SAIKUMAR', 'Male', '', '', '', '', 24, '7093671721', '', '2025-03-01', 1, '', '', NULL, NULL, '0', 0, '1', '1', 1, 0, 0, '2025-03-18 05:31:49', '', '', '', '', '', '', '', '', '', '', '', '', NULL, '', '', 'amount', '0.00', 0, '', NULL, NULL, '1', ''),
(463, 'BID000463', NULL, 'A202502010463', 'PAT0463', 'CH SUBHA KUMAR', 'Male', '', '', '', '', 47, '9966611543', '', '2025-03-01', 1, '', '', NULL, NULL, '0', 0, '1', '1', 1, 0, 0, '2025-03-18 05:31:49', '', '', '', '', '', '', '', '', '', '', '', '', NULL, '', '', 'amount', '0.00', 0, '', NULL, NULL, '1', ''),
(464, 'BID000464', NULL, 'A202502010464', 'PAT0464', 'M APPALA NAIDU', 'Male', '', '', '', '', 87, '7981235552', '', '2025-03-01', 1, '', '', NULL, NULL, '0', 0, '1', '1', 1, 0, 0, '2025-03-18 05:31:49', '', '', '', '', '', '', '', '', '', '', '', '', NULL, '', '', 'amount', '0.00', 0, '', NULL, NULL, '1', ''),
(465, 'BID000465', NULL, 'A202502010465', 'PAT0465', 'M ESWAR RAO', 'Male', '', '', '', '', 45, '7981235552', '', '2025-03-01', 1, '', '', NULL, NULL, '0', 0, '1', '1', 1, 0, 0, '2025-03-18 05:31:49', '', '', '', '', '', '', '', '', '', '', '', '', NULL, '', '', 'amount', '0.00', 0, '', NULL, NULL, '1', ''),
(466, 'BID000466', NULL, 'A202502010466', 'PAT0466', 'R LAXMI', '', '', '', '', '', 0, '9160387803', '', '2025-03-01', 1, '', '', NULL, NULL, '0', 0, '1', '1', 1, 0, 0, '2025-03-18 05:31:49', '', '', '', '', '', '', '', '', '', '', '', '', NULL, '', '', 'amount', '0.00', 0, '', NULL, NULL, '1', ''),
(467, 'BID000467', NULL, 'A202502010467', 'PAT0467', 'KOWSHALYA', 'Female', '', '', '', '', 52, '9337666737', '', '2025-03-01', 1, '', '', NULL, NULL, '0', 0, '1', '1', 1, 0, 0, '2025-03-18 05:31:49', '', '', '', '', '', '', '', '', '', '', '', '', NULL, '', '', 'amount', '0.00', 0, '', NULL, NULL, '1', ''),
(468, 'BID000468', NULL, 'A202502010468', 'PAT0468', 'MALLESH', 'Male', '', '', '', '', 56, '9491698854', '', '2025-03-01', 1, '', '', NULL, NULL, '0', 0, '1', '1', 1, 0, 0, '2025-03-18 05:31:49', '', '', '', '', '', '', '', '', '', '', '', '', NULL, '', '', 'amount', '0.00', 0, '', NULL, NULL, '1', ''),
(469, 'BID000469', NULL, 'A202502010469', 'PAT0469', 'V PAVANI', 'Female', '', '', '', '', 33, '7569901379', '', '2025-03-01', 1, '', '', NULL, NULL, '0', 0, '1', '1', 1, 0, 0, '2025-03-18 05:31:49', '', '', '', '', '', '', '', '', '', '', '', '', NULL, '', '', 'amount', '0.00', 0, '', NULL, NULL, '1', ''),
(470, 'BID000470', NULL, 'A202502010470', 'PAT0470', 'SHABEENA', 'Female', '', '', '', '', 36, '6309898959', '', '2025-03-01', 1, '', '', NULL, NULL, '0', 0, '1', '1', 1, 0, 0, '2025-03-18 05:31:49', '', '', '', '', '', '', '', '', '', '', '', '', NULL, '', '', 'amount', '0.00', 0, '', NULL, NULL, '1', ''),
(471, 'BID000471', NULL, 'A202502010471', 'PAT0471', 'J JAYA LAXMI', 'Female', '', '', '', '', 69, '7981014394', '', '2025-03-01', 1, '', '', NULL, NULL, '0', 0, '1', '1', 1, 0, 0, '2025-03-18 05:31:49', '', '', '', '', '', '', '', '', '', '', '', '', NULL, '', '', 'amount', '0.00', 0, '', NULL, NULL, '1', ''),
(472, 'BID000472', NULL, 'A202502010472', 'PAT0472', 'ALISHA', '', '', '', '', '', 0, '8971605842', '', '2025-03-01', 1, '', '', NULL, NULL, '0', 0, '1', '1', 1, 0, 0, '2025-03-18 05:31:49', '', '', '', '', '', '', '', '', '', '', '', '', NULL, '', '', 'amount', '0.00', 0, '', NULL, NULL, '1', ''),
(473, 'BID000473', NULL, 'A202502010473', 'PAT0473', 'M RAJESH', '', '', '', '', '', 0, '6301537635', '', '2025-03-01', 1, '', '', NULL, NULL, '0', 0, '1', '1', 1, 0, 0, '2025-03-18 05:31:49', '', '', '', '', '', '', '', '', '', '', '', '', NULL, '', '', 'amount', '0.00', 0, '', NULL, NULL, '1', ''),
(474, 'BID000474', NULL, 'A202502010474', 'PAT0474', 'R LAXMI', '', '', '', '', '', 0, '9160387803', '', '2025-03-01', 1, '', '', NULL, NULL, '0', 0, '1', '1', 1, 0, 0, '2025-03-18 05:31:49', '', '', '', '', '', '', '', '', '', '', '', '', NULL, '', '', 'amount', '0.00', 0, '', NULL, NULL, '1', ''),
(475, 'BID000475', NULL, 'A202502010475', 'PAT0475', 'ISAA', 'Male', '', '', '', '', 34, '9701971743', '', '2025-03-01', 1, '', '', NULL, NULL, '0', 0, '1', '1', 1, 0, 0, '2025-03-18 05:31:49', '', '', '', '', '', '', '', '', '', '', '', '', NULL, '', '', 'amount', '0.00', 0, '', NULL, NULL, '1', ''),
(476, 'BID000476', NULL, 'A202502010476', 'PAT0476', 'K SURYANARAYANA', 'Male', '', '', '', '', 64, '0000000000', '', '2025-03-01', 1, '', '', NULL, NULL, '0', 0, '1', '1', 1, 0, 0, '2025-03-18 05:31:49', '', '', '', '', '', '', '', '', '', '', '', '', NULL, '', '', 'amount', '0.00', 0, '', NULL, NULL, '1', ''),
(477, 'BID000477', NULL, 'A202502010477', 'PAT0477', 'KVG ARUN', 'Male', '', '', '', '', 61, '9618624054', '', '2025-03-01', 1, '', '', NULL, NULL, '0', 0, '1', '1', 1, 0, 0, '2025-03-18 05:31:49', '', '', '', '', '', '', '', '', '', '', '', '', NULL, '', '', 'amount', '0.00', 0, '', NULL, NULL, '1', ''),
(478, 'BID000478', NULL, 'A202502010478', 'PAT0478', 'DVS DHEERAJ', 'Male', '', '', '', '', 26, '9177368999', '', '2025-03-01', 1, '', '', NULL, NULL, '0', 0, '1', '1', 1, 0, 0, '2025-03-18 05:31:49', '', '', '', '', '', '', '', '', '', '', '', '', NULL, '', '', 'amount', '0.00', 0, '', NULL, NULL, '1', '');
INSERT INTO `appointment_online` (`appoint_id`, `bill_id`, `bill_date`, `appoint_register_id`, `appoint_unicode`, `patient_name`, `gender`, `systolic`, `diastolic`, `temperature`, `glucose_level`, `age`, `mobile_number`, `patient_email`, `appoint_date`, `doctor_name`, `start_time`, `end_time`, `check_in`, `check_out`, `invoice_payment`, `doctor_fee`, `appoint_status`, `visitor_status`, `org_id`, `created_by`, `modified_by`, `create_date_time`, `amount_method`, `amount`, `bpSit_systolic`, `bpSit_diastolic`, `bpStand_systolic`, `bpStand_diastolic`, `weight`, `height`, `bmi`, `heart_rate`, `grbs`, `spO2`, `patient_overview`, `transaction_number`, `concession_name`, `concession_type`, `concession_value`, `final_amount`, `respiration_rate`, `valid_from`, `valid_to`, `appointment_status`, `patient_history`) VALUES
(479, 'BID000479', NULL, 'A202502010479', 'PAT0479', 'G LAXMI NARASAMMA', 'Female', '', '', '', '', 60, '9885535862', '', '2025-03-01', 1, '', '', NULL, NULL, '0', 0, '1', '1', 1, 0, 0, '2025-03-18 05:31:49', '', '', '', '', '', '', '', '', '', '', '', '', NULL, '', '', 'amount', '0.00', 0, '', NULL, NULL, '1', ''),
(480, 'BID000480', NULL, 'A202502010480', 'PAT0480', 'M VEERABABU', 'Male', '', '', '', '', 49, '7093933448', '', '2025-03-01', 1, '', '', NULL, NULL, '0', 0, '1', '1', 1, 0, 0, '2025-03-18 05:31:49', '', '', '', '', '', '', '', '', '', '', '', '', NULL, '', '', 'amount', '0.00', 0, '', NULL, NULL, '1', ''),
(481, 'BID000481', NULL, 'A202502010481', 'PAT0481', 'M AVATHARAM', 'Male', '', '', '', '', 38, '9505246903', '', '2025-03-01', 1, '', '', NULL, NULL, '0', 0, '1', '1', 1, 0, 0, '2025-03-18 05:31:49', '', '', '', '', '', '', '', '', '', '', '', '', NULL, '', '', 'amount', '0.00', 0, '', NULL, NULL, '1', ''),
(482, 'BID000482', NULL, 'A202502010482', 'PAT0482', 'T RAMU', 'Male', '', '', '', '', 33, '9573277499', '', '2025-03-01', 1, '', '', NULL, NULL, '0', 0, '1', '1', 1, 0, 0, '2025-03-18 05:31:49', '', '', '', '', '', '', '', '', '', '', '', '', NULL, '', '', 'amount', '0.00', 0, '', NULL, NULL, '1', ''),
(483, 'BID000483', NULL, 'A202502010483', 'PAT0483', 'MADHU SUDHAKAR RAO', 'Male', '', '', '', '', 66, '9440090361', '', '2025-03-01', 1, '', '', NULL, NULL, '0', 0, '1', '1', 1, 0, 0, '2025-03-18 05:31:49', '', '', '', '', '', '', '', '', '', '', '', '', NULL, '', '', 'amount', '0.00', 0, '', NULL, NULL, '1', ''),
(484, 'BID000484', NULL, 'A202502010484', 'PAT0484', 'V LAKSHMI', '', '', '', '', '', 0, '9886767967', '', '2025-03-01', 1, '', '', NULL, NULL, '0', 0, '1', '1', 1, 0, 0, '2025-03-18 05:31:49', '', '', '', '', '', '', '', '', '', '', '', '', NULL, '', '', 'amount', '0.00', 0, '', NULL, NULL, '1', ''),
(485, 'BID000485', NULL, 'A202502010485', 'PAT0485', 'JV NARASIMHARAO', 'Male', '', '', '', '', 55, '8885144474', '', '2025-03-01', 1, '', '', NULL, NULL, '0', 0, '1', '1', 1, 0, 0, '2025-03-18 05:31:49', '', '', '', '', '', '', '', '', '', '', '', '', NULL, '', '', 'amount', '0.00', 0, '', NULL, NULL, '1', ''),
(486, 'BID000486', NULL, 'A202502010486', 'PAT0486', 'INDRA RANI', 'Male', '', '', '', '', 35, '9390074703', '', '2025-03-01', 1, '', '', NULL, NULL, '0', 0, '1', '1', 1, 0, 0, '2025-03-18 05:31:49', '', '', '', '', '', '', '', '', '', '', '', '', NULL, '', '', 'amount', '0.00', 0, '', NULL, NULL, '1', ''),
(487, 'BID000487', NULL, 'A202502010487', 'PAT0487', 'ASHA LATHA', 'Male', '', '', '', '', 56, '9494939000', '', '2025-03-01', 1, '', '', NULL, NULL, '0', 0, '1', '1', 1, 0, 0, '2025-03-18 05:31:49', '', '', '', '', '', '', '', '', '', '', '', '', NULL, '', '', 'amount', '0.00', 0, '', NULL, NULL, '1', ''),
(488, 'BID000488', NULL, 'A202502010488', 'PAT0488', 'V SRINIVASA RAO', 'Male', '', '', '', '', 0, '9443884679', '', '2025-03-01', 1, '', '', NULL, NULL, '0', 0, '1', '1', 1, 0, 0, '2025-03-18 05:31:49', '', '', '', '', '', '', '', '', '', '', '', '', NULL, '', '', 'amount', '0.00', 0, '', NULL, NULL, '1', ''),
(489, 'BID000489', NULL, 'A202502010489', 'PAT0489', 'A PARVATHI', 'Female', '', '', '', '', 65, '8247681724', '', '2025-03-01', 1, '', '', NULL, NULL, '0', 0, '1', '1', 1, 0, 0, '2025-03-18 05:31:49', '', '', '', '', '', '', '', '', '', '', '', '', NULL, '', '', 'amount', '0.00', 0, '', NULL, NULL, '1', ''),
(490, 'BID000490', NULL, 'A202502010490', 'PAT0490', 'SANTHOSI', 'Female', '', '', '', '', 0, '9704499136', '', '2025-03-01', 1, '', '', NULL, NULL, '0', 0, '1', '1', 1, 0, 0, '2025-03-18 05:31:49', '', '', '', '', '', '', '', '', '', '', '', '', NULL, '', '', 'amount', '0.00', 0, '', NULL, NULL, '1', ''),
(491, 'BID000491', NULL, 'A202502010491', 'PAT0491', 'MATTA LAKSHMAN RAO', 'Male', '', '', '', '', 0, '9866403430', '', '2025-03-01', 1, '', '', NULL, NULL, '0', 0, '1', '1', 1, 0, 0, '2025-03-18 05:31:49', '', '', '', '', '', '', '', '', '', '', '', '', NULL, '', '', 'amount', '0.00', 0, '', NULL, NULL, '1', ''),
(492, 'BID000492', NULL, 'A202502010492', 'PAT0492', 'GURU MURTHY', 'Male', '', '', '', '', 0, '7010840550', '', '2025-03-01', 1, '', '', NULL, NULL, '0', 0, '1', '1', 1, 0, 0, '2025-03-18 05:31:49', '', '', '', '', '', '', '', '', '', '', '', '', NULL, '', '', 'amount', '0.00', 0, '', NULL, NULL, '1', ''),
(493, 'BID000493', NULL, 'A202502010493', 'PAT0493', 'SURYA NARAYANA', 'Male', '', '', '', '', 0, '9940570110', '', '2025-03-01', 1, '', '', NULL, NULL, '0', 0, '1', '1', 1, 0, 0, '2025-03-18 05:31:49', '', '', '', '', '', '', '', '', '', '', '', '', NULL, '', '', 'amount', '0.00', 0, '', NULL, NULL, '1', ''),
(494, 'BID000494', NULL, 'A202502010494', 'PAT0494', 'APPALA NADUDU', 'Male', '', '', '', '', 0, '9989566121', '', '2025-03-01', 1, '', '', NULL, NULL, '0', 0, '1', '1', 1, 0, 0, '2025-03-18 05:31:49', '', '', '', '', '', '', '', '', '', '', '', '', NULL, '', '', 'amount', '0.00', 0, '', NULL, NULL, '1', ''),
(495, 'BID000495', NULL, 'A202502010495', 'PAT0495', 'ESWARA RAO', 'Male', '', '', '', '', 0, '9676703349', '', '2025-03-01', 1, '', '', NULL, NULL, '0', 0, '1', '1', 1, 0, 0, '2025-03-18 05:31:49', '', '', '', '', '', '', '', '', '', '', '', '', NULL, '', '', 'amount', '0.00', 0, '', NULL, NULL, '1', ''),
(496, 'BID000496', NULL, 'A202502010496', 'PAT0496', 'KRISHNA', 'Male', '', '', '', '', 0, '9989566121', '', '2025-03-01', 1, '', '', NULL, NULL, '0', 0, '1', '1', 1, 0, 0, '2025-03-18 05:31:49', '', '', '', '', '', '', '', '', '', '', '', '', NULL, '', '', 'amount', '0.00', 0, '', NULL, NULL, '1', ''),
(497, 'BID000497', NULL, 'A202502010497', 'PAT0497', 'JAYA LAKSHMI', 'Female', '', '', '', '', 0, '7386676580', '', '2025-03-01', 1, '', '', NULL, NULL, '0', 0, '1', '1', 1, 0, 0, '2025-03-18 05:31:49', '', '', '', '', '', '', '', '', '', '', '', '', NULL, '', '', 'amount', '0.00', 0, '', NULL, NULL, '1', ''),
(498, 'BID000498', NULL, 'A202502010498', 'PAT0498', 'VISWANADHYAM', 'Male', '', '', '', '', 0, '8790299827', '', '2025-03-01', 1, '', '', NULL, NULL, '0', 0, '1', '1', 1, 0, 0, '2025-03-18 05:31:49', '', '', '', '', '', '', '', '', '', '', '', '', NULL, '', '', 'amount', '0.00', 0, '', NULL, NULL, '1', ''),
(499, 'BID000499', NULL, 'A202502010499', 'PAT0499', 'KUMAR BHARAT', 'Male', '', '', '', '', 0, '8895310895', '', '2025-03-01', 1, '', '', NULL, NULL, '0', 0, '1', '1', 1, 0, 0, '2025-03-18 05:31:49', '', '', '', '', '', '', '', '', '', '', '', '', NULL, '', '', 'amount', '0.00', 0, '', NULL, NULL, '1', ''),
(500, 'BID000500', NULL, 'A202502010500', 'PAT0500', 'SATYA', 'Male', '', '', '', '', 0, '8106256695', '', '2025-03-01', 1, '', '', NULL, NULL, '0', 0, '1', '1', 1, 0, 0, '2025-03-18 05:31:49', '', '', '', '', '', '', '', '', '', '', '', '', NULL, '', '', 'amount', '0.00', 0, '', NULL, NULL, '1', ''),
(501, 'BID000501', NULL, 'A202502010501', 'PAT0501', 'NARASIMHARAO', 'Male', '', '', '', '', 0, '9849805458', '', '2025-03-01', 1, '', '', NULL, NULL, '0', 0, '1', '1', 1, 0, 0, '2025-03-18 05:31:49', '', '', '', '', '', '', '', '', '', '', '', '', NULL, '', '', 'amount', '0.00', 0, '', NULL, NULL, '1', ''),
(502, 'BID000502', NULL, 'A202502010502', 'PAT0502', 'NARASIMHA RAO', 'Male', '', '', '', '', 0, '9963526555', '', '2025-03-01', 1, '', '', NULL, NULL, '0', 0, '1', '1', 1, 0, 0, '2025-03-18 05:31:49', '', '', '', '', '', '', '', '', '', '', '', '', NULL, '', '', 'amount', '0.00', 0, '', NULL, NULL, '1', ''),
(503, 'BID000503', NULL, 'A202502010503', 'PAT0503', 'APPARAO', 'Male', '', '', '', '', 0, '9399928353', '', '2025-03-01', 1, '', '', NULL, NULL, '0', 0, '1', '1', 1, 0, 0, '2025-03-18 05:31:49', '', '', '', '', '', '', '', '', '', '', '', '', NULL, '', '', 'amount', '0.00', 0, '', NULL, NULL, '1', ''),
(504, 'BID000504', NULL, 'A202502010504', 'PAT0504', 'SATYAVATHI', 'Female', '', '', '', '', 0, '8688523669', '', '2025-03-01', 1, '', '', NULL, NULL, '0', 0, '1', '1', 1, 0, 0, '2025-03-18 05:31:49', '', '', '', '', '', '', '', '', '', '', '', '', NULL, '', '', 'amount', '0.00', 0, '', NULL, NULL, '1', ''),
(505, 'BID000505', NULL, 'A202502010505', 'PAT0505', 'RAMESH NAIDU', 'Male', '', '', '', '', 0, '9493878877', '', '2025-03-01', 1, '', '', NULL, NULL, '0', 0, '1', '1', 1, 0, 0, '2025-03-18 05:31:49', '', '', '', '', '', '', '', '', '', '', '', '', NULL, '', '', 'amount', '0.00', 0, '', NULL, NULL, '1', ''),
(506, 'BID000506', NULL, 'A202502010506', 'PAT0506', 'RAVISHANKAR', 'Male', '', '', '', '', 0, '8309313793', '', '2025-03-01', 1, '', '', NULL, NULL, '0', 0, '1', '1', 1, 0, 0, '2025-03-18 05:31:49', '', '', '', '', '', '', '', '', '', '', '', '', NULL, '', '', 'amount', '0.00', 0, '', NULL, NULL, '1', ''),
(507, 'BID000507', NULL, 'A202502010507', 'PAT0507', 'LAKSHMI NAVEEN', '', '', '', '', '', 0, '9347329910', '', '2025-03-01', 1, '', '', NULL, NULL, '0', 0, '1', '1', 1, 0, 0, '2025-03-18 05:31:49', '', '', '', '', '', '', '', '', '', '', '', '', NULL, '', '', 'amount', '0.00', 0, '', NULL, NULL, '1', ''),
(508, 'BID000508', NULL, 'A202502010508', 'PAT0508', 'HARI', 'Male', '', '', '', '', 0, '9966280480', '', '2025-03-01', 1, '', '', NULL, NULL, '0', 0, '1', '1', 1, 0, 0, '2025-03-18 05:31:49', '', '', '', '', '', '', '', '', '', '', '', '', NULL, '', '', 'amount', '0.00', 0, '', NULL, NULL, '1', ''),
(509, 'BID000509', NULL, 'A202502010509', 'PAT0509', 'VARALAKSHMI', 'Female', '', '', '', '', 0, '8341296866', '', '2025-03-01', 1, '', '', NULL, NULL, '0', 0, '1', '1', 1, 0, 0, '2025-03-18 05:31:49', '', '', '', '', '', '', '', '', '', '', '', '', NULL, '', '', 'amount', '0.00', 0, '', NULL, NULL, '1', ''),
(510, 'BID000510', NULL, 'A202502010510', 'PAT0510', 'TEJESH', 'Male', '', '', '', '', 0, '8186942354', '', '2025-03-01', 1, '', '', NULL, NULL, '0', 0, '1', '1', 1, 0, 0, '2025-03-18 05:31:49', '', '', '', '', '', '', '', '', '', '', '', '', NULL, '', '', 'amount', '0.00', 0, '', NULL, NULL, '1', ''),
(511, 'BID000511', '2025-09-09', 'A202502010511', 'PAT0511', 'SRINIVAS', 'Male', '', '', '', '', 0, '8801335564', '', '2025-03-01', 1, '', '', NULL, NULL, '0', 0, '1', '1', 1, 0, 0, '2025-09-09 10:28:53', '', '', '', '', '', '', '', '', '', '', '', '', NULL, '', '', 'amount', '0.00', 0, '', NULL, NULL, '1', ''),
(512, 'BID000512', NULL, 'A202502010512', 'PAT0512', 'MALLESH', 'Male', '', '', '', '', 0, '9491698854', '', '2025-03-01', 1, '', '', NULL, NULL, '0', 0, '1', '1', 1, 0, 0, '2025-03-18 05:31:49', '', '', '', '', '', '', '', '', '', '', '', '', NULL, '', '', 'amount', '0.00', 0, '', NULL, NULL, '1', ''),
(513, 'BID000513', NULL, 'A202502010513', 'PAT0513', 'MEENA', 'Female', '', '', '', '', 0, '9014006515', '', '2025-03-01', 1, '', '', NULL, NULL, '0', 0, '1', '1', 1, 0, 0, '2025-03-18 05:31:49', '', '', '', '', '', '', '', '', '', '', '', '', NULL, '', '', 'amount', '0.00', 0, '', NULL, NULL, '1', ''),
(514, 'BID000514', NULL, 'A202502010514', 'PAT0514', 'TIRUMALA REDDY', 'Male', '', '', '', '', 0, '9052227995', '', '2025-03-01', 1, '', '', NULL, NULL, '0', 0, '1', '1', 1, 0, 0, '2025-03-18 05:31:49', '', '', '', '', '', '', '', '', '', '', '', '', NULL, '', '', 'amount', '0.00', 0, '', NULL, NULL, '1', ''),
(515, 'BID000515', NULL, 'A202502010515', 'PAT0515', 'MURTHY', 'Male', '', '', '', '', 0, '6300594539', '', '2025-03-01', 1, '', '', NULL, NULL, '0', 0, '1', '1', 1, 0, 0, '2025-03-18 05:31:49', '', '', '', '', '', '', '', '', '', '', '', '', NULL, '', '', 'amount', '0.00', 0, '', NULL, NULL, '1', ''),
(516, 'BID000516', NULL, 'A202502010516', 'PAT0516', 'LALITHA', 'Female', '', '', '', '', 0, '6281213878', '', '2025-03-01', 1, '', '', NULL, NULL, '0', 0, '1', '1', 1, 0, 0, '2025-03-18 05:31:49', '', '', '', '', '', '', '', '', '', '', '', '', NULL, '', '', 'amount', '0.00', 0, '', NULL, NULL, '1', ''),
(517, 'BID000517', NULL, 'A202502010517', 'PAT0517', 'RAMPRASAD', 'Male', '', '', '', '', 0, '8125524999', '', '2025-03-01', 1, '', '', NULL, NULL, '0', 0, '1', '1', 1, 0, 0, '2025-03-18 05:31:49', '', '', '', '', '', '', '', '', '', '', '', '', NULL, '', '', 'amount', '0.00', 0, '', NULL, NULL, '1', ''),
(518, 'BID000518', NULL, 'A202502010518', 'PAT0518', 'DHANA LAKSHMI', '', '', '', '', '', 0, '9440996481', '', '2025-03-01', 1, '', '', NULL, NULL, '0', 0, '1', '1', 1, 0, 0, '2025-03-18 05:31:49', '', '', '', '', '', '', '', '', '', '', '', '', NULL, '', '', 'amount', '0.00', 0, '', NULL, NULL, '1', ''),
(519, 'BID000519', NULL, 'A202502010519', 'PAT0519', 'KUSUMA', 'Female', '', '', '', '', 0, '7993180388', '', '2025-03-01', 1, '', '', NULL, NULL, '0', 0, '1', '1', 1, 0, 0, '2025-03-18 05:31:49', '', '', '', '', '', '', '', '', '', '', '', '', NULL, '', '', 'amount', '0.00', 0, '', NULL, NULL, '1', ''),
(520, 'BID000520', NULL, 'A202502010520', 'PAT0520', 'ANANTH SATYA NARAYANA', 'Male', '', '', '', '', 0, '9885592837', '', '2025-03-01', 1, '', '', NULL, NULL, '0', 0, '1', '1', 1, 0, 0, '2025-03-18 05:31:49', '', '', '', '', '', '', '', '', '', '', '', '', NULL, '', '', 'amount', '0.00', 0, '', NULL, NULL, '1', ''),
(521, 'BID000521', NULL, 'A202502010521', 'PAT0521', 'SARADHA LAKSHM', '', '', '', '', '', 0, '9885592837', '', '2025-03-01', 1, '', '', NULL, NULL, '0', 0, '1', '1', 1, 0, 0, '2025-03-18 05:31:49', '', '', '', '', '', '', '', '', '', '', '', '', NULL, '', '', 'amount', '0.00', 0, '', NULL, NULL, '1', ''),
(522, 'BID000522', NULL, 'A202502010522', 'PAT0522', 'ESWARI', 'Female', '', '', '', '', 0, '7396416800', '', '2025-03-01', 1, '', '', NULL, NULL, '0', 0, '1', '1', 1, 0, 0, '2025-03-18 05:31:49', '', '', '', '', '', '', '', '', '', '', '', '', NULL, '', '', 'amount', '0.00', 0, '', NULL, NULL, '1', ''),
(523, 'BID000523', NULL, 'A202502010523', 'PAT0523', 'UDHY KUMAR', 'Male', '', '', '', '', 0, '9133316800', '', '2025-03-01', 1, '', '', NULL, NULL, '0', 0, '1', '1', 1, 0, 0, '2025-03-18 05:31:49', '', '', '', '', '', '', '', '', '', '', '', '', NULL, '', '', 'amount', '0.00', 0, '', NULL, NULL, '1', ''),
(524, 'BID000524', NULL, 'A202502010524', 'PAT0524', 'BHARATH', 'Male', '', '', '', '', 0, '9704959579', '', '2025-03-01', 1, '', '', NULL, NULL, '0', 0, '1', '1', 1, 0, 0, '2025-03-18 05:31:49', '', '', '', '', '', '', '', '', '', '', '', '', NULL, '', '', 'amount', '0.00', 0, '', NULL, NULL, '1', ''),
(525, 'BID000525', NULL, 'A202502010525', 'PAT0525', 'NAGALAKSHMI', 'Female', '', '', '', '', 0, '9505794841', '', '2025-03-01', 1, '', '', NULL, NULL, '0', 0, '1', '1', 1, 0, 0, '2025-03-18 05:31:49', '', '', '', '', '', '', '', '', '', '', '', '', NULL, '', '', 'amount', '0.00', 0, '', NULL, NULL, '1', ''),
(526, 'BID000526', NULL, 'A202502010526', 'PAT0526', 'APPARAO', 'Male', '', '', '', '', 0, '9949187509', '', '2025-03-01', 1, '', '', NULL, NULL, '0', 0, '1', '1', 1, 0, 0, '2025-03-18 05:31:49', '', '', '', '', '', '', '', '', '', '', '', '', NULL, '', '', 'amount', '0.00', 0, '', NULL, NULL, '1', ''),
(527, 'BID000527', NULL, 'A202502010527', 'PAT0527', 'LAXMIKANTH', 'Male', '', '', '', '', 0, '7337056260', '', '2025-03-01', 1, '', '', NULL, NULL, '0', 0, '1', '1', 1, 0, 0, '2025-03-18 05:31:49', '', '', '', '', '', '', '', '', '', '', '', '', NULL, '', '', 'amount', '0.00', 0, '', NULL, NULL, '1', ''),
(528, 'BID000528', NULL, 'A202502010528', 'PAT0528', 'JAGADESWARI', 'Female', '', '', '', '', 0, '7995813169', '', '2025-03-01', 1, '', '', NULL, NULL, '0', 0, '1', '1', 1, 0, 0, '2025-03-18 05:31:49', '', '', '', '', '', '', '', '', '', '', '', '', NULL, '', '', 'amount', '0.00', 0, '', NULL, NULL, '1', ''),
(529, 'BID000529', NULL, 'A202502010529', 'PAT0529', 'PADMAVATHI', 'Female', '', '', '', '', 0, '9703194053', '', '2025-03-01', 1, '', '', NULL, NULL, '0', 0, '1', '1', 1, 0, 0, '2025-03-18 05:31:49', '', '', '', '', '', '', '', '', '', '', '', '', NULL, '', '', 'amount', '0.00', 0, '', NULL, NULL, '1', ''),
(530, 'BID000530', NULL, 'A202502010530', 'PAT0530', 'SRINIVAS', 'Male', '', '', '', '', 0, '7989123906', '', '2025-03-01', 1, '', '', NULL, NULL, '0', 0, '1', '1', 1, 0, 0, '2025-03-18 05:31:49', '', '', '', '', '', '', '', '', '', '', '', '', NULL, '', '', 'amount', '0.00', 0, '', NULL, NULL, '1', ''),
(531, 'BID000531', '2025-05-07', 'A202502010531', 'PAT0531', 'VIJAY KUMAR', 'Male', '', '', '', '', 0, '9492561599', '', '2025-03-01', 1, '', '', NULL, NULL, '0', 0, '1', '1', 1, 0, 0, '2025-05-07 04:41:54', '', '', '', '', '', '', '', '', '', '', '', '', NULL, '', '', 'amount', '0.00', 0, '', NULL, NULL, '1', ''),
(595, 'BID000001', '2025-06-03', 'A202506030001', 'PAT0532', 'durga', 'Female', '', '', '', '', 33, '7731070977', '', '2025-06-03', 1, '17:21', '17:36', NULL, NULL, '0', 0, '1', '0', 1, 1, 1, '2025-06-04 04:13:33', '', '500', '120', '80', '', '', '70', '170', '24.22', '', '65', '', '', '', '', 'amount', '0.00', 0, '', '2025-06-03', '2025-06-16', '1', 'A202506030001_1.jpg'),
(596, 'BID000533', NULL, 'A202507180001', 'PAT0010', 'G KALAYANI', 'Female', '', '', '', '', 49, '7995908643', '', '2025-07-18', 14, '10:02', '10:32', NULL, NULL, '0', 0, '1', '0', 1, 2, 2, '2025-07-18 04:12:27', '', '400', '120', '80', '', '', '', '', '', '', '', '', '', '', '', 'amount', '0.00', 0, '', '2025-07-18', '2025-07-31', '1', ''),
(597, 'BID000534', NULL, 'A202508290001', 'PAT0022', 'S D SAIKUMAR', 'Male', '', '', '', '', 23, '9866298153', '', '2025-08-29', 1, '9:40', '9:55', NULL, NULL, '0', 0, '1', '0', 1, 2, 2, '2025-08-29 05:25:48', '', '500', '', '', '', '', '', '', '', '', '', '', '', '', '', 'amount', '0.00', 0, '', '2025-08-29', '2025-09-11', '0', ''),
(598, 'BID000535', NULL, 'A202508290002', 'PAT0012', 'G NARAYANA', 'Male', '', '', '', '', 47, '7077538378', '', '2025-08-29', 1, '9:55', '10:10', NULL, NULL, '0', 0, '1', '2', 1, 2, 2, '2025-08-29 05:30:13', '', '500', '', '', '', '', '', '', '', '', '', '', '', '', '', 'amount', '0.00', 0, '', '2025-08-29', '2025-09-11', '0', ''),
(599, 'BID000536', NULL, 'A202508290003', 'PAT0005', 'CH JAYA LAXMI', 'Female', '', '', '', '', 78, '7981501223', '', '2025-08-29', 1, '10:10', '10:25', NULL, NULL, '0', 0, '1', '0', 1, 2, 2, '2025-08-29 05:17:19', '', '500', '', '', '', '', '', '', '', '', '', '', '', '', '', 'amount', '0.00', 0, '', '2025-08-29', '2025-09-11', '0', ''),
(600, 'BID000537', NULL, 'A202508290004', 'PAT0011', 'G LAXMI', 'Female', '', '', '', '', 63, '8699494819', '', '2025-08-29', 1, '10:25', '10:40', NULL, NULL, '0', 0, '1', '1', 1, 2, 2, '2025-08-29 03:56:57', '', '500', '', '', '', '', '', '', '', '', '', '', '', '', '', 'amount', '0.00', 0, '', '2025-08-29', '2025-09-11', '0', ''),
(601, 'BID000538', NULL, 'A202509010001', 'PAT0004', 'K.BHASKAR RAO', 'Male', '', '', '', '', 66, '9550575634', '', '2025-09-01', 1, '12:10', '12:25', NULL, NULL, '0', 0, '1', '0', 1, 2, 2, '2025-09-01 10:11:03', '', '500', '', '', '', '', '', '', '', '', '', '', '', '', '', 'amount', '0.00', 0, '', '2025-09-01', '2025-09-14', '1', ''),
(602, 'BID000539', NULL, 'A202509010002', 'PAT0006', 'V YERRAMMA', 'Female', '', '', '', '', 51, '9966188420', '', '2025-09-01', 1, '15:55', '16:10', NULL, NULL, '0', 0, '1', '2', 1, 2, 2, '2025-09-01 10:12:37', '', '500', '', '', '', '', '', '', '', '', '', '', '', '', '', 'amount', '0.00', 0, '', '2025-09-01', '2025-09-14', '0', ''),
(603, 'BID000540', NULL, 'A202509020001', 'PAT0022', 'S D SAIKUMAR', 'Male', '', '', '', '', 23, '9866298153', '', '2025-09-02', 1, '10:10', '10:25', NULL, NULL, '0', 0, '1', '1', 1, 2, 2, '2025-09-02 05:24:07', '', '500', '', '', '', '', '', '', '', '', '', '', '', '', '', 'amount', '0.00', 0, '', '0000-00-00', '2025-09-11', '0', ''),
(604, 'BID000541', NULL, 'A202509020002', 'PAT0006', 'V YERRAMMA', 'Female', '', '', '', '', 51, '9966188420', '', '2025-09-02', 1, '11:40', '11:55', NULL, NULL, '0', 0, '1', '1', 1, 2, 2, '2025-09-02 06:02:49', '', '500', '', '', '', '', '', '', '', '', '', '', '', '', '', 'amount', '0.00', 0, '', '0000-00-00', '2025-09-14', '0', ''),
(605, 'BID000542', '2025-09-03', 'A202509030001', 'PAT0019', 'K JANAKI', 'Female', '', '', '', '', 0, '1111111111', '', '2025-09-03', 1, '11:10', '11:25', NULL, NULL, '0', 0, '1', '2', 1, 2, 2, '2025-09-03 06:46:54', '', '500', '', '', '', '', '', '', '', '', '', '', '', '', '', 'amount', '0.00', 0, '', '2025-09-03', '2025-09-16', '1', ''),
(606, 'BID000001', NULL, 'A202509040001', 'PAT0003', 'KHANDIA BENIA', 'Female', '', '', '', '', 43, '9438781762', '', '2025-09-04', 1, '9:25', '9:40', NULL, NULL, '0', 0, '1', '1', 1, 1, 1, '2025-09-04 03:54:00', '', '500', '', '', '', '', '', '', '', '', '', '', '', '', '', 'amount', '0.00', 0, '', '2025-09-04', '2025-09-17', '0', ''),
(607, 'BID000001', NULL, 'A202509040002', 'PAT0015', 'ASWHIN KUMAR PATRO', 'Male', '', '', '', '', 31, '9437455423', '', '2025-09-04', 1, '9:40', '9:55', NULL, NULL, '0', 0, '1', '1', 1, 1, 2, '2025-09-04 12:07:00', '', '500', '', '', '', '', '', '', '', '', '', '', '', '', '3', 'percentage', '20.00', 0, '', '2025-09-04', '2025-09-17', '0', ''),
(608, 'BID000545', NULL, 'A202509040003', 'PAT0005', 'CH JAYA LAXMI', 'Female', '', '', '', '', 78, '7981501223', '', '2025-09-04', 1, '14:10', '14:25', NULL, NULL, '0', 0, '1', '1', 1, 2, 2, '2025-09-04 07:30:23', '', '500', '', '', '', '', '', '', '', '', '', '', '', '', '', 'amount', '0.00', 0, '', '0000-00-00', '2025-09-11', '0', ''),
(609, 'BID000546', '2025-09-08', 'A202509040004', 'PAT0004', 'K.BHASKAR RAO', 'Male', '', '', '', '', 66, '9550575634', '', '2025-09-04', 1, '17:10', '17:25', NULL, NULL, '0', 0, '1', '1', 1, 2, 2, '2025-09-08 08:39:03', 'Cash', '0', '', '', '', '', '', '', '', '', '', '', '', '1448478AFFGH25154', '1', 'percentage', '0.00', 0, '', '0000-00-00', '2025-09-14', '0', ''),
(610, 'BID000547', '2025-09-09', 'A202509040005', 'PAT0020', 'S VENKATA RAO', 'Male', '', '', '', '', 59, '9866298153', '', '2025-09-04', 1, '18:10', '18:25', NULL, NULL, '0', 0, '1', '1', 1, 2, 2, '2025-09-09 10:28:45', '', '500', '', '', '', '', '', '', '', '', '', '', '', '', '1', 'amount', '100', 0, '', '2025-09-04', '2025-09-17', '0', ''),
(611, 'BID000548', '2025-09-05', 'A202509050001', 'PAT0533', 'Y.BHIMA RAJU', 'Male', '', '', '', '', 88, '9492248028', '', '2025-09-05', 1, '9:55', '10:10', NULL, NULL, '0', 0, '1', '0', 1, 2, 2, '2025-09-05 05:20:18', 'Cash', '500', '', '', '', '', '', '', '', '', '', '', '', 'jnbkjsbcdbsd', '2', 'amount', '150.00', 0, '', '2025-09-05', '2025-09-18', '0', ''),
(612, 'BID000549', '2025-09-05', 'A202509050002', 'PAT0532', 'durga', 'Female', '', '', '', '', 33, '7731070977', '', '2025-09-05', 1, '10:00', '10:15', NULL, NULL, '0', 0, '1', '2', 1, 2, 2, '2025-09-10 04:35:28', 'Cash', '500', '120', '80', '', '', '70', '170', '24.22', '', '65', '', '', 'ghfg6756', '1', 'percentage', '50', 0, '', '2025-09-05', '2025-09-18', '1', 'A202509050002_1.webp'),
(613, 'BID000550', NULL, 'A202509090001', 'PAT0534', 'test', 'Female', '', '', '', '', 24, '6546746657', '', '2025-09-09', 13, '17:26', '17:46', NULL, NULL, '0', 0, '1', '2', 1, 2, 2, '2025-09-09 11:00:05', '', '300', '', '', '', '', '', '', '', '', '', '', '', '', '', '', '', 0, '', '2025-09-09', '2025-09-22', '0', ''),
(614, 'BID000551', NULL, 'A202509090002', 'PAT0012', 'G NARAYANA', 'Male', '', '', '', '', 47, '7077538378', '', '2025-09-09', 13, '18:26', '18:46', NULL, NULL, '0', 0, '1', '1', 1, 2, 2, '2025-09-09 10:58:37', '', '300', '', '', '', '', '', '', '', '', '', '', '', '', '', '', '', 0, '', '0000-00-00', '2025-09-11', '0', ''),
(615, 'BID000552', NULL, 'A202509090003', 'PAT0013', 'CH PADMA', 'Female', '', '', '', '', 44, '8885991222', '', '2025-09-09', 13, '19:06', '19:26', NULL, NULL, '0', 0, '1', '1', 1, 2, 2, '2025-09-09 10:59:35', '', '300', '', '', '', '', '', '', '', '', '', '', '', '', '', '', '', 0, '', '2025-09-09', '2025-09-22', '0', ''),
(616, 'BID000553', NULL, 'A202509120001', 'PAT0013', 'CH PADMA', 'Female', '', '', '', '', 44, '8885991222', '', '2025-09-12', 11, '12:00', '12:15', NULL, NULL, '0', 0, '1', '1', 1, 2, 2, '2025-09-12 06:01:56', 'Cash', '300', '', '', '', '', '', '', '', '', '', '', '', '', '1', 'percentage', '50', 150, '', '0000-00-00', '2025-09-22', '0', ''),
(617, 'BID000554', NULL, 'A202509120002', 'PAT0012', 'G NARAYANA', 'Male', '', '', '', '', 47, '7077538378', '', '2025-09-12', 11, '13:45', '14:00', NULL, NULL, '0', 0, '1', '1', 1, 2, 2, '2025-09-12 06:03:08', 'UPI', '300', '', '', '', '', '', '', '', '', '', '', '', '123456789', '1', 'amount', '50', 250, '', '2025-09-12', '2025-09-25', '0', ''),
(618, 'BID000555', NULL, 'A202509120003', 'PAT0014', 'B RAVI', 'Male', '', '', '', '', 37, '9703456878', '', '2025-09-12', 11, '13:15', '13:30', NULL, NULL, '0', 0, '1', '1', 1, 2, 2, '2025-09-12 06:03:43', 'Cash', '300', '', '', '', '', '', '', '', '', '', '', '', '', '', '', '', 300, '', '2025-09-12', '2025-09-25', '0', ''),
(619, 'BID000556', NULL, 'A202509150001', 'PAT0010', 'G KALAYANI', 'Female', '', '', '', '', 49, '7995908643', '', '2025-09-15', 13, '11:58', '12:18', NULL, NULL, '0', 0, '1', '1', 1, 2, 2, '2025-09-15 04:49:22', 'Cash', '300', '120', '80', '', '', '', '', '', '', '', '', '', '', '', '', '', 300, '', '2025-09-15', '2025-09-28', '1', ''),
(620, 'BID000557', NULL, 'A202509160001', 'PAT0011', 'G LAXMI', 'Female', '', '', '', '', 63, '8699494819', '', '2025-09-16', 1, '16:00', '16:15', '2025-09-16 12:38:12', '2025-09-16 12:38:34', '1', 0, '1', '0', 1, 2, 2, '2025-09-16 07:17:56', 'Cash', '500', '', '', '', '', '', '', '', '', '', '', '', '', '1', 'amount', '50', 450, '', '2025-09-16', '2025-09-29', '0', ''),
(621, 'BID000001', NULL, 'A202509160002', 'PAT0068', 'IRMAIL', 'Male', '', '', '', '', 38, '9392183113', '', '2025-09-16', 1, '15:30', '15:45', NULL, NULL, '0', 0, '1', '1', 1, 1, 1, '2025-09-16 07:13:58', '', '500', '', '', '', '', '', '', '', '', '', '', '', '', '', '', '', 500, '', '2025-09-16', '2025-09-29', '0', '');

-- --------------------------------------------------------

--
-- Table structure for table `archival_process`
--

CREATE TABLE `archival_process` (
  `id` int(11) NOT NULL,
  `type` enum('A','D') NOT NULL,
  `start_date_time` datetime DEFAULT NULL,
  `end_date_time` datetime DEFAULT NULL,
  `for_date` date DEFAULT NULL,
  `is_manual` enum('0','1') NOT NULL DEFAULT '0',
  `status` enum('0','1') NOT NULL DEFAULT '1'
) ENGINE=InnoDB DEFAULT CHARSET=utf8mb4 COLLATE=utf8mb4_general_ci;

--
-- Dumping data for table `archival_process`
--

INSERT INTO `archival_process` (`id`, `type`, `start_date_time`, `end_date_time`, `for_date`, `is_manual`, `status`) VALUES
(1, 'A', '2023-10-19 11:36:32', '2023-10-19 11:36:38', '2023-10-01', '1', '1'),
(2, 'A', '2023-11-01 00:00:00', '2023-11-01 00:00:00', '0000-00-00', '', '1'),
(3, 'D', '2023-11-01 00:00:00', '2023-11-01 00:00:00', '0000-00-00', '', '1'),
(4, 'A', '2025-05-02 10:40:00', '2025-05-02 10:40:16', '2024-05-01', '0', '1'),
(5, 'D', '2025-05-02 10:40:16', '2025-05-02 10:40:16', '2024-05-01', '0', '1'),
(6, 'A', '2025-05-02 10:50:00', '2025-05-02 10:50:00', '2024-05-01', '0', '1'),
(7, 'D', '2025-05-02 10:50:00', '2025-05-02 10:50:00', '2024-05-01', '0', '1'),
(8, 'A', '2025-05-02 11:10:00', '2025-05-02 11:10:00', '2024-05-01', '0', '1'),
(9, 'D', '2025-05-02 11:10:00', '2025-05-02 11:10:00', '2024-05-01', '0', '1'),
(10, 'A', '2025-05-02 11:19:00', '2025-05-02 11:19:00', '2024-05-01', '0', '1'),
(11, 'D', '2025-05-02 11:19:00', '2025-05-02 11:19:01', '2024-05-01', '0', '1'),
(1, 'A', '2023-10-19 11:36:32', '2023-10-19 11:36:38', '2023-10-01', '1', '1'),
(2, 'A', '2023-11-01 00:00:00', '2023-11-01 00:00:00', '0000-00-00', '', '1'),
(3, 'D', '2023-11-01 00:00:00', '2023-11-01 00:00:00', '0000-00-00', '', '1'),
(4, 'A', '2025-05-02 10:40:00', '2025-05-02 10:40:16', '2024-05-01', '0', '1'),
(5, 'D', '2025-05-02 10:40:16', '2025-05-02 10:40:16', '2024-05-01', '0', '1'),
(6, 'A', '2025-05-02 10:50:00', '2025-05-02 10:50:00', '2024-05-01', '0', '1'),
(7, 'D', '2025-05-02 10:50:00', '2025-05-02 10:50:00', '2024-05-01', '0', '1'),
(8, 'A', '2025-05-02 11:10:00', '2025-05-02 11:10:00', '2024-05-01', '0', '1'),
(9, 'D', '2025-05-02 11:10:00', '2025-05-02 11:10:00', '2024-05-01', '0', '1'),
(10, 'A', '2025-05-02 11:19:00', '2025-05-02 11:19:00', '2024-05-01', '0', '1'),
(11, 'D', '2025-05-02 11:19:00', '2025-05-02 11:19:01', '2024-05-01', '0', '1');

-- --------------------------------------------------------

--
-- Table structure for table `audit_log`
--

CREATE TABLE `audit_log` (
  `id` int(10) UNSIGNED NOT NULL,
  `org_id` int(10) UNSIGNED NOT NULL,
  `user_id` int(10) UNSIGNED NOT NULL,
  `module` varchar(64) NOT NULL,
  `action` enum('create','update','delete','login','logout') NOT NULL,
  `entity` varchar(64) NOT NULL,
  `entity_id` int(10) UNSIGNED DEFAULT NULL,
  `ts` datetime NOT NULL DEFAULT current_timestamp(),
  `ip` varchar(45) DEFAULT NULL,
  `before_json` longtext CHARACTER SET utf8mb4 COLLATE utf8mb4_bin DEFAULT NULL CHECK (json_valid(`before_json`)),
  `after_json` longtext CHARACTER SET utf8mb4 COLLATE utf8mb4_bin DEFAULT NULL CHECK (json_valid(`after_json`))
) ENGINE=InnoDB DEFAULT CHARSET=utf8mb4 COLLATE=utf8mb4_general_ci;

--
-- Dumping data for table `audit_log`
--

INSERT INTO `audit_log` (`id`, `org_id`, `user_id`, `module`, `action`, `entity`, `entity_id`, `ts`, `ip`, `before_json`, `after_json`) VALUES
(1, 1, 2, 'Department', 'update', 'department', 7, '2025-09-12 17:51:58', '::1', '{\"dept_id\":\"7\",\"departmentName\":\"ENT\",\"description\":\"eye,nose,tongue treatment\",\"departmentStatus\":\"In\",\"type\":\"Outside Patient\",\"create_date_time\":\"2025-09-12 17:43:06\",\"created_by\":\"2\",\"modified_by\":\"2\",\"org_id\":\"1\",\"status\":\"1\"}', '{\"dept_id\":\"7\",\"departmentName\":\"ENT\",\"description\":\"eye,nose,tongue treatment new\",\"departmentStatus\":\"In\",\"type\":\"Outside Patient\",\"create_date_time\":\"2025-09-12 17:51:58\",\"created_by\":\"2\",\"modified_by\":\"2\",\"org_id\":\"1\",\"status\":\"1\"}'),
(2, 1, 1, 'Department', 'update', 'department', 7, '2025-09-15 09:50:17', '::1', '{\"dept_id\":\"7\",\"departmentName\":\"ENT\",\"description\":\"eye,nose,tongue treatment recent\",\"departmentStatus\":\"In\",\"type\":\"Outside Patient\",\"create_date_time\":\"2025-09-15 09:49:33\",\"created_by\":\"2\",\"modified_by\":\"1\",\"org_id\":\"1\",\"status\":\"1\"}', '{\"dept_id\":\"7\",\"departmentName\":\"ENT\",\"description\":\"eye,nose,tongue treatment testing\",\"departmentStatus\":\"In\",\"type\":\"Outside Patient\",\"create_date_time\":\"2025-09-15 09:50:17\",\"created_by\":\"2\",\"modified_by\":\"1\",\"org_id\":\"1\",\"status\":\"1\"}');

-- --------------------------------------------------------

--
-- Table structure for table `bill_pages`
--

CREATE TABLE `bill_pages` (
  `pagetype_id` int(11) NOT NULL,
  `bills` varchar(30) NOT NULL,
  `status` enum('0','1') NOT NULL DEFAULT '1',
  `crate_date_time` timestamp NOT NULL DEFAULT current_timestamp() ON UPDATE current_timestamp()
) ENGINE=InnoDB DEFAULT CHARSET=utf8mb4 COLLATE=utf8mb4_general_ci;

--
-- Dumping data for table `bill_pages`
--

INSERT INTO `bill_pages` (`pagetype_id`, `bills`, `status`, `crate_date_time`) VALUES
(1, 'Consultation Fee', '1', '2023-10-25 11:41:15'),
(2, 'Prescription', '1', '2023-10-25 11:41:15'),
(3, 'Test Bill', '1', '2023-10-25 11:41:15');

-- --------------------------------------------------------

--
-- Table structure for table `bill_sizes`
--

CREATE TABLE `bill_sizes` (
  `bill_size_id` int(11) NOT NULL,
  `sizes` varchar(225) NOT NULL,
  `note` varchar(225) NOT NULL,
  `org_id` int(11) NOT NULL,
  `create_date_time` timestamp NOT NULL DEFAULT current_timestamp() ON UPDATE current_timestamp(),
  `status` enum('0','1') NOT NULL DEFAULT '1',
  `modify_by` int(11) NOT NULL,
  `created_by` int(11) NOT NULL,
  `pagetype` int(11) NOT NULL,
  `top` varchar(30) NOT NULL,
  `bottom` varchar(30) NOT NULL
) ENGINE=InnoDB DEFAULT CHARSET=utf8mb4 COLLATE=utf8mb4_general_ci;

-- --------------------------------------------------------

--
-- Table structure for table `cheifcomplaint_template`
--

CREATE TABLE `cheifcomplaint_template` (
  `cc_id` int(11) NOT NULL,
  `template_name` varchar(225) NOT NULL,
  `template_data` varchar(225) NOT NULL,
  `status` enum('0','1') NOT NULL DEFAULT '1',
  `org_id` int(11) NOT NULL
) ENGINE=InnoDB DEFAULT CHARSET=utf8mb4 COLLATE=utf8mb4_general_ci;

-- --------------------------------------------------------

--
-- Table structure for table `concessions`
--

CREATE TABLE `concessions` (
  `concession_id` int(11) NOT NULL,
  `concession_name` varchar(255) NOT NULL,
  `concession_type` enum('percentage','amount') NOT NULL,
  `concession_value` varchar(125) NOT NULL,
  `org_id` int(11) DEFAULT NULL,
  `status` enum('0','1') DEFAULT '0',
  `created_by` int(11) DEFAULT NULL,
  `modified_by` int(11) DEFAULT NULL,
  `created_date_time` timestamp NOT NULL DEFAULT current_timestamp(),
  `updated_date_time` timestamp NOT NULL DEFAULT current_timestamp()
) ENGINE=InnoDB DEFAULT CHARSET=utf8mb4 COLLATE=utf8mb4_general_ci;

--
-- Dumping data for table `concessions`
--

INSERT INTO `concessions` (`concession_id`, `concession_name`, `concession_type`, `concession_value`, `org_id`, `status`, `created_by`, `modified_by`, `created_date_time`, `updated_date_time`) VALUES
(1, 'Family', 'percentage', '50', 1, '1', 2, 2, '2025-09-05 04:25:53', '2025-09-05 04:26:08');

-- --------------------------------------------------------

--
-- Table structure for table `department`
--

CREATE TABLE `department` (
  `dept_id` int(11) NOT NULL,
  `departmentName` varchar(225) NOT NULL,
  `description` varchar(225) NOT NULL,
  `departmentStatus` varchar(30) NOT NULL DEFAULT 'In',
  `type` varchar(30) NOT NULL,
  `create_date_time` datetime NOT NULL DEFAULT current_timestamp() ON UPDATE current_timestamp(),
  `created_by` int(11) NOT NULL,
  `modified_by` int(11) NOT NULL,
  `org_id` int(11) NOT NULL,
  `status` enum('0','1') NOT NULL DEFAULT '1'
) ENGINE=InnoDB DEFAULT CHARSET=utf8mb4 COLLATE=utf8mb4_general_ci;

--
-- Dumping data for table `department`
--

INSERT INTO `department` (`dept_id`, `departmentName`, `description`, `departmentStatus`, `type`, `create_date_time`, `created_by`, `modified_by`, `org_id`, `status`) VALUES
(1, 'Cardiology', 'Interventional Cardiologist ', 'In', 'Outside Patient', '2023-11-10 20:32:55', 2, 2, 1, '1'),
(6, 'Diabetics', 'diabetic related issues', 'In', '', '2025-06-16 11:03:30', 2, 2, 1, '1'),
(7, 'ENT', 'eye,nose,tongue treatment testing', 'In', 'Outside Patient', '2025-09-15 09:50:17', 2, 1, 1, '1');

-- --------------------------------------------------------

--
-- Table structure for table `doctors`
--

CREATE TABLE `doctors` (
  `doc_id` int(11) NOT NULL,
  `doc_registration_number` varchar(255) NOT NULL,
  `doctor_name` varchar(225) NOT NULL,
  `doctor_type` varchar(100) NOT NULL,
  `gender` varchar(255) NOT NULL,
  `phone_number` varchar(15) NOT NULL,
  `email` varchar(100) NOT NULL,
  `doctor_specialization` varchar(225) NOT NULL,
  `departments` varchar(255) NOT NULL,
  `doctor_services` varchar(225) NOT NULL,
  `doctor_fee` int(11) NOT NULL,
  `doctor_charge` varchar(100) NOT NULL,
  `doctor_visit_charge` varchar(250) DEFAULT NULL,
  `time_slot_duration` int(11) DEFAULT NULL,
  `details` varchar(225) NOT NULL,
  `doc_img` varchar(225) NOT NULL,
  `org_id` int(11) NOT NULL,
  `status` enum('0','1') NOT NULL DEFAULT '1',
  `created_by` int(11) NOT NULL,
  `modified_by` int(11) NOT NULL,
  `c_d_t` timestamp NOT NULL DEFAULT current_timestamp()
) ENGINE=InnoDB DEFAULT CHARSET=utf8mb4 COLLATE=utf8mb4_general_ci;

--
-- Dumping data for table `doctors`
--

INSERT INTO `doctors` (`doc_id`, `doc_registration_number`, `doctor_name`, `doctor_type`, `gender`, `phone_number`, `email`, `doctor_specialization`, `departments`, `doctor_services`, `doctor_fee`, `doctor_charge`, `doctor_visit_charge`, `time_slot_duration`, `details`, `doc_img`, `org_id`, `status`, `created_by`, `modified_by`, `c_d_t`) VALUES
(1, 'D202311110001', 'Ashwin Kumar Panda ', '', 'Male', '8897355655', 'ashwin.blossom@gmail.com', '14', '1', '12', 500, '', NULL, NULL, '', '', 1, '1', 2, 2, '2023-11-11 03:35:29'),
(10, 'D202506040002', 'Dr. Vinay Bhushan', 'In', 'Male', '0703276027', 'durgalaxmi417@gmail.com', '18', '1', '12', 600, '2000', '300', 15, 'testing', 'doc_1750738461.jpg', 1, '1', 2, 2, '2025-06-04 06:45:52'),
(11, 'D202506040003', 'Praveen', 'Out', 'Female', '7032760271', 'praveen417@gmail.com', '18', '1', '9', 0, '5000', NULL, NULL, 'hth', 'doc_1749019647.jpg', 1, '1', 2, 2, '2025-06-04 06:47:27'),
(12, 'D202506040004', 'Akhil', 'Out', 'Male', '7032760666', 'akhil7@gmail.com', '18', '1', '12,11', 0, '6000', NULL, NULL, 'sgeg', 'doc_1749019858.jpg', 1, '1', 2, 2, '2025-06-04 06:50:58'),
(13, 'D202506200005', 'Poorna', 'In', 'Male', '7032760272', 'doctor@gmail.com', '18', '6', '10,12', 300, '3000', '200', 20, 'dentist', 'doc_1750420154.jpg', 1, '1', 2, 2, '2025-06-20 11:49:14'),
(14, 'D202506210006', 'Dr. Sunitha', 'In', 'Female', '8674635245', 'sunitha@gmail.com', '18', '6', '12,9', 400, '3000', '200', 30, 'test', 'doc_1750484057.jpg', 1, '1', 2, 2, '2025-06-21 05:34:17');

-- --------------------------------------------------------

--
-- Table structure for table `doctors_time_slot`
--

CREATE TABLE `doctors_time_slot` (
  `doctors_time_id` int(11) NOT NULL,
  `doctorName_registrationNumber` varchar(255) NOT NULL,
  `available_date` date NOT NULL,
  `doctortime_type` varchar(255) NOT NULL,
  `selectedDays` varchar(30) NOT NULL,
  `modify_by` varchar(255) NOT NULL,
  `created_by` varchar(255) NOT NULL,
  `org_id` int(11) NOT NULL,
  `c_d_t` timestamp NOT NULL DEFAULT current_timestamp() ON UPDATE current_timestamp(),
  `status` enum('0','1') NOT NULL DEFAULT '1',
  `multi_id` int(11) NOT NULL
) ENGINE=InnoDB DEFAULT CHARSET=utf8mb4 COLLATE=utf8mb4_general_ci;

--
-- Dumping data for table `doctors_time_slot`
--

INSERT INTO `doctors_time_slot` (`doctors_time_id`, `doctorName_registrationNumber`, `available_date`, `doctortime_type`, `selectedDays`, `modify_by`, `created_by`, `org_id`, `c_d_t`, `status`, `multi_id`) VALUES
(1, '1', '2025-06-03', 'Daily', '', '1', '1', 1, '2025-06-03 11:06:53', '1', 0),
(2, '14', '2025-07-18', 'Daily', '', '2', '2', 1, '2025-07-18 04:02:24', '1', 0),
(3, '1', '2025-08-18', 'Daily', '', '2', '2', 1, '2025-08-18 04:23:52', '1', 0),
(4, '1', '2025-09-05', 'Range', '5', '2', '2', 1, '2025-09-05 04:15:43', '1', 1),
(5, '1', '2025-09-08', 'Range', '1', '2', '2', 1, '2025-09-05 04:15:43', '1', 1),
(6, '1', '2025-09-09', 'Range', '2', '2', '2', 1, '2025-09-05 04:15:43', '1', 1),
(7, '1', '2025-09-10', 'Range', '3', '2', '2', 1, '2025-09-05 04:15:43', '1', 1),
(8, '1', '2025-09-11', 'Range', '4', '2', '2', 1, '2025-09-05 04:15:43', '1', 1),
(9, '1', '2025-09-12', 'Range', '5', '2', '2', 1, '2025-09-05 04:15:43', '1', 1),
(10, '1', '2025-09-15', 'Range', '1', '2', '2', 1, '2025-09-05 04:15:43', '1', 1),
(11, '1', '2025-09-16', 'Range', '2', '2', '2', 1, '2025-09-05 04:15:43', '1', 1),
(12, '1', '2025-09-17', 'Range', '3', '2', '2', 1, '2025-09-05 04:15:43', '1', 1),
(13, '1', '2025-09-18', 'Range', '4', '2', '2', 1, '2025-09-05 04:15:43', '1', 1),
(14, '1', '2025-09-19', 'Range', '5', '2', '2', 1, '2025-09-05 04:15:43', '1', 1),
(15, '1', '2025-09-22', 'Range', '1', '2', '2', 1, '2025-09-05 04:15:43', '1', 1),
(16, '1', '2025-09-23', 'Range', '2', '2', '2', 1, '2025-09-05 04:15:43', '1', 1),
(17, '1', '2025-09-24', 'Range', '3', '2', '2', 1, '2025-09-05 04:15:43', '1', 1),
(18, '1', '2025-09-25', 'Range', '4', '2', '2', 1, '2025-09-05 04:15:43', '1', 1),
(19, '1', '2025-09-26', 'Range', '5', '2', '2', 1, '2025-09-05 04:15:43', '1', 1),
(20, '1', '2025-09-29', 'Range', '1', '2', '2', 1, '2025-09-05 04:15:43', '1', 1),
(21, '1', '2025-09-30', 'Range', '2', '2', '2', 1, '2025-09-05 04:15:43', '1', 1),
(22, '13', '2025-09-09', 'Daily', '', '2', '2', 1, '2025-09-09 10:56:51', '1', 0),
(23, '11', '2025-09-12', 'Daily', '', '2', '2', 1, '2025-09-12 06:01:13', '1', 0),
(24, '13', '2025-09-15', 'Daily', '', '2', '2', 1, '2025-09-15 04:49:00', '1', 0);

-- --------------------------------------------------------

--
-- Table structure for table `doctors_time_slot2`
--

CREATE TABLE `doctors_time_slot2` (
  `doctor_another_Time_Slot_id` int(11) NOT NULL,
  `doctors_time_id` int(11) NOT NULL,
  `starting_Time` varchar(100) NOT NULL,
  `ending_Time` varchar(100) NOT NULL,
  `created_by` int(11) NOT NULL,
  `modify_by` int(11) NOT NULL,
  `status` enum('1','0','') NOT NULL DEFAULT '1',
  `create_date_time` timestamp NOT NULL DEFAULT current_timestamp() ON UPDATE current_timestamp(),
  `org_id` int(11) NOT NULL,
  `multi_id` int(11) NOT NULL
) ENGINE=InnoDB DEFAULT CHARSET=utf8mb4 COLLATE=utf8mb4_general_ci;

--
-- Dumping data for table `doctors_time_slot2`
--

INSERT INTO `doctors_time_slot2` (`doctor_another_Time_Slot_id`, `doctors_time_id`, `starting_Time`, `ending_Time`, `created_by`, `modify_by`, `status`, `create_date_time`, `org_id`, `multi_id`) VALUES
(1, 1, '16:36', '22:36', 1, 1, '1', '2025-06-03 11:06:53', 1, 0),
(2, 2, '09:32', '13:32', 2, 2, '1', '2025-07-18 04:02:24', 1, 0),
(3, 3, '09:53', '15:53', 2, 2, '1', '2025-08-18 04:23:52', 1, 0),
(4, 4, '09:45', '20:45', 2, 2, '1', '2025-09-05 04:15:43', 1, 1),
(5, 5, '09:45', '20:45', 2, 2, '1', '2025-09-05 04:15:43', 1, 1),
(6, 6, '09:45', '20:45', 2, 2, '1', '2025-09-05 04:15:43', 1, 1),
(7, 7, '09:45', '20:45', 2, 2, '1', '2025-09-05 04:15:43', 1, 1),
(8, 8, '09:45', '20:45', 2, 2, '1', '2025-09-05 04:15:43', 1, 1),
(9, 9, '09:45', '20:45', 2, 2, '1', '2025-09-05 04:15:43', 1, 1),
(10, 10, '09:45', '20:45', 2, 2, '1', '2025-09-05 04:15:43', 1, 1),
(11, 11, '09:45', '20:45', 2, 2, '1', '2025-09-05 04:15:43', 1, 1),
(12, 12, '09:45', '20:45', 2, 2, '1', '2025-09-05 04:15:43', 1, 1),
(13, 13, '09:45', '20:45', 2, 2, '1', '2025-09-05 04:15:43', 1, 1),
(14, 14, '09:45', '20:45', 2, 2, '1', '2025-09-05 04:15:43', 1, 1),
(15, 15, '09:45', '20:45', 2, 2, '1', '2025-09-05 04:15:43', 1, 1),
(16, 16, '09:45', '20:45', 2, 2, '1', '2025-09-05 04:15:43', 1, 1),
(17, 17, '09:45', '20:45', 2, 2, '1', '2025-09-05 04:15:43', 1, 1),
(18, 18, '09:45', '20:45', 2, 2, '1', '2025-09-05 04:15:43', 1, 1),
(19, 19, '09:45', '20:45', 2, 2, '1', '2025-09-05 04:15:43', 1, 1),
(20, 20, '09:45', '20:45', 2, 2, '1', '2025-09-05 04:15:43', 1, 1),
(21, 21, '09:45', '20:45', 2, 2, '1', '2025-09-05 04:15:43', 1, 1),
(22, 22, '16:26', '22:26', 2, 2, '1', '2025-09-09 10:56:51', 1, 0),
(23, 23, '11:30', '16:31', 2, 2, '1', '2025-09-12 06:01:13', 1, 0),
(24, 24, '10:18', '16:18', 2, 2, '1', '2025-09-15 04:49:00', 1, 0);

-- --------------------------------------------------------

--
-- Table structure for table `dosage`
--

CREATE TABLE `dosage` (
  `dosage_id` int(11) NOT NULL,
  `dosages` varchar(50) NOT NULL,
  `status` enum('1','0') NOT NULL DEFAULT '1',
  `create_by` int(11) NOT NULL,
  `modify_by` int(11) NOT NULL,
  `create_date_time` timestamp NOT NULL DEFAULT current_timestamp() ON UPDATE current_timestamp(),
  `org_id` int(11) NOT NULL
) ENGINE=InnoDB DEFAULT CHARSET=utf8mb4 COLLATE=utf8mb4_general_ci;

--
-- Dumping data for table `dosage`
--

INSERT INTO `dosage` (`dosage_id`, `dosages`, `status`, `create_by`, `modify_by`, `create_date_time`, `org_id`) VALUES
(1, '1-0-0', '1', 0, 0, '2023-09-09 05:13:02', 0),
(2, '0-1-0', '1', 0, 0, '2023-09-09 05:13:13', 0),
(3, '0-0-1', '1', 0, 0, '2023-09-09 05:13:21', 0),
(4, '1-1-0', '1', 0, 0, '2023-09-09 05:13:28', 0),
(5, '1-0-1', '1', 0, 0, '2023-09-09 05:13:34', 0),
(6, '0-1-1', '1', 0, 0, '2023-09-09 05:13:43', 0),
(7, '1-1-1', '1', 0, 0, '2023-09-09 05:14:09', 0),
(8, 'S-O-S', '1', 0, 0, '2025-07-01 07:12:32', 0);

-- --------------------------------------------------------

--
-- Table structure for table `dosageandtime`
--

CREATE TABLE `dosageandtime` (
  `doseandtime_id` int(11) NOT NULL,
  `dose_id` varchar(50) NOT NULL,
  `intake_time_id` varchar(50) NOT NULL,
  `dose_schedule` varchar(255) NOT NULL,
  `frequency` varchar(11) NOT NULL,
  `org_id` int(11) NOT NULL,
  `status` enum('1','0') NOT NULL DEFAULT '1',
  `created_date_time` datetime DEFAULT current_timestamp(),
  `created_by` varchar(50) NOT NULL,
  `modified_date_time` datetime DEFAULT current_timestamp() ON UPDATE current_timestamp(),
  `modified_by` varchar(50) NOT NULL
) ENGINE=InnoDB DEFAULT CHARSET=utf8mb4 COLLATE=utf8mb4_general_ci;

--
-- Dumping data for table `dosageandtime`
--

INSERT INTO `dosageandtime` (`doseandtime_id`, `dose_id`, `intake_time_id`, `dose_schedule`, `frequency`, `org_id`, `status`, `created_date_time`, `created_by`, `modified_date_time`, `modified_by`) VALUES
(1, '6', '15', '1 - 1 - 0 | Before Breakfast - Before Lunch | 6:00 AM;7:00 AM - 12:30 PM', '2', 1, '1', '2025-02-03 10:58:46', '2', '2025-03-15 11:36:50', '2'),
(2, '6', '17', '1 - 1 - 0 | After Breakfast - Before Lunch | 9:00 AM - 12:30 PM', '2', 1, '1', '2025-02-03 11:17:42', '2', '2025-03-15 11:36:50', '2'),
(3, '4', '10', '1 - 0 - 0 | After Breakfast | 9:00 AM', '1', 1, '0', '2025-02-03 11:27:32', '2', '2025-03-15 11:37:43', '2'),
(4, '3', '7', '0 - 1 - 1 | After Lunch - Before Dinner | 2:00 PM - 7:00 PM', '2', 1, '1', '2025-02-03 11:31:04', '2', '2025-03-15 11:36:50', '2'),
(5, '5', '12', '1 - 0 - 1 | Before Breakfast - After Dinner | 6:00 AM;7:00 AM - 9:00 PM', '2', 1, '1', '2025-02-08 09:53:09', '2', '2025-03-15 11:36:50', '2'),
(6, '1', '1', '0 - 0 - 1 | Before Dinner | 7:00 PM', '1', 1, '1', '2025-02-08 10:37:27', '2', '2025-03-15 11:36:50', '2'),
(7, '1', '2', '0 - 0 - 1 | After Dinner | 9:00 PM', '1', 1, '1', '2025-02-08 10:37:37', '2', '2025-03-15 11:36:50', '2'),
(8, '2', '3', '0 - 1 - 0 | Before Lunch | 12:30 PM', '1', 1, '1', '2025-02-08 10:38:46', '2', '2025-03-15 11:36:50', '2'),
(9, '2', '4', '0 - 1 - 0 | After Lunch | 2:00 PM', '1', 1, '1', '2025-02-08 10:38:54', '2', '2025-03-15 11:36:50', '2'),
(10, '4', '9', '1 - 0 - 0 | Before Breakfast | 6:00 AM;7:00 AM', '1', 1, '1', '2025-02-08 10:39:05', '2', '2025-03-15 11:36:50', '2'),
(11, '5', '11', '1 - 0 - 1 | Before Breakfast - Before Dinner | 6:00 AM;7:00 AM - 7:00 PM', '2', 1, '1', '2025-02-08 10:54:09', '2', '2025-03-15 11:36:50', '2'),
(12, '5', '13', '1 - 0 - 1 | After Breakfast - Before Dinner | 9:00 AM - 7:00 PM', '2', 1, '1', '2025-02-08 10:54:51', '2', '2025-03-15 11:36:50', '2'),
(13, '5', '14', '1 - 0 - 1 | After Breakfast - After Dinner | 9:00 AM - 9:00 PM', '2', 1, '1', '2025-02-08 10:55:07', '2', '2025-03-15 11:36:50', '2'),
(14, '4', '10', '1 - 0 - 0 | After Breakfast | 9:00 AM', '1', 1, '1', '2025-02-08 11:00:12', '2', '2025-03-15 11:36:50', '2'),
(15, '6', '16', '1 - 1 - 0 | Before Breakfast - After Lunch | 6:00 AM;7:00 AM - 2:00 PM', '2', 1, '1', '2025-02-08 11:06:38', '2', '2025-03-15 11:36:50', '2'),
(16, '6', '18', '1 - 1 - 0 | After Breakfast - After Lunch | 9:00 AM - 2:00 PM', '2', 1, '1', '2025-02-08 11:07:08', '2', '2025-03-15 11:36:50', '2'),
(17, '3', '5', '0 - 1 - 1 | Before Lunch - Before Dinner | 12:30 PM - 7:00 PM', '2', 1, '1', '2025-02-08 11:07:21', '2', '2025-03-15 11:36:50', '2'),
(18, '3', '6', '0 - 1 - 1 | Before Lunch - After Dinner | 12:30 PM - 9:00 PM', '2', 1, '1', '2025-02-08 11:07:30', '2', '2025-03-15 11:36:50', '2'),
(19, '3', '8', '0 - 1 - 1 | After Lunch - After Dinner | 2:00 PM - 9:00 PM', '2', 1, '1', '2025-02-08 11:07:51', '2', '2025-03-15 11:36:50', '2'),
(20, '7', '19', '1 - 1 - 1 | Before Breakfast - Before Lunch - Before Dinner | 6:00 AM;7:00 AM - 12:30 PM - 7:00 PM', '3', 1, '1', '2025-02-08 11:08:42', '2', '2025-03-15 11:36:50', '2'),
(21, '7', '20', '1 - 1 - 1 | Before Breakfast - Before Lunch - After Dinner | 6:00 AM;7:00 AM - 12:30 PM - 9:00 PM', '3', 1, '1', '2025-02-08 11:08:51', '2', '2025-03-15 11:36:50', '2'),
(22, '7', '21', '1 - 1 - 1 | Before Breakfast - After Lunch - Before Dinner | 6:00 AM;7:00 AM - 2:00 PM - 7:00 PM', '3', 1, '1', '2025-02-08 11:09:00', '2', '2025-03-15 11:36:50', '2'),
(23, '7', '22', '1 - 1 - 1 | Before Breakfast - After Lunch - After Dinner | 6:00 AM;7:00 AM - 2:00 PM - 9:00 PM', '3', 1, '1', '2025-02-08 11:09:13', '2', '2025-03-15 11:36:50', '2'),
(24, '7', '23', '1 - 1 - 1 | After Breakfast - Before Lunch - Before Dinner | 9:00 AM - 12:30 PM - 7:00 PM', '3', 1, '1', '2025-02-08 11:09:22', '2', '2025-03-15 11:36:50', '2'),
(25, '7', '24', '1 - 1 - 1 | After Breakfast - Before Lunch - After Dinner | 9:00 AM - 12:30 PM - 9:00 PM', '3', 1, '1', '2025-02-08 11:09:31', '2', '2025-03-15 11:36:50', '2'),
(26, '7', '25', '1 - 1 - 1 | After Breakfast - After Lunch - Before Dinner | 9:00 AM - 2:00 PM - 7:00 PM', '3', 1, '1', '2025-02-08 11:09:40', '2', '2025-03-15 11:36:50', '2'),
(27, '7', '26', '1 - 1 - 1 | After Breakfast - After Lunch - After Dinner | 9:00 AM - 2:00 PM - 9:00 PM', '3', 1, '0', '2025-02-08 11:09:48', '2', '2025-03-15 11:55:49', '2'),
(28, '7', '26', '1 - 1 - 1 | After Breakfast - After Lunch - After Dinner | 9:00 AM - 2:00 PM - 9:00 PM', '3', 1, '1', '2025-03-15 11:56:02', '1', '2025-03-15 11:56:02', '1');

-- --------------------------------------------------------

--
-- Table structure for table `dose`
--

CREATE TABLE `dose` (
  `dose_id` int(11) NOT NULL,
  `morning` tinyint(4) NOT NULL,
  `afternoon` tinyint(4) NOT NULL,
  `evening` tinyint(4) NOT NULL,
  `Status` enum('1','0') DEFAULT '1',
  `created_date_time` datetime DEFAULT NULL
) ENGINE=InnoDB DEFAULT CHARSET=utf8mb4 COLLATE=utf8mb4_general_ci;

--
-- Dumping data for table `dose`
--

INSERT INTO `dose` (`dose_id`, `morning`, `afternoon`, `evening`, `Status`, `created_date_time`) VALUES
(1, 0, 0, 1, '1', NULL),
(2, 0, 1, 0, '1', NULL),
(3, 0, 1, 1, '1', NULL),
(4, 1, 0, 0, '1', NULL),
(5, 1, 0, 1, '1', NULL),
(6, 1, 1, 0, '1', NULL),
(7, 1, 1, 1, '1', NULL);

-- --------------------------------------------------------

--
-- Table structure for table `finaldiagnosis_template`
--

CREATE TABLE `finaldiagnosis_template` (
  `fd_id` int(11) NOT NULL,
  `template_name` varchar(225) NOT NULL,
  `template_data` varchar(225) NOT NULL,
  `status` enum('0','1') NOT NULL,
  `org_id` int(11) NOT NULL
) ENGINE=InnoDB DEFAULT CHARSET=utf8mb4 COLLATE=utf8mb4_general_ci;

-- --------------------------------------------------------

--
-- Table structure for table `frequency`
--

CREATE TABLE `frequency` (
  `freq_id` int(11) NOT NULL,
  `freq_name` varchar(100) NOT NULL,
  `status` enum('1','0') NOT NULL DEFAULT '1',
  `create_by` int(11) NOT NULL,
  `create_date_time` datetime NOT NULL,
  `org_id` int(11) NOT NULL
) ENGINE=InnoDB DEFAULT CHARSET=utf8mb4 COLLATE=utf8mb4_general_ci;

--
-- Dumping data for table `frequency`
--

INSERT INTO `frequency` (`freq_id`, `freq_name`, `status`, `create_by`, `create_date_time`, `org_id`) VALUES
(1, 'Once Daily', '1', 0, '2023-09-09 07:15:16', 0),
(2, 'Twice Daily', '1', 0, '2023-09-09 07:15:16', 0),
(3, 'Thrice Daily', '1', 0, '2023-09-09 07:15:16', 0);

-- --------------------------------------------------------

--
-- Table structure for table `help_support`
--

CREATE TABLE `help_support` (
  `help_support_id` int(11) NOT NULL,
  `help_desc` longtext NOT NULL,
  `create_date_time` datetime NOT NULL,
  `created_by` int(11) NOT NULL
) ENGINE=InnoDB DEFAULT CHARSET=latin1 COLLATE=latin1_swedish_ci;

-- --------------------------------------------------------

--
-- Table structure for table `intake_time`
--

CREATE TABLE `intake_time` (
  `intake_time_id` int(11) NOT NULL,
  `dose_id` int(11) NOT NULL,
  `morning` varchar(20) NOT NULL DEFAULT '',
  `morning_time` varchar(50) NOT NULL DEFAULT '',
  `afternoon` varchar(20) NOT NULL DEFAULT '',
  `afternoon_time` varchar(50) NOT NULL DEFAULT '',
  `evening` varchar(20) NOT NULL DEFAULT '',
  `evening_time` varchar(50) NOT NULL DEFAULT '',
  `status` enum('1','0') NOT NULL DEFAULT '1',
  `created_date_time` datetime DEFAULT current_timestamp()
) ENGINE=InnoDB DEFAULT CHARSET=utf8mb4 COLLATE=utf8mb4_general_ci;

--
-- Dumping data for table `intake_time`
--

INSERT INTO `intake_time` (`intake_time_id`, `dose_id`, `morning`, `morning_time`, `afternoon`, `afternoon_time`, `evening`, `evening_time`, `status`, `created_date_time`) VALUES
(1, 1, '', '', '', '', 'Before Dinner', '7:00 PM', '1', '2025-02-01 16:41:05'),
(2, 1, '', '', '', '', 'After Dinner', '9:00 PM', '1', '2025-02-01 16:41:05'),
(3, 2, '', '', 'Before Lunch', '12:30 PM', '', '', '1', '2025-02-01 16:41:05'),
(4, 2, '', '', 'After Lunch', '2:00 PM', '', '', '1', '2025-02-01 16:41:05'),
(5, 3, '', '', 'Before Lunch', '12:30 PM', 'Before Dinner', '7:00 PM', '1', '2025-02-01 16:41:05'),
(6, 3, '', '', 'Before Lunch', '12:30 PM', 'After Dinner', '9:00 PM', '1', '2025-02-01 16:41:05'),
(7, 3, '', '', 'After Lunch', '2:00 PM', 'Before Dinner', '7:00 PM', '1', '2025-02-01 16:41:05'),
(8, 3, '', '', 'After Lunch', '2:00 PM', 'After Dinner', '9:00 PM', '1', '2025-02-01 16:41:05'),
(9, 4, 'Before Breakfast', '6:00 AM;7:00 AM', '', '', '', '', '1', '2025-02-01 16:41:05'),
(10, 4, 'After Breakfast', '9:00 AM', '', '', '', '', '1', '2025-02-01 16:41:05'),
(11, 5, 'Before Breakfast', '6:00 AM;7:00 AM', '', '', 'Before Dinner', '7:00 PM', '1', '2025-02-01 16:41:05'),
(12, 5, 'Before Breakfast', '6:00 AM;7:00 AM', '', '', 'After Dinner', '9:00 PM', '1', '2025-02-01 16:41:05'),
(13, 5, 'After Breakfast', '9:00 AM', '', '', 'Before Dinner', '7:00 PM', '1', '2025-02-01 16:41:05'),
(14, 5, 'After Breakfast', '9:00 AM', '', '', 'After Dinner', '9:00 PM', '1', '2025-02-01 16:41:05'),
(15, 6, 'Before Breakfast', '6:00 AM;7:00 AM', 'Before Lunch', '12:30 PM', '', '', '1', '2025-02-01 16:41:05'),
(16, 6, 'Before Breakfast', '6:00 AM;7:00 AM', 'After Lunch', '2:00 PM', '', '', '1', '2025-02-01 16:41:05'),
(17, 6, 'After Breakfast', '9:00 AM', 'Before Lunch', '12:30 PM', '', '', '1', '2025-02-01 16:41:05'),
(18, 6, 'After Breakfast', '9:00 AM', 'After Lunch', '2:00 PM', '', '', '1', '2025-02-01 16:41:05'),
(19, 7, 'Before Breakfast', '6:00 AM;7:00 AM', 'Before Lunch', '12:30 PM', 'Before Dinner', '7:00 PM', '1', '2025-02-01 16:41:05'),
(20, 7, 'Before Breakfast', '6:00 AM;7:00 AM', 'Before Lunch', '12:30 PM', 'After Dinner', '9:00 PM', '1', '2025-02-01 16:41:05'),
(21, 7, 'Before Breakfast', '6:00 AM;7:00 AM', 'After Lunch', '2:00 PM', 'Before Dinner', '7:00 PM', '1', '2025-02-01 16:41:05'),
(22, 7, 'Before Breakfast', '6:00 AM;7:00 AM', 'After Lunch', '2:00 PM', 'After Dinner', '9:00 PM', '1', '2025-02-01 16:41:05'),
(23, 7, 'After Breakfast', '9:00 AM', 'Before Lunch', '12:30 PM', 'Before Dinner', '7:00 PM', '1', '2025-02-01 16:41:05'),
(24, 7, 'After Breakfast', '9:00 AM', 'Before Lunch', '12:30 PM', 'After Dinner', '9:00 PM', '1', '2025-02-01 16:41:05'),
(25, 7, 'After Breakfast', '9:00 AM', 'After Lunch', '2:00 PM', 'Before Dinner', '7:00 PM', '1', '2025-02-01 16:41:05'),
(26, 7, 'After Breakfast', '9:00 AM', 'After Lunch', '2:00 PM', 'After Dinner', '9:00 PM', '1', '2025-02-01 16:41:05');

-- --------------------------------------------------------

--
-- Table structure for table `invoice`
--

CREATE TABLE `invoice` (
  `invoice_id` int(11) NOT NULL,
  `patient_id` varchar(50) NOT NULL,
  `appointment_id` varchar(50) NOT NULL,
  `bill_type` varchar(50) NOT NULL,
  `category_type` varchar(50) NOT NULL,
  `amount` decimal(10,2) NOT NULL,
  `concession_type` varchar(50) NOT NULL,
  `concession_percent` decimal(5,2) DEFAULT 0.00,
  `concession_value` decimal(10,2) DEFAULT 0.00,
  `net_amount` decimal(10,2) NOT NULL,
  `paid_amount` decimal(10,2) DEFAULT 0.00,
  `balance_amount` decimal(10,2) DEFAULT 0.00,
  `tests` varchar(100) DEFAULT NULL,
  `payment_method` enum('Cash','Card','UPI','Cheque','Online','Other') DEFAULT 'Cash',
  `status` tinyint(1) DEFAULT 1,
  `org_id` int(11) NOT NULL,
  `created_by` int(11) NOT NULL,
  `modified_by` int(11) DEFAULT NULL,
  `created_at` timestamp NOT NULL DEFAULT current_timestamp(),
  `modified_at` timestamp NOT NULL DEFAULT current_timestamp() ON UPDATE current_timestamp()
) ENGINE=InnoDB DEFAULT CHARSET=utf8mb4 COLLATE=utf8mb4_general_ci;

--
-- Dumping data for table `invoice`
--

INSERT INTO `invoice` (`invoice_id`, `patient_id`, `appointment_id`, `bill_type`, `category_type`, `amount`, `concession_type`, `concession_percent`, `concession_value`, `net_amount`, `paid_amount`, `balance_amount`, `tests`, `payment_method`, `status`, `org_id`, `created_by`, `modified_by`, `created_at`, `modified_at`) VALUES
(1, 'PAT0011', 'A202509160001', 'Consultation', 'Doctor Fee', 500.00, 'amount', 0.00, 50.00, 450.00, 450.00, 0.00, '', 'Cash', 1, 1, 1, NULL, '2025-09-16 07:17:56', '2025-09-16 07:17:56');

-- --------------------------------------------------------

--
-- Table structure for table `in_take_period`
--

CREATE TABLE `in_take_period` (
  `intake_id` int(11) NOT NULL,
  `intake_name` varchar(100) NOT NULL,
  `status` enum('0','1') NOT NULL DEFAULT '1',
  `created_by` int(11) NOT NULL,
  `create_date_time` timestamp NOT NULL DEFAULT current_timestamp() ON UPDATE current_timestamp(),
  `org_id` int(11) NOT NULL
) ENGINE=InnoDB DEFAULT CHARSET=utf8mb4 COLLATE=utf8mb4_general_ci;

--
-- Dumping data for table `in_take_period`
--

INSERT INTO `in_take_period` (`intake_id`, `intake_name`, `status`, `created_by`, `create_date_time`, `org_id`) VALUES
(1, 'After Breakfast', '0', 1, '2025-04-14 07:07:01', 1),
(2, 'After Lunch', '0', 1, '2025-04-14 07:07:01', 1),
(3, 'After Dinner', '0', 1, '2025-04-14 07:07:01', 1),
(4, 'Before Breakfast', '0', 1, '2025-04-14 07:07:01', 1),
(5, 'Before Lunch', '0', 1, '2025-04-14 07:07:01', 1),
(6, 'Before Dinner', '0', 1, '2025-04-14 07:07:01', 1),
(7, 'Before Food', '1', 1, '2025-04-14 07:02:34', 1),
(8, 'After Food', '1', 1, '2025-04-14 07:02:34', 1),
(9, 'Not Applicable', '1', 1, '2025-04-14 07:05:55', 1);

-- --------------------------------------------------------

--
-- Table structure for table `login_passwords`
--

CREATE TABLE `login_passwords` (
  `id` int(11) NOT NULL,
  `security_id` int(11) NOT NULL,
  `security_password` varchar(255) NOT NULL,
  `password` varchar(255) NOT NULL,
  `create_date_time` datetime NOT NULL,
  `status` enum('0','1') NOT NULL DEFAULT '1'
) ENGINE=InnoDB DEFAULT CHARSET=latin1 COLLATE=latin1_swedish_ci;

--
-- Dumping data for table `login_passwords`
--

INSERT INTO `login_passwords` (`id`, `security_id`, `security_password`, `password`, `create_date_time`, `status`) VALUES
(1, 10, '1170b5123a73b4f48966d319648757c9', '', '2023-06-13 13:05:58', '0'),
(2, 8, '1170b5123a73b4f48966d319648757c9', '', '2023-06-13 13:05:58', '1'),
(3, 6, '1170b5123a73b4f48966d319648757c9', '', '2023-06-13 13:05:58', '1'),
(4, 5, '1170b5123a73b4f48966d319648757c9', '', '2023-06-13 13:05:58', '1'),
(5, 1, '1170b5123a73b4f48966d319648757c9', '', '2023-06-13 13:05:58', '0'),
(6, 16, '1170b5123a73b4f48966d319648757c9', '', '2023-06-13 13:06:10', '1'),
(7, 15, '1170b5123a73b4f48966d319648757c9', '', '2023-06-13 13:06:10', '1'),
(8, 14, '1170b5123a73b4f48966d319648757c9', '', '2023-06-13 13:06:10', '0'),
(9, 13, '1170b5123a73b4f48966d319648757c9', '', '2023-06-13 13:06:10', '1'),
(10, 12, '1170b5123a73b4f48966d319648757c9', '', '2023-06-13 13:06:10', '1'),
(11, 11, '1170b5123a73b4f48966d319648757c9', '', '2023-06-13 13:06:10', '1'),
(12, 9, '1170b5123a73b4f48966d319648757c9', '', '2023-06-13 13:06:10', '1'),
(13, 7, '1170b5123a73b4f48966d319648757c9', '', '2023-06-13 13:06:10', '1'),
(14, 4, '1170b5123a73b4f48966d319648757c9', '', '2023-06-13 13:06:10', '1'),
(15, 2, '1170b5123a73b4f48966d319648757c9', '', '2023-06-13 13:06:10', '1'),
(16, 20, '948f608e9e715a2977ff5daca2598c91', '', '2023-06-13 16:43:55', '0'),
(17, 21, 'fe09fff32b21f8f0041f246a9ae418dd', '', '2023-06-13 16:49:09', '0'),
(18, 20, '948f608e9e715a2977ff5daca2598c91', '', '2023-06-13 17:11:44', '0'),
(19, 20, '948f608e9e715a2977ff5daca2598c91', '', '2023-06-13 17:11:44', '0'),
(20, 20, '948f608e9e715a2977ff5daca2598c91', '', '2023-06-13 17:19:16', '0'),
(21, 20, '948f608e9e715a2977ff5daca2598c91', '', '2023-06-13 17:21:02', '1'),
(22, 1, '99370fb4c122d2ad371b5a5ba494bbed', '', '2023-06-13 17:23:37', '0'),
(23, 1, '1170b5123a73b4f48966d319648757c9', '', '2023-06-15 10:24:48', '0'),
(24, 21, '99370fb4c122d2ad371b5a5ba494bbed', '', '2023-06-15 10:26:40', '1'),
(25, 1, '99370fb4c122d2ad371b5a5ba494bbed', '', '2023-06-15 10:28:46', '0'),
(26, 1, '99370fb4c122d2ad371b5a5ba494bbed', '', '2023-06-15 10:33:52', '0'),
(27, 1, '1170b5123a73b4f48966d319648757c9', '', '2023-06-15 10:35:46', '0'),
(28, 22, '99370fb4c122d2ad371b5a5ba494bbed', '', '2023-06-15 10:39:32', '1'),
(29, 1, '1170b5123a73b4f48966d319648757c9', '', '2023-06-15 10:49:54', '0'),
(30, 1, '99370fb4c122d2ad371b5a5ba494bbed', '', '2023-06-16 17:11:20', '0'),
(31, 1, '1170b5123a73b4f48966d319648757c9', '', '2023-06-16 17:18:18', '0'),
(32, 1, '99370fb4c122d2ad371b5a5ba494bbed', '', '2023-06-16 17:21:02', '0'),
(33, 1, '1170b5123a73b4f48966d319648757c9', '', '2023-06-16 17:29:12', '0'),
(34, 1, '99370fb4c122d2ad371b5a5ba494bbed', '', '2023-06-16 17:46:17', '0'),
(35, 14, '99370fb4c122d2ad371b5a5ba494bbed', '', '2023-06-16 17:46:50', '1'),
(36, 23, '1170b5123a73b4f48966d319648757c9', '', '2023-06-20 11:05:30', '1'),
(37, 1, '1170b5123a73b4f48966d319648757c9', '', '2023-07-19 15:37:10', '0'),
(38, 24, '827ccb0eea8a706c4c34a16891f84e7b', '12345', '2023-07-24 15:46:38', '1'),
(39, 25, '1170b5123a73b4f48966d319648757c9', '', '2023-07-25 10:26:53', '0'),
(40, 1, '2a6b269d3a10e74d6f886bb64fdfafaf', '', '2023-07-25 10:29:42', '0'),
(41, 1, '1170b5123a73b4f48966d319648757c9', '', '2023-07-25 10:31:25', '0'),
(42, 1, '2a6b269d3a10e74d6f886bb64fdfafaf', '', '2023-07-25 10:45:17', '0'),
(43, 1, '1170b5123a73b4f48966d319648757c9', '', '2023-07-25 14:31:21', '0'),
(44, 25, '1170b5123a73b4f48966d319648757c9', '', '2023-07-25 14:34:13', '0'),
(45, 1, '1170b5123a73b4f48966d319648757c9', '', '2023-07-25 14:37:48', '0'),
(46, 25, '1170b5123a73b4f48966d319648757c9', '', '2023-07-25 14:38:42', '1'),
(47, 10, '2a6b269d3a10e74d6f886bb64fdfafaf', '', '2023-07-25 14:49:16', '0'),
(48, 10, '1170b5123a73b4f48966d319648757c9', '', '2023-07-25 16:03:20', '0'),
(49, 26, '1170b5123a73b4f48966d319648757c9', '', '2023-07-25 17:41:16', '1'),
(50, 1, '2a6b269d3a10e74d6f886bb64fdfafaf', '', '2023-07-26 11:02:28', '0'),
(51, 1, '1170b5123a73b4f48966d319648757c9', '', '2023-07-26 12:57:11', '0'),
(52, 10, '1170b5123a73b4f48966d319648757c9', '', '2023-07-27 12:35:22', '1'),
(53, 27, '1170b5123a73b4f48966d319648757c9', '', '2023-07-31 14:59:58', '1'),
(54, 28, '1170b5123a73b4f48966d319648757c9', '', '2023-08-10 17:21:32', '1'),
(55, 29, '1170b5123a73b4f48966d319648757c9', '', '2023-08-10 19:12:04', '1'),
(56, 30, '1170b5123a73b4f48966d319648757c9', 'Tvsscs@12345', '2023-09-12 11:47:07', '0'),
(57, 31, '1170b5123a73b4f48966d319648757c9', 'Tvsscs@12345', '2023-09-12 11:58:39', '1'),
(58, 32, '1170b5123a73b4f48966d319648757c9', 'Tvsscs@12345', '2023-09-12 12:01:09', '1'),
(59, 33, '1170b5123a73b4f48966d319648757c9', 'Tvsscs@12345', '2023-09-13 10:51:01', '1'),
(60, 30, '2a6b269d3a10e74d6f886bb64fdfafaf', 'tvsScs@12345', '2023-09-13 18:37:49', '0'),
(61, 30, '1170b5123a73b4f48966d319648757c9', 'Tvsscs@12345', '2023-09-15 16:04:06', '1'),
(62, 34, '1170b5123a73b4f48966d319648757c9', 'Tvsscs@12345', '2023-09-16 09:16:21', '1'),
(63, 35, '1170b5123a73b4f48966d319648757c9', 'Tvsscs@12345', '2023-09-20 11:06:36', '1'),
(64, 36, '1170b5123a73b4f48966d319648757c9', 'Tvsscs@12345', '2023-10-26 18:37:55', '1'),
(65, 39, '1170b5123a73b4f48966d319648757c9', 'Tvsscs@12345', '2024-02-13 16:36:49', '1'),
(66, 40, '1170b5123a73b4f48966d319648757c9', 'Tvsscs@12345', '2024-02-13 16:38:19', '1'),
(67, 41, '1170b5123a73b4f48966d319648757c9', 'Tvsscs@12345', '2024-02-13 16:44:44', '1'),
(68, 42, '1170b5123a73b4f48966d319648757c9', 'Tvsscs@12345', '2024-02-13 16:46:09', '1'),
(69, 43, '1170b5123a73b4f48966d319648757c9', 'Tvsscs@12345', '2024-02-13 16:48:03', '1'),
(70, 44, '1170b5123a73b4f48966d319648757c9', 'Tvsscs@12345', '2024-02-14 15:55:32', '1'),
(71, 45, '1170b5123a73b4f48966d319648757c9', 'Tvsscs@12345', '2024-02-14 16:35:22', '1'),
(72, 46, '1170b5123a73b4f48966d319648757c9', 'Tvsscs@12345', '2024-03-12 15:02:03', '1'),
(73, 47, '1170b5123a73b4f48966d319648757c9', 'Tvsscs@12345', '2024-03-12 15:04:57', '1'),
(74, 48, '1170b5123a73b4f48966d319648757c9', 'Tvsscs@12345', '2024-03-12 15:06:22', '1'),
(75, 49, '1170b5123a73b4f48966d319648757c9', 'Tvsscs@12345', '2024-03-12 15:12:44', '1'),
(76, 50, '1170b5123a73b4f48966d319648757c9', 'Tvsscs@12345', '2024-03-12 15:25:36', '1'),
(77, 51, '1170b5123a73b4f48966d319648757c9', 'Tvsscs@12345', '2024-03-13 11:55:52', '1'),
(78, 53, '1170b5123a73b4f48966d319648757c9', 'Tvsscs@12345', '2024-03-21 12:18:53', '1'),
(79, 54, '1170b5123a73b4f48966d319648757c9', 'Tvsscs@12345', '2024-03-21 12:51:03', '1'),
(80, 1, '7d2149bbed41c2f9fc291b586b2bf8d3', 'Vt2024@12345', '2024-04-11 10:30:15', '0'),
(81, 1, '630496e94e8ec31fe8c74337a512fda9', 'Vt2025@12345', '2025-02-05 11:41:01', '1'),
(82, 55, '1170b5123a73b4f48966d319648757c9', 'Tvsscs@12345', '2025-02-13 12:48:56', '1'),
(83, 56, '1170b5123a73b4f48966d319648757c9', 'Tvsscs@12345', '2025-02-14 15:03:00', '1');

-- --------------------------------------------------------

--
-- Table structure for table `login_sessions`
--

CREATE TABLE `login_sessions` (
  `login_id` int(11) NOT NULL,
  `security_id` int(11) NOT NULL,
  `session_token` longtext NOT NULL,
  `status` enum('0','1') NOT NULL DEFAULT '1',
  `create_date_time` datetime NOT NULL,
  `initial_login` enum('0','1') NOT NULL DEFAULT '0'
) ENGINE=InnoDB DEFAULT CHARSET=utf8mb4 COLLATE=utf8mb4_general_ci;

--
-- Dumping data for table `login_sessions`
--

INSERT INTO `login_sessions` (`login_id`, `security_id`, `session_token`, `status`, `create_date_time`, `initial_login`) VALUES
(1, 1, 'eyJhbGciOiJIUzI1NiIsInR5cCI6IkpXVCJ9.eyJ1aWQiOjEsImlhdCI6MTY5NDQ5NjQ0OX0.ADYtanNfg9i188d-c6XXi99TJqFoSGahI-BFBmXjRfU', '1', '2023-09-12 10:57:29', '0'),
(2, 1, 'eyJhbGciOiJIUzI1NiIsInR5cCI6IkpXVCJ9.eyJ1aWQiOjEsImlhdCI6MTY5NDQ5ODkyM30.mdQCpeJRNnpIrjW6LIjELdYP_oYWgCpFcR9GLmC7ZYU', '1', '2023-09-13 09:58:21', '0'),
(3, 1, 'eyJhbGciOiJIUzI1NiIsInR5cCI6IkpXVCJ9.eyJ1aWQiOjEsImlhdCI6MTY5NDUwNTQ2MX0.Aof7kNoIDAGEEXSSMzQV9sbCHBthLFI3WDZVoU0itTQ', '1', '2023-09-20 09:53:27', '0'),
(4, 1, 'eyJhbGciOiJIUzI1NiIsInR5cCI6IkpXVCJ9.eyJ1aWQiOjEsImlhdCI6MTY5NDUxODIwMX0.N4s_DBSMkGXOL1YbIHwzkzvQ6i0EcKZ-Md6uZJuMh1o', '1', '2023-09-13 11:18:29', '0'),
(5, 1, 'eyJhbGciOiJIUzI1NiIsInR5cCI6IkpXVCJ9.eyJ1aWQiOjEsImlhdCI6MTY5NDUyMDE4N30.AEungvu2fZWb3cconj0tuA5XOWNzgGBdUDMkNEIlcCQ', '1', '2023-09-20 11:18:20', '0'),
(6, 1, 'eyJhbGciOiJIUzI1NiIsInR5cCI6IkpXVCJ9.eyJ1aWQiOjEsImlhdCI6MTY5NDU3NzU0OH0.nVnYKQ0nMTCTf30i6qvbQ8YoEQZHA3tNSxU_z5o4P-g', '1', '2023-09-13 17:21:04', '0'),
(7, 1, 'eyJhbGciOiJIUzI1NiIsInR5cCI6IkpXVCJ9.eyJ1aWQiOjEsImlhdCI6MTY5NDU3ODA4N30.-wFJOO6M-LQxaTZFa-hzXKCq-z3xDfVoAkl8makbJ94', '1', '2023-09-13 10:55:36', '0'),
(8, 24, 'eyJhbGciOiJIUzI1NiIsInR5cCI6IkpXVCJ9.eyJ1aWQiOjI0LCJpYXQiOjE2OTQ1ODMxMTl9.37jezo1qltVfySJR5jTppDynh-YiZJBTngrhxPKFu6w', '1', '2023-09-13 11:02:01', '0'),
(9, 24, 'eyJhbGciOiJIUzI1NiIsInR5cCI6IkpXVCJ9.eyJ1aWQiOjI0LCJpYXQiOjE2OTQ1ODMxMzV9._TC02Dfb8pmuA3TxjkE9XQy0FpipuzvPBR2ebaJtZeA', '1', '2023-09-13 12:17:20', '0'),
(10, 1, 'eyJhbGciOiJIUzI1NiIsInR5cCI6IkpXVCJ9.eyJ1aWQiOjEsImlhdCI6MTY5NDU4NDEyNH0.vAtu4qzIDVRMdDHI4Cb_TAar_FYL2-fsrdT8jv1SQoQ', '1', '2023-09-13 17:16:17', '0'),
(11, 1, 'eyJhbGciOiJIUzI1NiIsInR5cCI6IkpXVCJ9.eyJ1aWQiOjEsImlhdCI6MTY5NDU4NTAzM30.q08z-1Zh9C6tKdz1uHlXQja_pDavzHpVLIJ6xlAY1a8', '1', '2023-09-20 15:42:52', '0'),
(12, 1, 'eyJhbGciOiJIUzI1NiIsInR5cCI6IkpXVCJ9.eyJ1aWQiOjEsImlhdCI6MTY5NDU4NTY3Nn0.vr-7KNdyeSFeOLJQZGrEPxFiKXfzdAKUUWTjGIQmxnc', '1', '2023-09-13 12:23:17', '0'),
(13, 1, 'eyJhbGciOiJIUzI1NiIsInR5cCI6IkpXVCJ9.eyJ1aWQiOjEsImlhdCI6MTY5NDU4NzY1Mn0.XMEskQvQty_1gRu1ExwwZy-saAnw0LY8MRcrxmgvENc', '1', '2023-09-13 12:24:54', '0'),
(14, 24, 'eyJhbGciOiJIUzI1NiIsInR5cCI6IkpXVCJ9.eyJ1aWQiOjI0LCJpYXQiOjE2OTQ1ODc3MDR9.d-V3hqU8Tq6dYMbgJBqHaRrZSgX-iGGujYisFogm2-g', '1', '2023-09-13 12:27:43', '0'),
(15, 1, 'eyJhbGciOiJIUzI1NiIsInR5cCI6IkpXVCJ9.eyJ1aWQiOjEsImlhdCI6MTY5NDU4Nzc3OH0.HMkTHd-ITvOXj7ccvRX9GN3H37XidwjmK2VLBdAvZSE', '1', '2023-09-13 12:24:43', '0'),
(16, 32, 'eyJhbGciOiJIUzI1NiIsInR5cCI6IkpXVCJ9.eyJ1aWQiOjMyLCJpYXQiOjE2OTQ1ODgwMjJ9.UxAXxNTLT3zymqRsIMNi9HJ6UkI1WW6YusUFa11NDNw', '1', '2023-09-13 12:39:01', '0'),
(17, 1, 'eyJhbGciOiJIUzI1NiIsInR5cCI6IkpXVCJ9.eyJ1aWQiOjEsImlhdCI6MTY5NDU4ODk1OX0.WoGnabLfYru0H5r9E1ASMkLybP-27xS9lphE0XsgPW0', '1', '2023-09-13 16:42:37', '0'),
(18, 32, 'eyJhbGciOiJIUzI1NiIsInR5cCI6IkpXVCJ9.eyJ1aWQiOjMyLCJpYXQiOjE2OTQ2MDEzNDR9.XYzN60otHS3VUh6SizPTwWgfZnAPjYDVtc4zsabVJa4', '1', '2023-09-13 18:35:03', '0'),
(19, 32, 'eyJhbGciOiJIUzI1NiIsInR5cCI6IkpXVCJ9.eyJ1aWQiOjMyLCJpYXQiOjE2OTQ2MDM4NDN9.Bw0gqyIepvTjFZRjhndw03brb7ThX2AqimL00KQCY08', '1', '2023-09-13 16:48:28', '0'),
(20, 1, 'eyJhbGciOiJIUzI1NiIsInR5cCI6IkpXVCJ9.eyJ1aWQiOjEsImlhdCI6MTY5NDYwMzkzMn0.A5lqizW8iJSQC5e3SBIdUVHGCOCeMBaaXXcwPhE4Hy0', '1', '2023-09-13 17:25:19', '0'),
(21, 1, 'eyJhbGciOiJIUzI1NiIsInR5cCI6IkpXVCJ9.eyJ1aWQiOjEsImlhdCI6MTY5NDYwNTg3NX0.GvTlCgdqAV7sQeH4GPfApu6uXy6b39KpGVNBd_nJ4R0', '1', '2023-09-20 11:06:52', '0'),
(22, 32, 'eyJhbGciOiJIUzI1NiIsInR5cCI6IkpXVCJ9.eyJ1aWQiOjMyLCJpYXQiOjE2OTQ2MDYxODB9.L5_GTc08norzidRsntiuju8GDUYRYQmePpEfKqeVA0E', '1', '2023-09-13 17:27:20', '0'),
(23, 1, 'eyJhbGciOiJIUzI1NiIsInR5cCI6IkpXVCJ9.eyJ1aWQiOjEsImlhdCI6MTY5NDYwNjgxOH0.9O4b0Dn9DE9QFhmbzFKr-JvboS-S2TBYaaEVop0NluE', '1', '2023-09-15 15:58:32', '0'),
(24, 30, 'eyJhbGciOiJIUzI1NiIsInR5cCI6IkpXVCJ9.eyJ1aWQiOjMwLCJpYXQiOjE2OTQ2MTA1MDF9.mxVHFDu5stwpg2YGtQpf2ntrBU7_KVPICi6d2I484wk', '1', '2023-09-13 18:38:29', '0'),
(25, 1, 'eyJhbGciOiJIUzI1NiIsInR5cCI6IkpXVCJ9.eyJ1aWQiOjEsImlhdCI6MTY5NDYxMDUxOX0.6_A_MTFSVybgDvjMwVvXyFWI4m1srkAfgLxtF8-sCj8', '1', '2023-09-14 11:20:45', '0'),
(26, 1, 'eyJhbGciOiJIUzI1NiIsInR5cCI6IkpXVCJ9.eyJ1aWQiOjEsImlhdCI6MTY5NDY3MTEyMX0.mROClE1fUNflSICz6ay11Pk3enYh8oPuLAXCh5KdQGo', '1', '2023-09-16 09:14:28', '0'),
(27, 1, 'eyJhbGciOiJIUzI1NiIsInR5cCI6IkpXVCJ9.eyJ1aWQiOjEsImlhdCI6MTY5NDY3MjAwMH0.vNVlDCqj_LURqV5NN1Fab8iLwuaRkpDnax76xgaxpn8', '1', '2023-09-14 11:44:15', '0'),
(28, 1, 'eyJhbGciOiJIUzI1NiIsInR5cCI6IkpXVCJ9.eyJ1aWQiOjEsImlhdCI6MTY5NDc3NDA2MX0.KjvHpyDHQN-iwJr-n44ZuppQ9pyd4jjTh7eHLD_-3oI', '1', '2023-09-15 16:39:18', '0'),
(29, 32, 'eyJhbGciOiJIUzI1NiIsInR5cCI6IkpXVCJ9.eyJ1aWQiOjMyLCJpYXQiOjE2OTQ3NzYxODd9.yNBlgi_mRyT9Z8A6bJ_8eUvSvYl2n7fsZbbbR02gvqQ', '1', '2023-09-15 16:43:15', '0'),
(30, 1, 'eyJhbGciOiJIUzI1NiIsInR5cCI6IkpXVCJ9.eyJ1aWQiOjEsImlhdCI6MTY5NDc3NjQ0Nn0.Ht49YqCIXO8wUsUXV7nQKHV8a-AYWCoy05WtNYo2SRA', '1', '2023-09-16 08:12:26', '0'),
(31, 1, 'eyJhbGciOiJIUzI1NiIsInR5cCI6IkpXVCJ9.eyJ1aWQiOjEsImlhdCI6MTY5NDgzMTI0Mn0.FUrT9tMw8aPJxAbk9pyVuUkTScGrp3PTOvdMA_4g4UA', '1', '2023-09-16 07:58:02', '0'),
(32, 1, 'eyJhbGciOiJIUzI1NiIsInR5cCI6IkpXVCJ9.eyJ1aWQiOjEsImlhdCI6MTY5NDgzMTk3MX0.xqB_kQlWBbt2wI-Ho6Vsi077lFxMyYcA5W1tCutCOJo', '1', '2023-09-16 08:10:33', '0'),
(33, 1, 'eyJhbGciOiJIUzI1NiIsInR5cCI6IkpXVCJ9.eyJ1aWQiOjEsImlhdCI6MTY5NDgzMzI1OH0.SVqYoAddqy4eCrFaodLXBwwK9qrEq77I36U326N2KVw', '1', '2023-09-16 08:50:10', '0'),
(34, 1, 'eyJhbGciOiJIUzI1NiIsInR5cCI6IkpXVCJ9.eyJ1aWQiOjEsImlhdCI6MTY5NDgzNTg4NH0.UQRFKVHU6kwXnCWig_kHFsuzDrC4IqdtysXTfKEEQ-8', '1', '2023-09-16 09:39:45', '0'),
(35, 1, 'eyJhbGciOiJIUzI1NiIsInR5cCI6IkpXVCJ9.eyJ1aWQiOjEsImlhdCI6MTY5NDgzNTkwNX0.hOR-zi6QvF_F5AF5nEoCMXI6weJMBZAB9o4xFiyxfdU', '1', '2023-09-16 09:17:37', '0'),
(36, 1, 'eyJhbGciOiJIUzI1NiIsInR5cCI6IkpXVCJ9.eyJ1aWQiOjEsImlhdCI6MTY5NTEwMzI1OX0._xhSNGCVrPm8hRsr3e6UX1_lu5WKYu6FWwhC8JqOZY4', '1', '2023-09-19 13:58:57', '0'),
(37, 1, 'eyJhbGciOiJIUzI1NiIsInR5cCI6IkpXVCJ9.eyJ1aWQiOjEsImlhdCI6MTY5NTEyMzM5NX0._1-wnT1WTKxeuXuUQ4fNEnQQvqgznxCALJlndPVRfAA', '1', '2023-09-19 19:40:06', '0'),
(38, 1, 'eyJhbGciOiJIUzI1NiIsInR5cCI6IkpXVCJ9.eyJ1aWQiOjEsImlhdCI6MTY5NTE3NzMwM30.4g1uIaMUVRCkluVl0_-eO9jWrOOnQUbVnsKzx0yE3ac', '1', '2023-09-20 16:21:55', '0'),
(39, 35, 'eyJhbGciOiJIUzI1NiIsInR5cCI6IkpXVCJ9.eyJ1aWQiOjM1LCJpYXQiOjE2OTUxODg0NDZ9.zAod-FAtUNFDuJLostr9Qgd62o11C2_65R1LZyqMcms', '1', '2023-09-20 11:13:46', '0'),
(40, 35, 'eyJhbGciOiJIUzI1NiIsInR5cCI6IkpXVCJ9.eyJ1aWQiOjM1LCJpYXQiOjE2OTUxODg3MTZ9.P_weL4hSCtr-v5GHBfuGkhIZVJFQssp8vapPbAtu9tI', '1', '2023-09-20 11:15:50', '0'),
(41, 35, 'eyJhbGciOiJIUzI1NiIsInR5cCI6IkpXVCJ9.eyJ1aWQiOjM1LCJpYXQiOjE2OTUxODg3NzN9.r4rRICq_Ilh8gwpURqUOvem27CbLAUQDYmi2Sn874rk', '1', '2023-09-20 18:26:23', '0'),
(42, 35, 'eyJhbGciOiJIUzI1NiIsInR5cCI6IkpXVCJ9.eyJ1aWQiOjM1LCJpYXQiOjE2OTUxODg5NDB9.eY476t9TKm6y_QATlZ2iTjvPBkmb1yLNO-TJcCZQWKw', '1', '2023-09-20 11:47:37', '0'),
(43, 1, 'eyJhbGciOiJIUzI1NiIsInR5cCI6IkpXVCJ9.eyJ1aWQiOjEsImlhdCI6MTY5NTE5MDM2OH0.yHb7_3AI9U1HLbvPP0_PjRVtubn36KDKZjQPpOIY2z8', '0', '2023-09-20 12:06:26', '0'),
(44, 1, 'eyJhbGciOiJIUzI1NiIsInR5cCI6IkpXVCJ9.eyJ1aWQiOjEsImlhdCI6MTY5NTIwNjY3OH0.liqrBtIXgfF3cqT-vcWoe_6ihALz7y79x4wOLUx7Inc', '1', '2023-09-20 16:20:18', '0'),
(45, 32, 'eyJhbGciOiJIUzI1NiIsInR5cCI6IkpXVCJ9.eyJ1aWQiOjMyLCJpYXQiOjE2OTUyMDcwNjB9.l_yx48ig0-OHEzgdYTLpS417drIApNySA8vzQ1v3w1Q', '1', '2023-09-20 17:46:50', '0'),
(46, 1, 'eyJhbGciOiJIUzI1NiIsInR5cCI6IkpXVCJ9.eyJ1aWQiOjEsImlhdCI6MTY5NTI3NTQwMX0.dqK5v85EbZXfzrZTE_al9PcwC-xYhX16OBbJ1LzQrGQ', '1', '2023-09-21 12:26:02', '0'),
(47, 1, 'eyJhbGciOiJIUzI1NiIsInR5cCI6IkpXVCJ9.eyJ1aWQiOjEsImlhdCI6MTY5NTI4MDA1Nn0.vmKXM79Imb9DuCJjUYXBMdWj9Xpb9QpdsmzX49N41dE', '1', '2023-09-21 12:38:48', '0'),
(48, 1, 'eyJhbGciOiJIUzI1NiIsInR5cCI6IkpXVCJ9.eyJ1aWQiOjEsImlhdCI6MTY5NzY5NDMxNX0.-jp-4Gomjg9AnbOB81NeFwGjZrR52YV5KTwm_8MbKZY', '1', '2023-10-19 12:48:49', '0'),
(49, 1, 'eyJhbGciOiJIUzI1NiIsInR5cCI6IkpXVCJ9.eyJ1aWQiOjEsImlhdCI6MTY5NzY5NjQwNn0.woYYzWRG31AZ4lHIQhLXMbdIS7Z9Lf_fmnhJJQfYKlk', '0', '2023-10-19 14:06:43', '1'),
(50, 35, 'eyJhbGciOiJIUzI1NiIsInR5cCI6IkpXVCJ9.eyJ1aWQiOjM1LCJpYXQiOjE2OTc2OTY3NzF9.cZCfRwF0W_ytQF0hdRQLQV7r3wzt8XnJw2nfn1qga4g', '1', '2023-10-19 12:02:56', '1'),
(51, 35, 'eyJhbGciOiJIUzI1NiIsInR5cCI6IkpXVCJ9.eyJ1aWQiOjM1LCJpYXQiOjE2OTc2OTcyNjl9.f2pa7Na_kseja4PVA25zkzyNRLXu3nsa_ze8aXYRWwI', '1', '2023-10-19 12:08:50', '1'),
(52, 35, 'eyJhbGciOiJIUzI1NiIsInR5cCI6IkpXVCJ9.eyJ1aWQiOjM1LCJpYXQiOjE2OTc2OTc1NTF9.COAcWvivT7P1E8dqqhphz9OOjtkBgsc55NeXVwZg4Gw', '1', '2023-10-19 12:09:24', '1'),
(53, 35, 'eyJhbGciOiJIUzI1NiIsInR5cCI6IkpXVCJ9.eyJ1aWQiOjM1LCJpYXQiOjE2OTc2OTc2Mjl9.Gk713uhJ9abowHazG4cAu2zOO0bdgBG3Pf38wjBnDFY', '1', '2023-10-19 12:17:36', '1'),
(54, 6, 'eyJhbGciOiJIUzI1NiIsInR5cCI6IkpXVCJ9.eyJ1aWQiOjYsImlhdCI6MTY5NzY5ODEyMX0.ghD2rzz7rVhmh79hf0nNwaLIK8iky7ct-LaY8yG3A10', '1', '2023-10-19 12:25:27', '0'),
(55, 6, 'eyJhbGciOiJIUzI1NiIsInR5cCI6IkpXVCJ9.eyJ1aWQiOjYsImlhdCI6MTY5NzY5ODM1MH0.9YKrHCF-wH9Ucs2W3J1d9pH-VGPefUvhg8lCp7iWX8c', '1', '2023-10-19 12:23:26', '0'),
(56, 35, 'eyJhbGciOiJIUzI1NiIsInR5cCI6IkpXVCJ9.eyJ1aWQiOjM1LCJpYXQiOjE2OTc2OTg0Mjl9.L1d6OIafkCJdT-YmEBU0gZ4SXTiTaAwpmrML5d5imBw', '0', '2023-10-19 12:24:49', '0'),
(57, 35, 'eyJhbGciOiJIUzI1NiIsInR5cCI6IkpXVCJ9.eyJ1aWQiOjM1LCJpYXQiOjE2OTc2OTg1NDZ9.fcAsESMF3eY2xvh3iJbj8c764AkRMMFueGxKtdEsln0', '1', '2023-10-19 12:27:37', '1'),
(58, 1, 'eyJhbGciOiJIUzI1NiIsInR5cCI6IkpXVCJ9.eyJ1aWQiOjEsImlhdCI6MTY5NzcxMzY0M30.4MVyDMZPJNAjq7Jb6S9LsElZ_tJo3TCyNxpSO-RGMyc', '0', '2023-10-19 16:37:45', '0'),
(59, 1, 'eyJhbGciOiJIUzI1NiIsInR5cCI6IkpXVCJ9.eyJ1aWQiOjEsImlhdCI6MTY5NzcyMDEyNX0.UAgw5nPE3sYEZY6s_PftpQ5IT_ips28Rh-ZgzIWgd_M', '1', '2023-10-19 18:32:09', '1'),
(60, 1, 'eyJhbGciOiJIUzI1NiIsInR5cCI6IkpXVCJ9.eyJ1aWQiOjEsImlhdCI6MTY5Nzc3NjE4NH0.TJac2z1HZ-GoKUSfB1aCJmSkhqHeSpSwIAB6JLhqGtQ', '0', '2023-10-20 10:17:27', '1'),
(61, 1, 'eyJhbGciOiJIUzI1NiIsInR5cCI6IkpXVCJ9.eyJ1aWQiOjEsImlhdCI6MTY5ODAzMjE0MX0.yhGzZcPntUUqtriKn_WKxfzk265gk6OzyaudKfzd1yI', '1', '2023-10-23 09:05:47', '1'),
(62, 1, 'eyJhbGciOiJIUzI1NiIsInR5cCI6IkpXVCJ9.eyJ1aWQiOjEsImlhdCI6MTY5ODA2MDQ4M30.MEaMMb6iMVkSF5OM5DT8GnuyckWhezsB3fGPhm4eZnI', '1', '2023-10-23 17:42:53', '1'),
(63, 32, 'eyJhbGciOiJIUzI1NiIsInR5cCI6IkpXVCJ9.eyJ1aWQiOjMyLCJpYXQiOjE2OTgwNjA2MDJ9.qmzFd8t-53RKPAy-3rgyc0CLC_qHE3a4sE0rBaXal4k', '1', '2023-10-23 17:13:41', '0'),
(64, 1, 'eyJhbGciOiJIUzI1NiIsInR5cCI6IkpXVCJ9.eyJ1aWQiOjEsImlhdCI6MTY5ODA2MTE4N30.snManOhbRjSePwiHHi9nMJgT1nbKq-jP0thFfmJP1bI', '1', '2023-10-23 17:10:35', '1'),
(65, 35, 'eyJhbGciOiJIUzI1NiIsInR5cCI6IkpXVCJ9.eyJ1aWQiOjM1LCJpYXQiOjE2OTgwNjEyNzV9.8dXFt7cIbLMnoiBoL3G0BaNQvbaKX_5C97kjz-_Jh14', '1', '2023-10-23 17:15:32', '1'),
(66, 32, 'eyJhbGciOiJIUzI1NiIsInR5cCI6IkpXVCJ9.eyJ1aWQiOjMyLCJpYXQiOjE2OTgwNjE2MTF9.xLC8EPoF9hwiWlAPfekbcfHqnXdgh-bCg2hypcBOkac', '1', '2023-10-23 17:26:12', '0'),
(67, 1, 'eyJhbGciOiJIUzI1NiIsInR5cCI6IkpXVCJ9.eyJ1aWQiOjEsImlhdCI6MTY5ODIzNDg4OX0.Pt_IR7MbZfxB50zJ9Sx6etn9myIwUsAT50g5bNWaQ0U', '0', '2023-10-25 17:34:18', '1'),
(68, 1, 'eyJhbGciOiJIUzI1NiIsInR5cCI6IkpXVCJ9.eyJ1aWQiOjEsImlhdCI6MTY5ODMwMDA3OX0.sLDmQ1MruKS6zKEGfRYNL9ZGyyUYx6t6LWMuPLNGGnw', '0', '2023-10-26 11:31:50', '1'),
(69, 1, 'eyJhbGciOiJIUzI1NiIsInR5cCI6IkpXVCJ9.eyJ1aWQiOjEsImlhdCI6MTY5ODMwMDQ3OX0.2TUfTBMfPSEHB6JPe_kdDBiYmnjHy-8KpkwjgNW6-3Y', '0', '2023-10-26 11:40:41', '1'),
(70, 1, 'eyJhbGciOiJIUzI1NiIsInR5cCI6IkpXVCJ9.eyJ1aWQiOjEsImlhdCI6MTY5ODMxNzg3OX0.0ig2I08vcOfAuryJCujvXo9yAzgsIDTNcxRNLqWsYnI', '1', '2023-10-26 19:24:31', '1'),
(71, 1, 'eyJhbGciOiJIUzI1NiIsInR5cCI6IkpXVCJ9.eyJ1aWQiOjEsImlhdCI6MTY5ODMyMjkwMn0.ilImX36wmhXfONvvhblP1T86cm07Vf5z7FEh4pYAO1E', '1', '2023-10-26 17:55:04', '1'),
(72, 1, 'eyJhbGciOiJIUzI1NiIsInR5cCI6IkpXVCJ9.eyJ1aWQiOjEsImlhdCI6MTY5ODMyMzk4Nn0.f_oDFdlJSkeld_wx0wA0RJ3n7HzMFeLUCeFvdUEcmHo', '0', '2023-10-26 18:39:04', '0'),
(73, 32, 'eyJhbGciOiJIUzI1NiIsInR5cCI6IkpXVCJ9.eyJ1aWQiOjMyLCJpYXQiOjE2OTgzMjQzOTV9.yBL4hnYeC1VRv2d4PELLIBIReikPF0VCtL5zIlkJeos', '1', '2023-10-26 18:32:32', '0'),
(74, 1, 'eyJhbGciOiJIUzI1NiIsInR5cCI6IkpXVCJ9.eyJ1aWQiOjEsImlhdCI6MTY5ODMyNDg5Nn0.rzquEBZwiLrmKUrOhK6lfgNU40xTVmZtWEilrw4IlHc', '1', '2023-10-26 18:28:36', '1'),
(75, 32, 'eyJhbGciOiJIUzI1NiIsInR5cCI6IkpXVCJ9.eyJ1aWQiOjMyLCJpYXQiOjE2OTgzMjQ5MTZ9.c-VLxo0qSu3r1UPURQhMzbcnI4gKoqvfJF0zXyaTnLU', '1', '2023-10-26 18:32:21', '0'),
(76, 36, 'eyJhbGciOiJIUzI1NiIsInR5cCI6IkpXVCJ9.eyJ1aWQiOjM2LCJpYXQiOjE2OTgzMjU4NTF9.TI5I973I6yyKINQVzHeum6U9gnoJgS6bfA9FYHXOdj0', '0', '2023-10-26 19:03:43', '0'),
(77, 36, 'eyJhbGciOiJIUzI1NiIsInR5cCI6IkpXVCJ9.eyJ1aWQiOjM2LCJpYXQiOjE2OTgzMjYwNTN9.jnMtRvt88ftGRSuC-5zq2aj8Xk_fnOv46JJYu6FZntg', '1', '2023-10-26 18:52:32', '0'),
(78, 1, 'eyJhbGciOiJIUzI1NiIsInR5cCI6IkpXVCJ9.eyJ1aWQiOjEsImlhdCI6MTY5ODMyNjEyMX0.ee_2EAFZwBkQQln-J5uOW4_a5YC0Kc7ZoiveTWGfJ_E', '0', '2023-10-26 18:45:41', '1'),
(79, 1, 'eyJhbGciOiJIUzI1NiIsInR5cCI6IkpXVCJ9.eyJ1aWQiOjEsImlhdCI6MTY5ODMyODI3OX0.7ZCDHjaiGYiGHHy_yNEcc5Ou8FfnVo60JHwSpA2WFS4', '0', '2023-10-26 19:21:38', '1'),
(80, 35, 'eyJhbGciOiJIUzI1NiIsInR5cCI6IkpXVCJ9.eyJ1aWQiOjM1LCJpYXQiOjE2OTgzNDIzNzJ9.ihe5S8bZcFEvAwdbGnvnnP0bS8Srz8Y3wGgv5Pt8dZk', '0', '2023-10-27 00:11:18', '0'),
(81, 35, 'eyJhbGciOiJIUzI1NiIsInR5cCI6IkpXVCJ9.eyJ1aWQiOjM1LCJpYXQiOjE2OTgzODAyMjh9.PBI28-v1smF6O4AdNx6e-3Gps4-OxoPqcpTPcyt1zW8', '1', '2023-10-27 10:34:46', '0'),
(82, 1, 'eyJhbGciOiJIUzI1NiIsInR5cCI6IkpXVCJ9.eyJ1aWQiOjEsImlhdCI6MTY5ODM4MzM5MH0.lokEuMhipRf7GCCAEJ9C7Ue_CS-AGq4i_h5EMzcJUBc', '1', '2023-10-27 11:26:16', '0'),
(83, 1, 'eyJhbGciOiJIUzI1NiIsInR5cCI6IkpXVCJ9.eyJ1aWQiOjEsImlhdCI6MTY5ODQwMzE0Mn0.y7xaGMlASJn4AOBf8kOhfcNBJ_LtRx8RxHV-vfh1Jdo', '0', '2023-10-27 16:19:01', '1'),
(84, 1, 'eyJhbGciOiJIUzI1NiIsInR5cCI6IkpXVCJ9.eyJ1aWQiOjEsImlhdCI6MTY5ODY1ODUwNn0.gWgqw8mXYUexI_vYdsrxFP0hlFvxP7zQGw0ucYufC04', '1', '2023-10-30 15:23:39', '1'),
(85, 1, 'eyJhbGciOiJIUzI1NiIsInR5cCI6IkpXVCJ9.eyJ1aWQiOjEsImlhdCI6MTY5ODY1ODYwMX0.AKZI_OcxREjDR-UmJAYwmbKxCTdd6qL2ahu_8bVWDkg', '0', '2023-10-30 15:09:16', '1'),
(86, 1, 'eyJhbGciOiJIUzI1NiIsInR5cCI6IkpXVCJ9.eyJ1aWQiOjEsImlhdCI6MTY5ODY3MjMwOH0.eUYodia1_L0sMVwTgm3VIKnKrPFnHjfpHLyPh66XLDg', '1', '2023-10-30 19:19:16', '1'),
(87, 1, 'eyJhbGciOiJIUzI1NiIsInR5cCI6IkpXVCJ9.eyJ1aWQiOjEsImlhdCI6MTY5ODgzMDY4Mn0.cnTL6on___uXchtf-VR4Huzsgito28h2_PaDV3ODIJA', '0', '2023-11-01 14:55:34', '1'),
(88, 1, 'eyJhbGciOiJIUzI1NiIsInR5cCI6IkpXVCJ9.eyJ1aWQiOjEsImlhdCI6MTY5ODg5ODU3MX0.YAs9xvMybUxLhyXveqi-H7v2seg8CenhzShBeq_tzBA', '1', '2023-11-02 10:03:45', '1'),
(89, 1, 'eyJhbGciOiJIUzI1NiIsInR5cCI6IkpXVCJ9.eyJ1aWQiOjEsImlhdCI6MTcwMDA0Mjk4NH0.9GRt2oO6KGS0ihTcuTpqhAPeNulVRtKwiVAhB5nnNSI', '1', '2024-01-12 17:31:38', '1'),
(90, 1, 'eyJhbGciOiJIUzI1NiIsInR5cCI6IkpXVCJ9.eyJ1aWQiOjEsImlhdCI6MTcwNTQ3NjExOH0.qRHSKV34JV7ul5uXERiGGbvwCSXHMnlkDqM-sxHygf4', '1', '2024-01-22 14:29:43', '0'),
(91, 24, 'eyJhbGciOiJIUzI1NiIsInR5cCI6IkpXVCJ9.eyJ1aWQiOjI0LCJpYXQiOjE3MDU5MTQwNTV9.xSDIhmhrU4qN_YuqmCesf10JFWgxvQYDlXSVNHbyLpg', '1', '2024-01-22 14:31:10', '0'),
(92, 1, 'eyJhbGciOiJIUzI1NiIsInR5cCI6IkpXVCJ9.eyJ1aWQiOjEsImlhdCI6MTcwNTkxNDEyOH0.9N2zDFqm-csxtDFEEgc_8a8HYnN1VhAjeos_yUB8zg0', '1', '2024-01-22 14:37:30', '0'),
(93, 24, 'eyJhbGciOiJIUzI1NiIsInR5cCI6IkpXVCJ9.eyJ1aWQiOjI0LCJpYXQiOjE3MDU5MTQ0ODN9.1dMcM_BJiiHIGcrOPKlxWAqw9Wde5Rhnx4Y2m4_WiQM', '1', '2024-01-22 14:39:19', '0'),
(94, 1, 'eyJhbGciOiJIUzI1NiIsInR5cCI6IkpXVCJ9.eyJ1aWQiOjEsImlhdCI6MTcwNTkxNDU5MX0.Z4GaOYNKmBWUTlxTkeExYAqvIYIdb3umxMk17Qc2-Rc', '0', '2024-01-22 17:26:01', '0'),
(95, 1, 'eyJhbGciOiJIUzI1NiIsInR5cCI6IkpXVCJ9.eyJ1aWQiOjEsImlhdCI6MTcwNjA4ODQ4OH0.onToBFyhas0XqJIxypLfrlUCsY29gd0ykiPFkm2zoYk', '0', '2024-01-24 17:24:43', '0'),
(96, 1, 'eyJhbGciOiJIUzI1NiIsInR5cCI6IkpXVCJ9.eyJ1aWQiOjEsImlhdCI6MTcwNjE2MzA3Mn0.YQ3Jgr4pOuUsz-Y7YYxeR43kDp-8wKFJkNBzVVqPqFw', '0', '2024-01-25 12:39:27', '0'),
(97, 1, 'eyJhbGciOiJIUzI1NiIsInR5cCI6IkpXVCJ9.eyJ1aWQiOjEsImlhdCI6MTcwNjg1MDU0N30.LG4ujz4eSUo8uANyyU5GvK8VBmEkpiFpPOhavocUsY8', '1', '2024-02-13 13:06:33', '0'),
(98, 1, 'eyJhbGciOiJIUzI1NiIsInR5cCI6IkpXVCJ9.eyJ1aWQiOjEsImlhdCI6MTcwNjg1MDU5MX0.dLrVZcTnKBNslyowfMqWAiAsn0wf_uEW1MTNPIjXrsY', '1', '2024-02-02 11:02:50', '0'),
(99, 24, 'eyJhbGciOiJIUzI1NiIsInR5cCI6IkpXVCJ9.eyJ1aWQiOjI0LCJpYXQiOjE3MDc4MDk4NDl9.tXnj_0x7dNlnTVe4cgufhzBcKIyE6Im5dnX4nHQ04oI', '1', '2024-02-15 12:19:32', '0'),
(100, 1, 'eyJhbGciOiJIUzI1NiIsInR5cCI6IkpXVCJ9.eyJ1aWQiOjEsImlhdCI6MTcwNzk3OTgwNn0.v3b27t1eI5nQ2jmXhBj2zaRR1pPgj1pgV48w47DxSs4', '1', '2024-02-20 16:53:37', '0'),
(101, 24, 'eyJhbGciOiJIUzI1NiIsInR5cCI6IkpXVCJ9.eyJ1aWQiOjI0LCJpYXQiOjE3MDg0MjgyOTN9.pWw6yIn3YTuiBsCHmGJ6mtPri0ItSqYFpCFx6T-gzjw', '1', '2024-02-21 14:21:07', '0'),
(102, 1, 'eyJhbGciOiJIUzI1NiIsInR5cCI6IkpXVCJ9.eyJ1aWQiOjEsImlhdCI6MTcwODUwNTQ3OH0.qThqi95gzvl1CAC0gw-ytegVyt5AK5NxjqwW4co3JHg', '1', '2024-03-12 17:03:58', '0'),
(103, 24, 'eyJhbGciOiJIUzI1NiIsInR5cCI6IkpXVCJ9.eyJ1aWQiOjI0LCJpYXQiOjE3MTAyMzU4MTh9.ykWkIdxsirwaLZYdY5evMSJhGKPzAYQvm-oi_TcAEWc', '1', '2024-03-12 18:35:38', '0'),
(104, 1, 'eyJhbGciOiJIUzI1NiIsInR5cCI6IkpXVCJ9.eyJ1aWQiOjEsImlhdCI6MTcxMDI0MzI1MX0.aHGaLbaUWKPPmWi3QRnjBjNBH541v_265Oz0GBSuiDg', '1', '2024-03-15 12:18:15', '0'),
(105, 24, 'eyJhbGciOiJIUzI1NiIsInR5cCI6IkpXVCJ9.eyJ1aWQiOjI0LCJpYXQiOjE3MTAzMDQzNzF9.jgXwdoSRBkRk_bRKIHNF7QRUOmlVfq3y89tKNXs_Z_k', '1', '2024-03-13 22:50:53', '0'),
(106, 24, 'eyJhbGciOiJIUzI1NiIsInR5cCI6IkpXVCJ9.eyJ1aWQiOjI0LCJpYXQiOjE3MTAzOTIyMDF9.Qg9oj26ISMSH0HVYGrnzxeMw9s_eAOvaNXgE9fFz4Wc', '1', '2024-03-14 10:54:03', '0'),
(107, 24, 'eyJhbGciOiJIUzI1NiIsInR5cCI6IkpXVCJ9.eyJ1aWQiOjI0LCJpYXQiOjE3MTAzOTU0Mzl9.R7476Hicm6gwGZLqQbLETFlXC5wOhZ-JhRxK-oIihVE', '1', '2024-03-14 11:50:34', '0'),
(108, 24, 'eyJhbGciOiJIUzI1NiIsInR5cCI6IkpXVCJ9.eyJ1aWQiOjI0LCJpYXQiOjE3MTA0ODM0MDF9.A5L06AIFxzoT2UchGrb67NrxFlM8i2XeDJiINUIeWC0', '1', '2024-03-15 16:19:13', '0'),
(109, 1, 'eyJhbGciOiJIUzI1NiIsInR5cCI6IkpXVCJ9.eyJ1aWQiOjEsImlhdCI6MTcxMDQ5NTU2MX0.MPvHVKcOHF0NpZZEFdTg1mKcIlhIlwKnUrPGJqVFdZc', '1', '2024-03-22 11:27:57', '0'),
(110, 24, 'eyJhbGciOiJIUzI1NiIsInR5cCI6IkpXVCJ9.eyJ1aWQiOjI0LCJpYXQiOjE3MTA1MDA5Nzd9.Q7n0fkIwx33le1CBQUVAqudbKTXKRsz6Lx3P7rPTB24', '1', '2024-03-18 16:01:08', '0'),
(111, 24, 'eyJhbGciOiJIUzI1NiIsInR5cCI6IkpXVCJ9.eyJ1aWQiOjI0LCJpYXQiOjE3MTA4MjExNTh9.8NnTF1Ize4A6XfNtKWc6tlexco07uC0gUffhIKjQVHI', '1', '2024-03-19 18:59:21', '0'),
(112, 1, 'eyJhbGciOiJIUzI1NiIsInR5cCI6IkpXVCJ9.eyJ1aWQiOjEsImlhdCI6MTcxMDkwOTY0N30.uY6r1XalFj0ppmkWYcFRGsAPM2qpte0lunVscUYz5yc', '1', '2024-03-20 10:11:06', '0'),
(113, 24, 'eyJhbGciOiJIUzI1NiIsInR5cCI6IkpXVCJ9.eyJ1aWQiOjI0LCJpYXQiOjE3MTA5MDk2Nzh9.JqZv9TuP2U66He9fcRjMxpRTwUlcgJkQrRlIZaqVY3M', '1', '2024-03-20 13:03:15', '0'),
(114, 24, 'eyJhbGciOiJIUzI1NiIsInR5cCI6IkpXVCJ9.eyJ1aWQiOjI0LCJpYXQiOjE3MTA5OTg4MjF9.K8pSifLvndRy5aozdGsCrwUoNJbVNSC9wlITRJE6h-s', '1', '2024-03-21 12:51:24', '0'),
(115, 24, 'eyJhbGciOiJIUzI1NiIsInR5cCI6IkpXVCJ9.eyJ1aWQiOjI0LCJpYXQiOjE3MTEwMjE5MjZ9.j5gz-jvAxl6TEmWXrBNsLqy-vOQF1CWi3ypIBPgq7CI', '1', '2024-03-21 17:22:18', '0'),
(116, 24, 'eyJhbGciOiJIUzI1NiIsInR5cCI6IkpXVCJ9.eyJ1aWQiOjI0LCJpYXQiOjE3MTExMDExMzB9.DNAtiOpUw5tZLJHPIUvEoyw-lOTki73NCpmQUyiWnbY', '1', '2024-03-26 14:44:36', '0'),
(117, 1, 'eyJhbGciOiJIUzI1NiIsInR5cCI6IkpXVCJ9.eyJ1aWQiOjEsImlhdCI6MTcxMTQ0NDQ5M30.hqI3T8T7mU653Y3fIdLKkqYt7N08gbq4zRq7T__9TM0', '1', '2024-04-10 15:59:26', '0'),
(118, 1, 'eyJhbGciOiJIUzI1NiIsInR5cCI6IkpXVCJ9.eyJ1aWQiOjEsImlhdCI6MTcxMjc0Njc5N30.0kJmZaMZ4SCtUP046lkcN9H9g28JY7R_d8VX6juFlRk', '1', '2024-04-30 12:50:34', '0'),
(119, 24, 'eyJhbGciOiJIUzI1NiIsInR5cCI6IkpXVCJ9.eyJ1aWQiOjI0LCJpYXQiOjE3MTM3NzY4NjR9.mWfVqvrvh10IMIdc9GKiUxteBaGLpUdnIqWvJE-uGPU', '1', '2024-04-22 17:55:00', '0'),
(120, 24, 'eyJhbGciOiJIUzI1NiIsInR5cCI6IkpXVCJ9.eyJ1aWQiOjI0LCJpYXQiOjE3MTQxMzI1OTV9.z9Lbkn_T34vkNUNW1hmozjswRCK1KHtGVIF19kRSNRw', '1', '2024-04-26 17:26:45', '0'),
(121, 1, 'eyJhbGciOiJIUzI1NiIsInR5cCI6IkpXVCJ9.eyJ1aWQiOjEsImlhdCI6MTcxNDQ2OTU1OX0.dS0wQ6fc_NxaDay_Y75QHWd4i4rNvWEhRvXDgm2GCfk', '1', '2024-05-27 17:13:48', '0'),
(122, 1, 'eyJhbGciOiJIUzI1NiIsInR5cCI6IkpXVCJ9.eyJ1aWQiOjEsImlhdCI6MTcxNjgxMjI0N30.DoJnoR_lHIJIO1zypyguxGPJB0Sr9aID6Kuzdp4eig4', '1', '2024-06-24 18:48:49', '0'),
(123, 1, 'eyJhbGciOiJIUzI1NiIsInR5cCI6IkpXVCJ9.eyJ1aWQiOjEsImlhdCI6MTcxOTI5MjExNH0.Uy-x-Jy2l7y2piVlYCtCpcT5NUHjed_Eccjxq388NdM', '1', '2024-06-27 16:32:32', '0'),
(124, 1, 'eyJhbGciOiJIUzI1NiIsInR5cCI6IkpXVCJ9.eyJ1aWQiOjEsImlhdCI6MTcxOTU1NzE2M30.v8L9tV1BJF0E1BLySDKJ5DdUXLMwHawxXvk91xLZ3hI', '1', '2024-07-26 12:36:30', '0'),
(125, 1, 'eyJhbGciOiJIUzI1NiIsInR5cCI6IkpXVCJ9.eyJ1aWQiOjEsImlhdCI6MTcyNDQxMDMyN30.GHt7eZgRYB7pNec4nAt0I5KtvvOOMQ-48kAQTnjcF10', '1', '2024-09-13 17:36:04', '0'),
(126, 24, 'eyJhbGciOiJIUzI1NiIsInR5cCI6IkpXVCJ9.eyJ1aWQiOjI0LCJpYXQiOjE3MjUwMTI5NDd9.o4fk6HRABw9y6tUHJQOkoCk1ilFpKEV2_Js-RuwMkMs', '1', '2024-08-30 15:49:42', '0'),
(127, 24, 'eyJhbGciOiJIUzI1NiIsInR5cCI6IkpXVCJ9.eyJ1aWQiOjI0LCJpYXQiOjE3MjUyNTU4NTR9.GaqD_okImv_lHn2iu49QWy-I-5UOZkorxpOJsRvhH74', '1', '2024-09-02 11:18:26', '0'),
(128, 1, 'eyJhbGciOiJIUzI1NiIsInR5cCI6IkpXVCJ9.eyJ1aWQiOjEsImlhdCI6MTcyNjY1NDM4Mn0.32RUo23kOL9zU_P6XCHqqLS__mTbjz2zsDo25zpnnws', '1', '2024-12-20 14:58:10', '0'),
(129, 24, 'eyJhbGciOiJIUzI1NiIsInR5cCI6IkpXVCJ9.eyJ1aWQiOjI0LCJpYXQiOjE3MzQ2NzYxOTN9.lUE4WXOA3Y-J-VsEQ9kxy-i5aSAOwH1wtCqlChPwck8', '1', '2024-12-20 15:06:56', '0'),
(130, 1, 'eyJhbGciOiJIUzI1NiIsInR5cCI6IkpXVCJ9.eyJ1aWQiOjEsImlhdCI6MTczODczNTc1Mn0.jjoUrUTqTc4-SJ0bxxf3GDCGlqvZzxgScOJFNytAZyQ', '1', '2025-02-05 11:40:32', '0'),
(131, 1, 'eyJhbGciOiJIUzI1NiIsInR5cCI6IkpXVCJ9.eyJ1aWQiOjEsImlhdCI6MTczODczNjAwMH0.o29y8k-H8r9zkyFpVzPZqelW5FBWQQqeG19Lq1gd0bc', '1', '2025-02-13 12:48:57', '0'),
(132, 1, 'eyJhbGciOiJIUzI1NiIsInR5cCI6IkpXVCJ9.eyJ1aWQiOjEsImlhdCI6MTczODczNjAyMX0.iin04_t1Xckk_MbcfX-BNl7pi2h7zNEj3Z7D5TTZato', '1', '2025-02-12 13:22:58', '0'),
(133, 1, 'eyJhbGciOiJIUzI1NiIsInR5cCI6IkpXVCJ9.eyJ1aWQiOjEsImlhdCI6MTczODc0NTQ1NH0.nuXwVdWU3uGJMNNHi72GsvZ4gUDd10jGgQTyYH5BQ2U', '1', '2025-02-06 10:42:38', '0'),
(134, 1, 'eyJhbGciOiJIUzI1NiIsInR5cCI6IkpXVCJ9.eyJ1aWQiOjEsImlhdCI6MTczODkwMjM0M30.mw9uTHYUaMmRYsjHMg7q6StnjdMMRJhGcZCuF0Rweyk', '1', '2025-02-07 10:27:40', '0'),
(135, 1, 'eyJhbGciOiJIUzI1NiIsInR5cCI6IkpXVCJ9.eyJ1aWQiOjEsImlhdCI6MTczODk5Mzg1NX0.uMQ3AbbKkoOK_g6UBPlyIhyb5VR_Nsda-3TuxLUUjEY', '1', '2025-02-09 21:18:56', '0'),
(136, 1, 'eyJhbGciOiJIUzI1NiIsInR5cCI6IkpXVCJ9.eyJ1aWQiOjEsImlhdCI6MTczOTE3Nzc5NX0.jqay5Q9rkfRe5iCBltw8m6_GVrjdeAPkgQ-rJM6ieoM', '1', '2025-02-10 14:57:13', '0'),
(137, 1, 'eyJhbGciOiJIUzI1NiIsInR5cCI6IkpXVCJ9.eyJ1aWQiOjEsImlhdCI6MTczOTE4MDkwNn0.od2ohvkga3PowdupnGv-D7TcMzbJDUXxFkGYWIn60f0', '1', '2025-02-10 15:18:53', '0'),
(138, 1, 'eyJhbGciOiJIUzI1NiIsInR5cCI6IkpXVCJ9.eyJ1aWQiOjEsImlhdCI6MTczOTE4MjgxNH0.6G7mJBQwaSpVKkN3zhi-iuAknD_qcUmSSnGOZNmnQoc', '1', '2025-02-10 15:55:58', '0'),
(139, 1, 'eyJhbGciOiJIUzI1NiIsInR5cCI6IkpXVCJ9.eyJ1aWQiOjEsImlhdCI6MTczOTM0NDE0Mn0.wGFeXt2GzwxIRfkbx-VSyFw2IGgvbhl0ypUftcxhGis', '1', '2025-02-12 15:07:53', '0'),
(140, 1, 'eyJhbGciOiJIUzI1NiIsInR5cCI6IkpXVCJ9.eyJ1aWQiOjEsImlhdCI6MTczOTM1NDQ5N30.8wNNqdh9YX7s_b46UaCUWTbx96Td9LSYPuDcHy4RtLs', '1', '2025-02-12 15:57:56', '0'),
(141, 1, 'eyJhbGciOiJIUzI1NiIsInR5cCI6IkpXVCJ9.eyJ1aWQiOjEsImlhdCI6MTczOTM1NjcxNX0.1L1J0jRgT_ZGAZ6t6SLe8wHkjP7FlqbLT08YahvB8pY', '1', '2025-02-12 16:44:32', '0'),
(142, 1, 'eyJhbGciOiJIUzI1NiIsInR5cCI6IkpXVCJ9.eyJ1aWQiOjEsImlhdCI6MTczOTM2MDI2NX0.pI5SghuU2ombk7LZr6fDQa4sde58LBn1dYuhudDfiS0', '1', '2025-02-12 17:58:12', '0'),
(143, 24, 'eyJhbGciOiJIUzI1NiIsInR5cCI6IkpXVCJ9.eyJ1aWQiOjI0LCJpYXQiOjE3Mzk0MzEyMTh9.Mvum7SueyqDhaPcZsYWoqJkNHrWrckMAPfnJyZq9EoI', '1', '2025-02-13 12:50:27', '0'),
(144, 55, 'eyJhbGciOiJIUzI1NiIsInR5cCI6IkpXVCJ9.eyJ1aWQiOjU1LCJpYXQiOjE3Mzk0MzEyNTN9.Ln9HWNYeKwi0Z1-bAOrmKdMxxriifql6HFtIcAXh18I', '1', '2025-02-14 13:11:19', '0'),
(145, 1, 'eyJhbGciOiJIUzI1NiIsInR5cCI6IkpXVCJ9.eyJ1aWQiOjEsImlhdCI6MTczOTUxODk0N30.zjBaeMuDIvRTXXtUsgx1Vp4HCnfi03_cQC1mki-JAPA', '1', '2025-02-14 13:14:45', '0'),
(146, 55, 'eyJhbGciOiJIUzI1NiIsInR5cCI6IkpXVCJ9.eyJ1aWQiOjU1LCJpYXQiOjE3Mzk1MTkxMjF9.lte90xPMq3kUyM-08rhVBJgx7avw0WXw4mWC_0QXLoA', '1', '2025-02-14 15:03:00', '0'),
(147, 24, 'eyJhbGciOiJIUzI1NiIsInR5cCI6IkpXVCJ9.eyJ1aWQiOjI0LCJpYXQiOjE3Mzk1MjU2NzJ9.oXsQ_qBfjAkmTPyJ0bTzbsxYxxHNAU10iQMmXYtJpQE', '1', '2025-02-14 15:05:36', '0'),
(148, 56, 'eyJhbGciOiJIUzI1NiIsInR5cCI6IkpXVCJ9.eyJ1aWQiOjU2LCJpYXQiOjE3Mzk1MjU3NTN9.RihbsjmtLbVXI4mjlDydupav6JGzRU5SXJmjKRd5P8w', '1', '2025-02-14 19:16:41', '0'),
(149, 1, 'eyJhbGciOiJIUzI1NiIsInR5cCI6IkpXVCJ9.eyJ1aWQiOjEsImlhdCI6MTc0NDM1ODk5MH0.JaxfVc1iGiwnh3Ky4UFiUSFrvew0l7ZBkw50AU0mduY', '1', '2025-04-11 17:59:57', '0'),
(150, 1, 'eyJhbGciOiJIUzI1NiIsInR5cCI6IkpXVCJ9.eyJ1aWQiOjEsImlhdCI6MTc0NDU1NDIyMX0.Xi-bivwxcdaAtq-NW3Bbr7S_5tjPTZey_WUvsNnt0b0', '1', '2025-04-14 23:24:12', '0'),
(151, 1, 'eyJhbGciOiJIUzI1NiIsInR5cCI6IkpXVCJ9.eyJ1aWQiOjEsImlhdCI6MTc0NDY5NTgyN30.GUMU9jK3IN8IaBN5np_AGE_Wep0jo5-k2Mlc9isFYfY', '1', '2025-05-13 11:00:59', '0'),
(152, 24, 'eyJhbGciOiJIUzI1NiIsInR5cCI6IkpXVCJ9.eyJ1aWQiOjI0LCJpYXQiOjE3NDQ3OTgyNjJ9.zp0WEEzxwfVaxj-6hnzi6GxsU7T_DQGG_9cq-gYFGzQ', '1', '2025-04-16 16:23:22', '0'),
(153, 24, 'eyJhbGciOiJIUzI1NiIsInR5cCI6IkpXVCJ9.eyJ1aWQiOjI0LCJpYXQiOjE3NDU4NDA4NDB9.blVEOcKO_dFF1xfqqUHXY_7fw6a1E6QPqKcqPwPKcek', '1', '2025-04-28 18:01:43', '0'),
(154, 24, 'eyJhbGciOiJIUzI1NiIsInR5cCI6IkpXVCJ9.eyJ1aWQiOjI0LCJpYXQiOjE3NDU5MTYwODZ9.uaP7X4vXbc7GUvFoOMyFuieuHY8zy-Tzv51BFokIVHE', '1', '2025-04-29 15:08:53', '0'),
(155, 1, 'eyJhbGciOiJIUzI1NiIsInR5cCI6IkpXVCJ9.eyJ1aWQiOjEsImlhdCI6MTc0NzEyMDk0OX0.MdSwuOIXfgayc5Pni99-GPljNQu6afdxWq7cZbW324s', '1', '2025-05-13 16:16:58', '0');

-- --------------------------------------------------------

--
-- Table structure for table `logs`
--

CREATE TABLE `logs` (
  `log_id` int(11) NOT NULL,
  `module_id` int(11) NOT NULL,
  `status` enum('0','1') NOT NULL DEFAULT '1',
  `created_by` int(11) NOT NULL,
  `created_date_time` datetime NOT NULL
) ENGINE=InnoDB DEFAULT CHARSET=latin1 COLLATE=latin1_swedish_ci;

--
-- Dumping data for table `logs`
--

INSERT INTO `logs` (`log_id`, `module_id`, `status`, `created_by`, `created_date_time`) VALUES
(1, 1, '1', 1, '2022-12-01 11:06:21'),
(2, 3, '1', 1, '2022-12-01 11:35:19'),
(3, 2, '1', 1, '2022-12-01 11:36:04'),
(4, 4, '1', 1, '2022-12-01 11:37:04'),
(5, 4, '1', 1, '2022-12-01 11:37:06'),
(6, 8, '1', 0, '2023-05-23 09:46:31'),
(7, 8, '1', 0, '2023-05-23 09:47:10'),
(8, 8, '1', 0, '2023-05-23 09:48:46'),
(9, 8, '1', 0, '2023-05-23 09:50:33'),
(10, 12, '1', 0, '2024-03-18 09:51:10'),
(11, 2, '1', 1, '2024-03-20 17:10:41'),
(12, 2, '1', 1, '2024-05-23 20:53:44'),
(13, 2, '1', 1, '2024-08-30 15:54:46'),
(14, 2, '1', 1, '2024-09-02 10:06:07'),
(15, 2, '1', 1, '2024-09-02 10:11:13'),
(16, 1, '1', 1, '2024-09-02 11:15:14'),
(17, 1, '1', 1, '2024-09-02 11:16:08');

-- --------------------------------------------------------

--
-- Table structure for table `madicine_type`
--

CREATE TABLE `madicine_type` (
  `type_id` int(11) NOT NULL,
  `type_name` varchar(255) NOT NULL,
  `c_d_t` timestamp NOT NULL DEFAULT current_timestamp() ON UPDATE current_timestamp(),
  `status` enum('0','1') NOT NULL DEFAULT '1'
) ENGINE=InnoDB DEFAULT CHARSET=utf8mb4 COLLATE=utf8mb4_general_ci;

--
-- Dumping data for table `madicine_type`
--

INSERT INTO `madicine_type` (`type_id`, `type_name`, `c_d_t`, `status`) VALUES
(1, 'Tab', '2023-09-02 10:08:42', '1'),
(2, 'Drug', '2023-09-02 10:08:53', '1'),
(3, 'Syp', '2023-09-02 10:09:30', '1'),
(4, 'Cap', '2023-09-02 10:09:30', '1'),
(5, 'Inj', '2023-09-02 10:09:30', '1');

-- --------------------------------------------------------

--
-- Table structure for table `medicines`
--

CREATE TABLE `medicines` (
  `medicine_id` int(11) NOT NULL,
  `org_id` int(11) NOT NULL,
  `medicine_type` varchar(225) NOT NULL,
  `medicine_name` varchar(225) NOT NULL,
  `scientific_name` varchar(225) NOT NULL,
  `dosage` varchar(11) NOT NULL,
  `gst` varchar(225) NOT NULL,
  `price` int(11) NOT NULL,
  `notes` varchar(225) NOT NULL,
  `status` enum('0','1') NOT NULL DEFAULT '1',
  `created_by` int(11) NOT NULL,
  `modifeid_by` int(11) NOT NULL,
  `c_d_t` timestamp NOT NULL DEFAULT current_timestamp() ON UPDATE current_timestamp()
) ENGINE=InnoDB DEFAULT CHARSET=utf8mb4 COLLATE=utf8mb4_general_ci;

--
-- Dumping data for table `medicines`
--

INSERT INTO `medicines` (`medicine_id`, `org_id`, `medicine_type`, `medicine_name`, `scientific_name`, `dosage`, `gst`, `price`, `notes`, `status`, `created_by`, `modifeid_by`, `c_d_t`) VALUES
(1, 1, '1', 'APIGAT', 'APIXABAN', '0', '0', 20, 'APIXABAN', '1', 2, 2, '2025-06-16 05:03:21'),
(2, 1, '3', 'ASCORIL +', 'TERBUTALINE + BROMHEXINE', '0', '0', 0, 'APIXABAN', '1', 2, 2, '2023-09-09 06:50:13'),
(3, 1, '1', 'AUGMENTIN', 'AMOXICILLIN + CLAVULANATE', '0', '0', 0, 'APIXABAN', '1', 2, 2, '2023-09-09 06:49:55'),
(4, 1, '4', 'BARIVIT', 'MULTIVITAMIN', '0', '0', 0, 'APIXAN', '1', 2, 2, '2023-09-09 06:49:54'),
(5, 1, '1', 'DAPANORM TRIO', 'DAPAGLIFLOZIN + SITAGLIPTIN + METFORMIN', '0', '0', 0, 'APIABA', '1', 2, 2, '2023-09-09 06:49:51'),
(6, 1, '1', 'DAPARYL', 'DAPAGLIFLOZIN', '0', '0', 0, 'APIXABAN', '1', 2, 2, '2023-09-09 06:49:50'),
(7, 1, '1', 'DILNIP', 'CILINDIPINE', '0', '0', 0, 'APIXABANAPIXABANAPXABAN', '1', 2, 2, '2023-09-09 06:49:48'),
(8, 1, '1', 'ECOSPRIN', 'ASPIRIN', '0', '0', 0, 'APIABAN', '1', 2, 2, '2023-09-09 06:49:46'),
(9, 1, '1', 'ECOSPRIN AV', 'ASPIRIN + ATORVASTATIN', '0', '0', 0, 'APXABAN', '1', 2, 2, '2023-09-09 06:49:43'),
(10, 1, '1', 'EMBETA TM', 'METAPROLOL + TELMISARTAN', '0', '0', 0, 'APIXABAN', '1', 2, 2, '2023-09-09 06:49:41'),
(11, 1, '1', 'GABACOX - M', 'GABAPENTIN + METHYLCOBALAMIN', '0', '0', 0, 'APIXABAN', '1', 2, 2, '2023-09-09 06:49:40'),
(12, 1, '1', 'GLOBIRED', 'FERROUS ASCORBATE + FOLIC ACID', '0', '0', 0, 'APIXABAN', '1', 2, 2, '2023-09-09 06:49:39'),
(13, 1, '1', 'IVABRATCO', 'IVABRADINE', '0', '0', 0, 'APIXABAN', '1', 2, 2, '2023-09-09 06:46:50'),
(14, 1, '1', 'JBTOR', 'TORSEMIDE', '0', '0', 0, 'APIXABAN', '1', 2, 2, '2023-09-09 06:46:53'),
(15, 1, '1', 'JBTOR PLUS LS', 'TORSEMIDE + ALDACTONE', '0', '0', 0, 'APIXABAN', '1', 2, 2, '2023-09-09 06:46:55'),
(16, 1, '1', 'JBTOR PLUS', 'TORSEMIDE + ALDACTONE', '0', '0', 0, 'APIXABAN', '1', 2, 2, '2023-09-09 06:46:59'),
(17, 1, '1', 'KATZVIT', 'MULTIVITAMIN', '0', '0', 0, 'APIXABAN', '1', 2, 2, '2023-09-09 06:47:03'),
(18, 1, '1', 'LEVOFLOX', 'LEVOFLOXACIN', '0', '0', 0, 'APIXABAN', '1', 2, 2, '2023-09-09 06:47:05'),
(19, 1, '1', 'LIPITAS', 'ROSUVASTATIN', '0', '0', 0, 'APIXABAN', '1', 2, 2, '2023-09-09 06:47:08'),
(20, 1, '4', 'METHYLCOX', 'METHYLCOBALAMIN', '0', '0', 0, 'APIXABAN', '1', 2, 2, '2023-09-09 06:47:11'),
(21, 1, '1', 'METPURE XL', 'METAPROLOL', '0', '0', 0, 'APIXABAN', '1', 2, 2, '2023-09-09 06:47:14'),
(22, 1, '1', 'MONIT GTN', 'NITROGLYCERIN', '0', '0', 0, 'APIXABAN', '1', 2, 2, '2023-09-09 06:47:17'),
(23, 1, '1', 'MONTAIR LC', 'MONTELUKAST + LEVOCETRIZINE', '0', '0', 0, 'APIXABAN', '1', 2, 2, '2023-09-09 06:47:21'),
(24, 1, '1', 'PROLOMET AM', 'METAPROLOL + AMLODIPINE', '0', '0', 0, 'APIXABAN', '1', 2, 2, '2023-09-09 06:47:23'),
(25, 1, '1', 'PROLOMET AM', 'METAPROLOL + AMLODIPINE', '0', '0', 0, 'APIXABAN', '1', 2, 2, '2023-09-09 06:47:26'),
(26, 1, '1', 'PROLOMET - T', 'METAPROLOL + TELMISARTAN', '0', '0', 0, 'APIXABAN', '1', 2, 2, '2023-09-09 06:47:29'),
(27, 1, '1', 'ROSLAREN - AC', 'ROSUVASTATIN + CLOPIDOGREL + ASPIRIN', '0', '0', 0, 'APIXABAN', '1', 2, 2, '2023-09-09 06:47:33'),
(28, 1, '1', 'ROSLAREN - F', 'ROSUVASTATIN + FENOFIBRATE', '0', '0', 0, 'APIXABAN', '1', 2, 2, '2023-09-09 06:47:37'),
(29, 1, '1', 'ROSULIFE - CV', 'ROSUVASTATIN + CLOPIDOGREL', '0', '0', 0, 'APIXABAN', '1', 2, 2, '2023-09-09 06:47:40'),
(30, 1, '1', 'SACUVAL', 'SACUBITRIL + VALSARTAN', '0', '0', 0, 'APIXABAN', '1', 2, 2, '2023-09-09 06:47:43'),
(31, 1, '1', 'SUNNY CAL D3', 'CHOLECALCIFEROL', '0', '0', 0, 'APIXABAN', '1', 2, 2, '2023-09-09 06:47:46'),
(32, 1, '1', 'TELMA', 'TELMISARTAN', '0', '0', 0, 'APIXABAN', '1', 2, 2, '2023-09-09 06:47:49'),
(33, 1, '1', 'TELMA - H', 'TELMISARTAN', '0', '0', 0, 'APIXABAN', '1', 2, 2, '2023-09-09 06:47:51'),
(34, 1, '1', 'TELMA - ACT', 'TELMISARTAN + AMLODIPINE + CHLORTHALIDONE', '0', '0', 0, 'APIXABAN', '1', 2, 2, '2023-09-09 06:47:55'),
(35, 1, '1', 'TICAVIC', 'TICAGRELOR', '0', '0', 0, 'APIXABAN', '1', 2, 2, '2023-09-09 06:47:58'),
(36, 1, '1', 'VILDARAY - M', 'VILDAGLIPTIN + METFORMIN', '0', '0', 0, 'APIXABAN', '1', 2, 2, '2023-09-09 06:48:00'),
(37, 1, '1', 'ZORYL - M1', 'GLIMIPERIDE + METFORMIN', '0', '0', 0, 'APIXABAN', '1', 2, 2, '2023-09-09 06:48:03'),
(38, 1, '1', 'TAB. ZORYL - MV1', 'GLIMIPERIDE + METFORMIN + VOGLIBOSE', '0', '0', 0, 'APIXABAN', '1', 2, 2, '2023-09-09 06:48:06'),
(39, 1, '1', 'ZORYL - M2', 'GLIMIPERIDE + METFORMIN', '0', '0', 0, 'APIXABAN', '1', 2, 2, '2023-09-09 06:48:09'),
(40, 1, '1', 'ZORYL - MV2', 'GLIMIPERIDE + METFORMIN + VOGLIBOSE', '0', '0', 0, 'APIXABAN', '1', 2, 2, '2023-09-09 06:48:12'),
(41, 1, '1', 'TELZOX AM', 'TELMISARTAN + AMLODIPINE', '0', '0', 0, 'APIXABAN', '1', 2, 2, '2023-09-09 06:48:14'),
(42, 1, '1', 'AMLONG 5', 'AMLODIPINE', '0', '0', 0, 'APIXABAN', '1', 2, 2, '2023-09-09 06:48:18'),
(43, 1, '1', 'BYLENTA', 'TELMISARTAN', '0', '0', 0, 'APIXABAN', '1', 2, 2, '2023-09-09 06:48:24'),
(44, 1, '1', 'CLOPILET - A', 'CLOPIDOGREL + ASPIRIN', '2.5MG', '0', 0, 'APIXABAN', '1', 2, 2, '2023-09-09 06:51:46'),
(47, 1, '1', 'ABOTT', 'THYROXINE', '150MG', '', 0, 'FOR THYROID ', '1', 1, 1, '2023-10-09 11:08:40'),
(48, 1, '1', 'ABOTT', 'ACETOMINE', '5MG', '', 0, '', '0', 1, 1, '2023-10-09 11:09:07'),
(49, 2, '1', 'Dolo650', 'Antibiotic', '2.5MG', '', 0, '', '1', 2, 2, '2023-10-16 13:03:11'),
(50, 1, '1', 'Dolo650', 'Antibiotic', '5MG', '', 0, '', '0', 2, 2, '2023-10-17 13:20:46'),
(51, 1, '1', '111', '66', '2.5MG', '', 0, '', '0', 2, 2, '2023-10-17 13:20:39'),
(52, 1, '2', '111', '67', '5MG', '', 0, '', '0', 2, 2, '2023-10-17 13:20:32'),
(53, 1, '1', 'ZORYL - M2', 'GLIMIPERIDE', '2.5MG', '', 0, '', '0', 2, 2, '2023-10-18 06:22:31'),
(54, 1, '2', 'CLOPILET - A', 'CLOPIDOGREL', '2.5MG', '', 0, '', '0', 2, 2, '2023-10-18 06:22:39'),
(55, 1, '1', 'ZORYL - M2', 'GLIMIPERIDE', '5MG', '', 0, '', '0', 2, 2, '2023-10-18 06:24:02'),
(56, 1, '1', 'ZORYL - M2', 'CLOPIDOGREL', '625MG', '', 0, '', '0', 2, 2, '2023-10-18 09:35:39'),
(57, 1, '1', 'Dolo650', 'Paracetamol', '10MG', '', 0, '', '0', 2, 2, '2023-10-18 09:35:35'),
(58, 1, '1', 'agythro mycin', 'Sor throat', '5MG', '', 0, '', '0', 2, 2, '2023-10-18 09:35:31'),
(59, 1, '2', 'CLOPILET - A', 'GLIMIPERIDE', '2.5MG', '', 0, '', '0', 2, 2, '2023-10-18 09:54:08'),
(60, 1, '2', 'CLOPILET - A', 'TELMISARTA', '5MG', '', 0, '', '0', 2, 2, '2023-10-18 09:54:03'),
(61, 2, '1', 'ABOTT', 'THYROXINE', '150MG', '', 0, '', '1', 1, 1, '2023-10-18 11:17:11'),
(62, 2, '2', 'DR REDDY', 'DICLOCIT', '10MG', '', 0, '', '1', 1, 1, '2023-10-18 11:17:11'),
(63, 1, '1', 'CLOPILET - A', 'CLOPIDOGR', '2.5MG', '', 0, '', '1', 2, 2, '2023-10-19 09:09:01'),
(64, 1, '1', 'CLOPILET - A', 'CLOPIDOGREL', '2.5MG', '', 0, '', '1', 1, 1, '2023-10-20 06:22:28'),
(65, 1, '1', 'CLOPILET - A', 'CLOPIDOGREL', '2.5MG', '', 0, '', '1', 1, 1, '2023-10-20 06:23:21'),
(66, 1, '1', 'CLOPILET - A', 'CLOPIDOGREL + ASPIRIN', '2.5MG', '', 0, '', '1', 1, 1, '2023-10-20 06:24:11'),
(67, 1, '1', 'CLOPILET - A', 'CLOPIDOGREL + ASPIRIN', '2.5MG', '', 0, '', '1', 1, 1, '2023-10-20 06:24:11'),
(68, 4, '1', 'CLOPILET - A', 'CLOPIDOGREL + ASPIRIN', '2.5MG', '', 0, '', '1', 6, 6, '2023-10-20 10:30:52'),
(69, 4, '1', 'CLOPILET - B', 'CLOPIDOGREL', '2.5MG', '', 0, '', '1', 6, 6, '2023-10-20 10:31:56');

-- --------------------------------------------------------

--
-- Table structure for table `menus`
--

CREATE TABLE `menus` (
  `menu_id` int(11) NOT NULL,
  `menu_name` varchar(50) NOT NULL,
  `menu_type` enum('p','s') NOT NULL,
  `menu_order` int(11) NOT NULL,
  `status` enum('1','0') NOT NULL DEFAULT '1',
  `menu_web_url` varchar(100) DEFAULT NULL,
  `parent_id` int(11) DEFAULT NULL,
  `create_date_time` datetime NOT NULL,
  `web_class_name` varchar(50) DEFAULT NULL,
  `web_icon` varchar(100) NOT NULL,
  `menu_access` enum('1','0') DEFAULT '0',
  `created_by` int(11) NOT NULL,
  `modified_by` int(11) NOT NULL,
  `modified_date_time` timestamp NOT NULL DEFAULT current_timestamp() ON UPDATE current_timestamp(),
  `org_id` int(11) NOT NULL
) ENGINE=InnoDB DEFAULT CHARSET=latin1 COLLATE=latin1_swedish_ci;

--
-- Dumping data for table `menus`
--

INSERT INTO `menus` (`menu_id`, `menu_name`, `menu_type`, `menu_order`, `status`, `menu_web_url`, `parent_id`, `create_date_time`, `web_class_name`, `web_icon`, `menu_access`, `created_by`, `modified_by`, `modified_date_time`, `org_id`) VALUES
(1, 'Dashboard', 'p', 1, '1', 'dashboard.php', 0, '2025-04-17 15:00:02', '', 'home', '0', 1, 1, '2025-04-17 06:03:06', 0),
(2, 'Administration', 'p', 2, '1', '', 0, '2025-04-17 15:06:56', 'menu-toggle has-dropdown', 'command', '0', 1, 6, '2025-04-18 00:43:13', 0),
(3, 'Roles', 's', 1, '1', 'roles.php', 2, '2025-04-17 15:09:55', '', '', '0', 1, 1, '2025-04-17 04:09:55', 0),
(4, 'User Registration', 's', 2, '1', 'registration.php', 2, '2025-04-17 15:20:26', '', '', '0', 1, 6, '2025-04-17 06:10:35', 0),
(5, 'Profile', 's', 3, '1', 'profile.php', 2, '2025-04-17 15:21:03', '', '', '0', 1, 6, '2025-04-17 06:10:35', 0),
(6, 'Master Data ', 'p', 3, '1', '', 0, '2025-04-17 15:23:03', 'menu-toggle has-dropdown', 'grid', '0', 1, 6, '2025-04-17 06:10:35', 0),
(7, 'Department', 's', 1, '1', 'department.php', 6, '2025-04-17 15:26:21', '', '', '0', 1, 6, '2025-04-17 06:10:35', 0),
(8, 'Specialization', 's', 2, '1', 'Specialization.php', 6, '2025-04-17 15:27:17', '', '', '0', 1, 6, '2025-04-17 06:10:35', 0),
(9, 'Doctors', 's', 3, '1', 'doctor.php', 6, '2025-04-17 15:27:56', '', '', '0', 1, 6, '2025-04-17 06:10:35', 0),
(10, 'Taxes', 's', 4, '1', 'taxes.php', 6, '2025-04-17 15:29:13', '', '', '0', 1, 6, '2025-04-17 06:10:35', 0),
(11, 'Service Management', 'p', 4, '1', '', 0, '2025-04-17 15:30:42', 'menu-toggle has-dropdown', 'plus-square', '0', 1, 6, '2025-04-17 06:10:35', 0),
(12, 'Add Services', 's', 1, '1', 'services.php', 11, '2025-04-17 15:31:52', '', '', '0', 1, 6, '2025-04-17 06:10:35', 0),
(13, 'Add Tests', 's', 2, '1', 'test.php', 11, '2025-04-17 15:32:43', '', '', '0', 1, 6, '2025-04-17 06:10:35', 0),
(14, 'Test Groups', 's', 3, '1', 'testGroup.php', 11, '2025-04-17 15:33:33', '', '', '0', 6, 6, '2025-04-17 23:54:42', 0),
(15, 'Medicines', 's', 4, '1', 'medicines.php', 11, '2025-04-17 15:34:20', '', '', '0', 6, 6, '2025-04-17 04:34:20', 0),
(16, 'RX Groups', 's', 5, '1', 'rxgroup.php', 11, '2025-04-17 15:35:07', '', '', '0', 6, 6, '2025-04-17 04:35:07', 0),
(17, 'Dosage  and Time ', 's', 6, '0', 'dosageandtime', 11, '2025-04-17 15:36:23', '', '', '0', 6, 6, '2025-04-22 04:32:59', 0),
(18, 'Appointments and Billing', 'p', 5, '1', '', 0, '2025-04-17 15:38:37', 'menu-toggle has-dropdown', 'clipboard', '0', 6, 6, '2025-04-17 04:56:08', 0),
(19, 'Appointments', 's', 1, '1', 'AppointmentOnline.php', 18, '2025-04-17 15:57:20', '', '', '0', 6, 6, '2025-04-17 04:57:20', 0),
(20, 'Test BIlling', 's', 3, '1', 'bill.php', 18, '2025-04-17 15:58:47', '', '', '0', 6, 1, '2025-09-05 05:30:05', 0),
(21, 'Doctor Portal', 'p', 6, '1', '', 0, '2025-04-17 16:10:09', 'menu-toggle has-dropdown', 'briefcase', '0', 6, 6, '2025-04-17 05:19:35', 0),
(22, 'Doctors Time Slots', 's', 1, '1', 'doctorstimeslot.php', 21, '2025-04-17 16:12:16', '', '', '0', 6, 6, '2025-04-17 05:12:16', 0),
(23, 'Prescription', 's', 2, '1', 'prescription.php', 21, '2025-04-17 16:13:01', '', '', '0', 6, 6, '2025-04-17 05:13:01', 0),
(24, 'Visitor Doctors', 's', 3, '1', 'visitors_doctor.php', 21, '2025-04-17 16:14:11', '', '', '0', 6, 6, '2025-04-17 05:14:11', 0),
(25, 'Visitor Doctors Display', 's', 4, '1', 'visitors_doctor_display.php', 21, '2025-04-17 16:15:09', '', '', '0', 6, 6, '2025-04-17 05:15:09', 0),
(26, 'Reports and Analytics ', 'p', 7, '1', '', 0, '2025-04-17 16:21:06', 'menu-toggle has-dropdown', 'briefcase', '0', 6, 6, '2025-04-17 05:21:06', 0),
(27, 'Feedback  Report', 's', 1, '0', 'feedbackrepport.php', 26, '2025-04-17 16:21:47', '', '', '0', 6, 6, '2025-05-02 04:47:02', 0),
(28, 'Prescription Report', 's', 2, '1', 'prescriptionreports.php', 26, '2025-04-17 16:22:52', '', '', '0', 6, 6, '2025-04-17 05:22:52', 0),
(29, 'Test Reports', 's', 3, '1', 'TestReport.php', 26, '2025-04-17 16:23:27', '', '', '0', 6, 6, '2025-04-17 05:23:27', 0),
(30, 'All Patients', 's', 4, '1', 'AllPatients.php', 26, '2025-04-17 16:24:07', '', '', '0', 6, 6, '2025-04-17 05:24:07', 0),
(31, 'Settings', 'p', 8, '1', '', 0, '2025-04-17 16:24:50', 'menu-toggle has-dropdown', 'briefcase', '0', 6, 6, '2025-04-17 05:24:50', 0),
(32, 'Print Sizes', 's', 1, '1', 'billsizes.php', 31, '2025-04-17 16:25:24', '', '', '0', 6, 6, '2025-04-17 05:25:24', 0),
(33, 'Menus', 's', 4, '1', 'menus.php', 2, '2025-04-25 12:30:10', '', '', '0', 1, 1, '2025-04-25 07:00:10', 0),
(34, 'Organization', 's', 5, '1', 'organization.php', 2, '2025-04-25 12:31:32', '', '', '0', 1, 1, '2025-04-25 07:01:32', 0),
(35, 'Appointment Reports', 's', 1, '1', 'appointmentreports.php', 26, '2025-05-02 10:16:45', '', '', '0', 1, 1, '2025-05-02 04:46:45', 0),
(36, 'IP Test Reports', 's', 10, '1', 'inptestreports.php', 45, '2025-05-29 09:48:04', '', '', '0', 1, 1, '2025-06-25 11:28:32', 0),
(37, 'Patient Registration', 's', 3, '1', 'inPatientRegistration.php', 44, '2025-05-29 09:50:20', '', '', '0', 1, 1, '2025-06-03 09:56:09', 0),
(38, 'Vitals Entry', 's', 1, '1', 'inpvitals.php', 45, '2025-05-29 09:51:20', '', '', '0', 1, 1, '2025-07-07 10:36:22', 0),
(40, 'Procedures', 's', 4, '1', 'inpprocedures.php', 45, '2025-06-02 10:40:00', '', '', '0', 1, 1, '2025-07-07 10:37:55', 0),
(42, 'IP Master Data', 'p', 11, '1', 'ipmasterdata.php', 0, '2025-06-03 11:13:38', 'menu-toggle has-dropdown', 'grid', '0', 1, 1, '2025-07-17 10:35:10', 0),
(43, 'IP Service Management', 'p', 12, '1', 'ipservices.php', 0, '2025-06-03 11:16:55', 'menu-toggle has-dropdown', 'plus-square', '0', 1, 1, '2025-07-17 10:35:14', 0),
(44, 'Admission & Registration', 'p', 13, '1', 'ipregistration.php', 0, '2025-06-03 11:20:19', 'menu-toggle has-dropdown', 'clipboard', '0', 1, 1, '2025-07-17 10:35:29', 0),
(45, 'Clinical Management', 'p', 15, '1', 'ipdoctorportal.php', 0, '2025-06-03 11:21:49', 'menu-toggle has-dropdown', '', '0', 1, 1, '2025-07-17 10:35:54', 0),
(46, 'Reports & Analytics', 'p', 19, '1', 'inpreports.php', 0, '2025-06-03 11:22:23', 'menu-toggle has-dropdown', '', '0', 1, 1, '2025-07-17 10:36:20', 0),
(47, 'Add Medical Services', 's', 1, '1', 'medical_services.php', 43, '2025-06-03 11:46:06', '', '', '0', 1, 1, '2025-06-03 06:17:07', 0),
(48, 'Add Procedures', 's', 4, '1', 'procedure.php', 43, '2025-06-03 11:46:55', '', '', '0', 1, 1, '2025-06-16 07:01:49', 0),
(49, 'Assign Beds', 's', 2, '1', 'InpCreateBeds.php', 43, '2025-06-03 11:51:28', '', '', '0', 1, 1, '2025-06-16 07:12:51', 0),
(50, 'Add Basic IP Data', 's', 2, '1', 'inp_basicIPMenus.php', 42, '2025-06-03 11:52:46', '', '', '0', 1, 1, '2025-06-13 06:30:35', 0),
(51, 'Add Schemes', 's', 5, '1', 'schememanagement.php', 43, '2025-06-03 12:11:39', '', '', '0', 1, 1, '2025-06-16 07:02:11', 0),
(52, 'Add Packages', 's', 3, '1', 'packages.php', 43, '2025-06-03 12:13:15', '', '', '0', 1, 1, '2025-06-16 07:01:25', 0),
(53, 'Discharge & Summary', 'p', 17, '1', 'test.php', 0, '2025-06-03 16:47:01', 'menu-toggle has-dropdown', '', '0', 1, 1, '2025-07-17 10:36:07', 0),
(54, 'Final Prescription', 's', 7, '1', 'inp_prescription_entry.php', 45, '2025-06-03 16:47:51', '', '', '0', 1, 1, '2025-07-07 10:38:48', 0),
(55, 'Prescription', 's', 6, '1', 'inp_medicineentry.php', 45, '2025-06-03 16:48:42', '', '', '0', 1, 1, '2025-07-07 10:38:27', 0),
(56, 'Doctor Allocation', 's', 2, '1', 'inp_doctorallocation.php', 82, '2025-06-03 16:49:23', '', '', '0', 1, 1, '2025-07-07 10:27:48', 0),
(57, 'Room & Bed Assignment', 's', 1, '1', 'inp_roomallocation.php', 82, '2025-06-03 16:53:57', '', '', '0', 1, 1, '2025-07-07 10:27:14', 0),
(58, 'Investigations', 's', 3, '1', 'inp_investigation.php', 45, '2025-06-03 16:54:45', '', '', '0', 1, 1, '2025-07-07 10:37:30', 0),
(59, 'Clinical Supervision', 's', 5, '1', 'inp_clinicalSupervision.php', 45, '2025-06-03 16:59:16', '', '', '0', 1, 1, '2025-07-07 10:38:03', 0),
(60, 'Add Staff and Shifts', 's', 6, '1', 'inp_staffandshift_details.php', 43, '2025-06-03 17:02:15', '', '', '0', 1, 1, '2025-06-16 07:02:17', 0),
(61, 'Doctors Notes', 's', 10, '1', 'IPDoctorsNote.php', 45, '2025-06-03 17:03:57', '', '', '0', 1, 1, '2025-07-15 09:14:41', 0),
(62, 'Billing Management', 's', 1, '1', 'IPBillingManagement.php', 83, '2025-06-03 17:04:37', '', '', '0', 1, 1, '2025-07-07 10:46:33', 0),
(63, 'Doctor & Staff Logs', 's', 3, '1', 'inp_clinicalLogs.php', 82, '2025-06-03 16:47:51', '', '', '0', 1, 1, '2025-07-07 10:28:22', 0),
(64, 'IP Investigations Reports', 's', 11, '1', 'inp_investigationreport.php', 46, '2025-06-05 13:13:34', '', '', '0', 1, 1, '2025-06-27 04:32:12', 0),
(65, 'IP Final Prescription Reports', 's', 10, '1', 'inp_prescriptionreports.php', 46, '2025-06-05 13:15:35', '', '', '0', 1, 1, '2025-06-27 04:31:54', 0),
(66, 'IP Billing Reports', 's', 12, '1', 'patientinvoice.php', 46, '2025-06-06 13:01:11', '', '', '0', 1, 1, '2025-06-27 04:32:20', 0),
(67, 'IP Discharge Summary', 's', 14, '1', 'inp_discharge_summary.php', 46, '2025-06-06 17:11:34', '', '', '0', 1, 1, '2025-06-27 04:33:18', 0),
(68, 'In-Patient Census Dashboard ', 'p', 9, '1', 'ipdashboard.php', 0, '2025-04-17 15:00:02', '', 'home', '0', 1, 1, '2025-07-17 10:30:38', 0),
(69, 'Add Rooms', 's', 1, '1', 'addroomsandbeds.php', 43, '2025-06-12 11:26:18', '', '', '0', 1, 1, '2025-06-16 07:00:58', 0),
(70, 'Add Room Management Data', 's', 1, '1', 'inp_roomManagementMenus.php', 42, '2025-06-13 12:02:32', '', '', '0', 1, 1, '2025-06-13 06:32:32', 0),
(71, 'IP Clinical Supervision Reports', 's', 13, '1', 'inp_clinical_supervision_reports.php', 46, '2025-06-18 10:39:45', '', '', '0', 1, 1, '2025-06-27 04:32:40', 0),
(72, 'In-Patient Flow Reports', 's', 15, '1', 'inp_patient_overall_info.php', 46, '2025-06-26 10:14:20', '', '', '0', 1, 1, '2025-07-15 09:30:39', 0),
(73, 'Registration Reports', 's', 1, '1', 'inpregistrationreports.php', 46, '2025-06-27 09:49:57', '', '', '0', 1, 1, '2025-06-27 04:44:35', 0),
(74, 'Vitals Reports', 's', 2, '1', 'inpvitalsreports.php', 46, '2025-06-27 09:50:50', '', '', '0', 1, 1, '2025-06-27 04:44:27', 0),
(75, 'Doctor Allocation Reports', 's', 3, '1', 'inpdoctorallocationreports.php', 46, '2025-06-27 09:51:31', '', '', '0', 1, 1, '2025-06-27 04:43:18', 0),
(76, 'Schemes Reports', 's', 4, '1', 'inpschemesreports.php', 46, '2025-06-27 09:52:07', '', '', '0', 1, 1, '2025-06-27 04:44:21', 0),
(77, 'Room Allocation Reports', 's', 5, '1', 'inproomallocationreports.php', 46, '2025-06-27 09:53:57', '', '', '0', 1, 1, '2025-06-27 04:43:31', 0),
(78, 'Prescription Reports', 's', 6, '1', 'inpprescriptionreports.php', 46, '2025-06-27 09:55:08', '', '', '0', 1, 1, '2025-06-27 04:43:42', 0),
(79, 'Procedures Reports', 's', 7, '1', 'inpproceduresreports.php', 46, '2025-06-27 09:56:10', '', '', '0', 1, 1, '2025-06-27 04:43:55', 0),
(80, 'Doctors Note Reports', 's', 8, '1', 'inpdoctorsnotereports.php', 46, '2025-06-27 09:57:18', '', '', '0', 1, 1, '2025-06-27 04:44:03', 0),
(81, 'Doctor Logs and Staff logs Reports', 's', 9, '1', 'inpdoctorandstafflogsreports.php', 46, '2025-06-27 09:59:25', '', '', '0', 1, 1, '2025-06-27 09:22:18', 0),
(82, 'Ward & Room Management', 'p', 14, '1', 'test.php', 0, '2025-07-07 15:55:03', 'menu-toggle has-dropdown', '', '0', 1, 1, '2025-07-17 10:35:50', 0),
(83, 'Billing & Insurance', 'p', 16, '1', 'test.php', 0, '2025-07-07 16:11:10', 'menu-toggle has-dropdown', '', '0', 1, 1, '2025-07-17 10:36:03', 0),
(84, 'Patient Discharge Process', 's', 1, '1', 'inpdischarge.php', 53, '2025-07-07 16:43:36', '', '', '0', 1, 1, '2025-07-07 11:13:36', 0),
(85, 'Hospital Resources Utilization', 'p', 18, '1', 'test.php', 0, '2025-07-08 13:12:02', 'menu-toggle has-dropdown', '', '0', 1, 1, '2025-07-17 10:36:14', 0),
(86, 'Equipment Utilizations', 's', 1, '1', 'inp_equipment_utilization.php', 85, '2025-07-08 13:13:23', '', '', '0', 1, 1, '2025-07-08 07:43:23', 0),
(87, 'Equipment Overall Utilization  ', 's', 17, '1', 'equipmentoverallusagereport.php', 46, '2025-07-08 17:18:44', '', '', '0', 1, 1, '2025-07-11 08:55:27', 0),
(88, 'Incident Reporting', 's', 9, '1', 'incident_report_form.php', 45, '2025-07-10 15:51:38', '', '', '0', 1, 1, '2025-07-10 10:21:38', 0),
(89, 'Incident Reporting Data', 's', 18, '1', 'incident_report_datareport.php', 46, '2025-07-10 15:53:34', '', '', '0', 1, 1, '2025-07-11 08:55:13', 0),
(91, 'Consumables Usage Report', 's', 19, '1', 'consumable_usage_reports.php', 46, '2025-07-11 16:31:23', '', '', '0', 1, 1, '2025-07-11 11:03:06', 0),
(92, 'Progress Notes', 's', 2, '1', 'inp_progress_notes_page.php', 45, '2025-07-14 09:59:20', '', '', '0', 1, 1, '2025-07-15 09:14:35', 0),
(93, 'Progress Notes Report', 's', 19, '1', 'inp_progressnotereports.php', 46, '2025-07-14 10:00:46', '', '', '0', 1, 1, '2025-07-14 04:30:46', 0),
(94, 'Staff Attendance Reports', 's', 20, '1', 'inp_staffreportspage.php', 46, '2025-07-14 10:01:59', '', '', '0', 1, 1, '2025-07-14 04:31:59', 0),
(95, 'Insurance Schemes', 's', 2, '1', 'inp_schemes.php', 83, '2025-07-14 14:51:13', '', '', '1', 1, 2, '2025-09-12 09:17:56', 0),
(96, 'Add Consumables Stock', 's', 7, '1', 'inp_consumable.php', 43, '2025-07-14 15:55:17', '', '', '0', 1, 1, '2025-07-14 10:25:17', 0),
(97, 'Consumables Usage', 's', 2, '1', 'consumable.php', 85, '2025-07-14 15:56:14', '', '', '0', 1, 1, '2025-07-14 10:27:45', 0),
(98, 'Over-all Inpatients Report', 's', 21, '1', 'overall_inpatients_reports.php', 46, '2025-07-17 09:52:45', '', '', '0', 1, 1, '2025-07-17 04:22:45', 0),
(99, 'KPI & Executive Dashboard', 'p', 10, '1', 'kpiexe_dashboard.php', 0, '2025-07-17 10:51:41', '', '', '0', 1, 1, '2025-07-17 10:35:01', 0),
(100, 'Add Concession', 's', 5, '1', 'concession.php', 6, '2025-09-05 10:55:28', '', '', '0', 1, 1, '2025-09-05 05:25:28', 0),
(101, 'Receptionist Display', 's', 2, '1', 'receptionist.php', 18, '2025-09-05 10:59:25', '', '', '0', 1, 1, '2025-09-05 05:29:25', 0),
(102, 'Audit Logs', 's', 6, '1', 'audit_log.php', 26, '2025-09-15 17:31:38', '', '', '0', 1, 1, '2025-09-15 12:01:38', 0),
(103, 'Lab Test Reports', 's', 7, '1', 'op_lab_util.php', 26, '2025-09-15 17:32:49', '', '', '0', 1, 1, '2025-09-15 12:02:49', 0);

-- --------------------------------------------------------

--
-- Table structure for table `meta`
--

CREATE TABLE `meta` (
  `meta_id` int(11) NOT NULL,
  `name` varchar(100) DEFAULT NULL,
  `property` varchar(100) DEFAULT NULL,
  `content` longtext NOT NULL,
  `menu_id` int(11) DEFAULT NULL,
  `tag_id` int(11) NOT NULL,
  `course_id` int(11) DEFAULT NULL,
  `status` enum('1','0') NOT NULL,
  `create_date_time` timestamp NOT NULL DEFAULT current_timestamp() ON UPDATE current_timestamp(),
  `org_id` int(11) NOT NULL
) ENGINE=InnoDB DEFAULT CHARSET=latin1 COLLATE=latin1_swedish_ci;

--
-- Dumping data for table `meta`
--

INSERT INTO `meta` (`meta_id`, `name`, `property`, `content`, `menu_id`, `tag_id`, `course_id`, `status`, `create_date_time`, `org_id`) VALUES
(1, NULL, NULL, 'Home', 1, 1, NULL, '1', '2022-09-05 15:05:35', 0),
(2, 'description', NULL, 'Test Desc', 1, 2, NULL, '1', '2022-09-05 15:06:19', 0),
(3, 'keywords', NULL, 'Home', 1, 6, NULL, '1', '2022-09-05 15:06:19', 0),
(4, 'author', NULL, 'Polman', 1, 7, NULL, '1', '2022-09-05 15:06:19', 0);

-- --------------------------------------------------------

--
-- Table structure for table `multi_doctortimeslots`
--

CREATE TABLE `multi_doctortimeslots` (
  `multi_id` int(11) NOT NULL,
  `doctorName_registrationNumber` int(11) NOT NULL,
  `from_date` date NOT NULL,
  `to_date` date NOT NULL,
  `selectedDays` varchar(255) NOT NULL,
  `created_by` int(11) NOT NULL,
  `modify_by` int(11) NOT NULL,
  `status` enum('0','1') NOT NULL DEFAULT '1',
  `create_date_time` timestamp NOT NULL DEFAULT current_timestamp() ON UPDATE current_timestamp(),
  `org_id` int(11) NOT NULL,
  `doctors_time_id` int(11) NOT NULL
) ENGINE=InnoDB DEFAULT CHARSET=utf8mb4 COLLATE=utf8mb4_general_ci;

--
-- Dumping data for table `multi_doctortimeslots`
--

INSERT INTO `multi_doctortimeslots` (`multi_id`, `doctorName_registrationNumber`, `from_date`, `to_date`, `selectedDays`, `created_by`, `modify_by`, `status`, `create_date_time`, `org_id`, `doctors_time_id`) VALUES
(1, 1, '2025-09-05', '2025-09-30', '1,2,3,4,5', 2, 2, '1', '2025-09-05 04:15:43', 1, 0);

-- --------------------------------------------------------

--
-- Table structure for table `multi_doctortimeslots2`
--

CREATE TABLE `multi_doctortimeslots2` (
  `multi_time_id` int(11) NOT NULL,
  `multi_id` int(11) NOT NULL,
  `start_time` varchar(255) NOT NULL,
  `end_time` varchar(255) NOT NULL,
  `created_by` int(11) NOT NULL,
  `modify_by` int(11) NOT NULL,
  `status` enum('0','1') NOT NULL DEFAULT '1',
  `create_date_time` timestamp NOT NULL DEFAULT current_timestamp() ON UPDATE current_timestamp(),
  `org_id` int(11) NOT NULL,
  `doctors_time_id` int(11) NOT NULL
) ENGINE=InnoDB DEFAULT CHARSET=utf8mb4 COLLATE=utf8mb4_general_ci;

--
-- Dumping data for table `multi_doctortimeslots2`
--

INSERT INTO `multi_doctortimeslots2` (`multi_time_id`, `multi_id`, `start_time`, `end_time`, `created_by`, `modify_by`, `status`, `create_date_time`, `org_id`, `doctors_time_id`) VALUES
(1, 1, '09:45', '20:45', 2, 2, '1', '2025-09-05 04:15:43', 1, 0);

-- --------------------------------------------------------

--
-- Table structure for table `note_types`
--

CREATE TABLE `note_types` (
  `note_type_id` int(11) NOT NULL,
  `note_type` varchar(100) NOT NULL,
  `status1` tinyint(1) NOT NULL DEFAULT 1 CHECK (`status1` in (0,1)),
  `org_id` int(11) DEFAULT NULL,
  `created_on` datetime DEFAULT current_timestamp(),
  `modified_on` datetime DEFAULT current_timestamp() ON UPDATE current_timestamp(),
  `created_by` varchar(100) DEFAULT NULL,
  `modified_by` varchar(100) DEFAULT NULL
) ENGINE=InnoDB DEFAULT CHARSET=utf8mb4 COLLATE=utf8mb4_general_ci;

--
-- Dumping data for table `note_types`
--

INSERT INTO `note_types` (`note_type_id`, `note_type`, `status1`, `org_id`, `created_on`, `modified_on`, `created_by`, `modified_by`) VALUES
(1, 'SOAP', 1, 1, '2025-07-11 16:47:52', '2025-07-11 16:47:52', '2', NULL),
(2, 'Daily Note', 1, 1, '2025-07-11 16:48:02', '2025-07-11 16:52:23', '2', '2'),
(3, 'ged', 0, 1, '2025-07-11 16:52:27', '2025-07-11 16:52:31', '2', '2');

-- --------------------------------------------------------

--
-- Table structure for table `organization`
--

CREATE TABLE `organization` (
  `org_id` int(11) NOT NULL,
  `organization_name` varchar(255) NOT NULL,
  `contact` varchar(15) NOT NULL,
  `email` varchar(255) NOT NULL,
  `description` varchar(255) NOT NULL,
  `gstNumber` varchar(20) NOT NULL,
  `tanNumber` varchar(13) NOT NULL,
  `longitude` double NOT NULL,
  `latitude` double NOT NULL,
  `address` varchar(255) NOT NULL,
  `logo` varchar(255) NOT NULL,
  `status` enum('1','0','2') NOT NULL DEFAULT '1',
  `created_date_time` datetime NOT NULL,
  `created_by` int(11) NOT NULL,
  `modified_by` int(11) NOT NULL
) ENGINE=InnoDB DEFAULT CHARSET=utf8mb4 COLLATE=utf8mb4_general_ci;

--
-- Dumping data for table `organization`
--

INSERT INTO `organization` (`org_id`, `organization_name`, `contact`, `email`, `description`, `gstNumber`, `tanNumber`, `longitude`, `latitude`, `address`, `logo`, `status`, `created_date_time`, `created_by`, `modified_by`) VALUES
(1, 'Dr Pandas Heart Care', '8897355655', 'pandas@gmail.com', 'A single stop for complete heart care under a specialist, who has a skillset of cardiologist and a soul of physician. All your queries, problems and issues are dealt with utmost care, giving you the time you deserve.', '0', '0', 83.3041052, 17.7324576, 'Chambers 1 & 5, Sr Krishna Multispecialty Clinic, opposite Task Force Office, near A S Raja Circle, Sector 10, MVP Colony, Visakhapatnam, Andhra Pradesh 530017', '1.jpg', '1', '2023-10-16 19:13:52', 1, 1),
(2, 'SV HEALTH CARE', '6302669660', 'sv@gmail.com', 'A dedicated service provider to the poor and needy who are in need of medical  help', 'SV12345678874563', 'SV12345677', 48.3, 47.3, 'GOPALAPATNAM\nVISAKHAPATNAM', '2.jpeg', '1', '2023-10-18 14:25:59', 1, 6),
(3, 'Dr Jayas EXULT Aesthetic Clinic', '7095678678', 'drjayaderma@gmail.com', 'Exult Clinics were established in 2015, by Dr. M Srinivas Rao MS, M Ch -Plastic & Cosmetic Surgery, and Dr. Jayalakshmi MBBS DDVL- Dermatologist. In addition to M Ch, Dr. Srinivas has attained Diploma in AAAM (American Academy of Aesthetic Medicine) Cours', '37AAHCD4602R1Z8', 'VPND02136B', 83.3176291400227, 17.7239855337674, 'Dr Jaya’s Exult Aesthetic Clinic\n10-2-B2 Siri Puram Opp Dutt Island building lane besides Eleven Restaurant, ', '3.jpg', '1', '2023-10-20 12:42:48', 1, 6);

-- --------------------------------------------------------

--
-- Table structure for table `pagessize`
--

CREATE TABLE `pagessize` (
  `size_id` int(11) NOT NULL,
  `size_name` varchar(225) NOT NULL,
  `w_size` varchar(225) NOT NULL,
  `h_size` varchar(225) NOT NULL,
  `status` enum('0','1') NOT NULL DEFAULT '1',
  `create_date_time` timestamp NOT NULL DEFAULT current_timestamp() ON UPDATE current_timestamp()
) ENGINE=InnoDB DEFAULT CHARSET=utf8mb4 COLLATE=utf8mb4_general_ci;

--
-- Dumping data for table `pagessize`
--

INSERT INTO `pagessize` (`size_id`, `size_name`, `w_size`, `h_size`, `status`, `create_date_time`) VALUES
(2, 'Letter', '215.9mm', '279.4mm', '1', '2023-10-21 11:28:25'),
(3, 'Tabloid', '279.4mm', '431.8mm', '1', '2023-10-21 11:29:04'),
(4, 'Legal', '216mm', '356mm', '1', '2023-10-21 11:27:57'),
(5, 'Statement', '139.7mm', '215.9mm', '1', '2023-10-21 11:30:34'),
(6, 'Executive', '6in', '9in', '1', '2023-10-21 11:30:54'),
(7, 'A0', '841mm', '1189mm', '1', '2023-10-21 11:25:46'),
(8, 'A1', '594mm', '841mm', '1', '2023-10-21 11:27:17'),
(9, 'A2', '420mm', '594mm', '1', '2023-10-21 11:27:29'),
(10, 'A3', '297mm', '420mm', '1', '2023-10-21 11:27:43'),
(11, 'A4', '210mm', '297mm', '1', '2023-10-21 11:25:28'),
(12, 'A5', '148mm', '210mm', '1', '2023-10-21 11:29:21'),
(13, 'B4(JIS)', '257mm', '364mm', '1', '2023-10-21 11:31:33'),
(14, 'B5(JIS)', '182mm', '257mm', '1', '2023-10-21 11:31:53');

-- --------------------------------------------------------

--
-- Table structure for table `pasthistory_template`
--

CREATE TABLE `pasthistory_template` (
  `ph_id` int(11) NOT NULL,
  `template_name` varchar(225) NOT NULL,
  `template_data` varchar(225) NOT NULL,
  `status` enum('0','1') NOT NULL DEFAULT '1',
  `org_id` int(11) NOT NULL
) ENGINE=InnoDB DEFAULT CHARSET=utf8mb4 COLLATE=utf8mb4_general_ci;

-- --------------------------------------------------------

--
-- Table structure for table `patient_tests_history`
--

CREATE TABLE `patient_tests_history` (
  `patient_history_id` int(11) NOT NULL,
  `patient_id` varchar(255) DEFAULT NULL,
  `appointment_id` varchar(255) DEFAULT NULL,
  `test_performed_at` varchar(255) DEFAULT NULL,
  `test_name` varchar(255) NOT NULL,
  `test_result` varchar(255) NOT NULL,
  `normal_range` varchar(100) DEFAULT NULL,
  `test_date` date NOT NULL,
  `file_url` varchar(500) DEFAULT NULL,
  `observations` text DEFAULT NULL,
  `status` enum('1','0') DEFAULT '1',
  `org_id` int(11) NOT NULL,
  `created_at` timestamp NOT NULL DEFAULT current_timestamp(),
  `created_by` int(11) NOT NULL
) ENGINE=InnoDB DEFAULT CHARSET=utf8mb4 COLLATE=utf8mb4_general_ci;

--
-- Dumping data for table `patient_tests_history`
--

INSERT INTO `patient_tests_history` (`patient_history_id`, `patient_id`, `appointment_id`, `test_performed_at`, `test_name`, `test_result`, `normal_range`, `test_date`, `file_url`, `observations`, `status`, `org_id`, `created_at`, `created_by`) VALUES
(1, 'PAT0532', 'A202509050002', 'Within The Hospital', '1', 'Normal', '250 -500', '2025-09-11', 'Testimages/PAT0532_1757573995_0.webp', 'test Observations', '1', 1, '2025-09-11 06:54:26', 2);

-- --------------------------------------------------------

--
-- Table structure for table `patient_test_billing`
--

CREATE TABLE `patient_test_billing` (
  `test_billing_id` int(11) NOT NULL,
  `patient_id` varchar(250) NOT NULL,
  `appointment_id` varchar(250) NOT NULL,
  `test_details` varchar(255) NOT NULL,
  `total_amount` decimal(10,2) NOT NULL,
  `discount` decimal(10,2) DEFAULT 0.00,
  `net_amount` decimal(10,2) NOT NULL,
  `status` int(11) DEFAULT 1,
  `org_id` int(11) NOT NULL,
  `created_by` int(11) NOT NULL,
  `created_at` timestamp NOT NULL DEFAULT current_timestamp(),
  `payment_method` varchar(200) DEFAULT NULL
) ENGINE=InnoDB DEFAULT CHARSET=utf8mb4 COLLATE=utf8mb4_general_ci;

--
-- Dumping data for table `patient_test_billing`
--

INSERT INTO `patient_test_billing` (`test_billing_id`, `patient_id`, `appointment_id`, `test_details`, `total_amount`, `discount`, `net_amount`, `status`, `org_id`, `created_by`, `created_at`, `payment_method`) VALUES
(1, 'PAT0532', 'A202509050002', '{\"test_id\":\"89\",\"test_name\":\"HISTOPATHOLOGY BIOPSY...\" }', 2000.00, 300.00, 1700.00, 1, 1, 1, '2025-09-11 06:12:27', 'cash');

-- --------------------------------------------------------

--
-- Table structure for table `payment_method`
--

CREATE TABLE `payment_method` (
  `payment_method_id` int(11) NOT NULL,
  `payment_method` varchar(30) NOT NULL,
  `status` enum('1','0') NOT NULL DEFAULT '1',
  `created_date_time` datetime NOT NULL,
  `org_id` int(11) NOT NULL
) ENGINE=InnoDB DEFAULT CHARSET=utf8mb4 COLLATE=utf8mb4_general_ci;

--
-- Dumping data for table `payment_method`
--

INSERT INTO `payment_method` (`payment_method_id`, `payment_method`, `status`, `created_date_time`, `org_id`) VALUES
(1, 'Cash', '1', '2023-09-06 14:35:00', 1),
(2, 'Card', '0', '2023-09-06 14:35:00', 1),
(3, 'UPI', '1', '2023-09-06 14:35:00', 1),
(4, 'Net Banking', '0', '2023-09-06 14:35:00', 1),
(5, 'Payment Pending', '1', '2025-09-10 15:00:03', 1);

-- --------------------------------------------------------

--
-- Table structure for table `prescripition`
--

CREATE TABLE `prescripition` (
  `prescription_id` int(11) NOT NULL,
  `patient_name` varchar(100) NOT NULL,
  `appoint_register_id` varchar(100) NOT NULL,
  `patient_uid` varchar(255) NOT NULL,
  `age` varchar(30) NOT NULL,
  `gender` enum('Male','Female','Others') NOT NULL,
  `rx_id` int(11) NOT NULL,
  `test_group_id` int(11) NOT NULL,
  `test_id` longtext NOT NULL,
  `medicine_id` longtext NOT NULL,
  `prescriptiondate` date DEFAULT NULL,
  `patient_vitals` varchar(255) DEFAULT NULL,
  `finalDiagnosis` longtext NOT NULL,
  `chiefcomplaint` longtext NOT NULL,
  `pasthistory` longtext NOT NULL,
  `patient_data` longtext DEFAULT NULL,
  `advise` longtext DEFAULT NULL,
  `personal_note` longtext NOT NULL,
  `reviewafter` varchar(250) NOT NULL,
  `images` longtext NOT NULL,
  `reviewafterdate` varchar(30) NOT NULL,
  `status` enum('1','0') NOT NULL DEFAULT '1',
  `prescription_status` enum('N','R') NOT NULL DEFAULT 'N',
  `create_date_time` datetime NOT NULL DEFAULT current_timestamp(),
  `create_by` int(11) NOT NULL,
  `modify_by` int(11) NOT NULL,
  `org_id` int(11) NOT NULL,
  `create_date` timestamp NOT NULL DEFAULT current_timestamp()
) ENGINE=InnoDB DEFAULT CHARSET=utf8mb4 COLLATE=utf8mb4_general_ci;

--
-- Dumping data for table `prescripition`
--

INSERT INTO `prescripition` (`prescription_id`, `patient_name`, `appoint_register_id`, `patient_uid`, `age`, `gender`, `rx_id`, `test_group_id`, `test_id`, `medicine_id`, `prescriptiondate`, `patient_vitals`, `finalDiagnosis`, `chiefcomplaint`, `pasthistory`, `patient_data`, `advise`, `personal_note`, `reviewafter`, `images`, `reviewafterdate`, `status`, `prescription_status`, `create_date_time`, `create_by`, `modify_by`, `org_id`, `create_date`) VALUES
(1, 'durga', 'A202506030001', 'PAT0532', '33', 'Female', 0, 0, '[{\"test_id\":\"147\",\"test_name\":\"HISTOPATHOLOGY BIOPSY SMALL SPECIMEN\",\"instruction\":\"testing\",\"doctor_price\":700,\"standard_price\":800,\"test_status\":\"1\",\"test_group_id\":\"\",\"test_group_name\":\"\",\"test_group_price\":\"\"},{\"test_id\":\"148\",\"test_name\":\"HIV PROVIRAL DNA QUALITATIVE#\",\"instruction\":\"mandatory test\",\"doctor_price\":6000,\"standard_price\":7000,\"test_status\":\"1\",\"test_group_id\":\"\",\"test_group_name\":\"\",\"test_group_price\":\"\"}]', '[{\"medicine_id\":\"7\",\"medicine_name\":\"DILNIP - (CILINDIPINE)\",\"type_id\":\"1\",\"type_text\":\"Tab\",\"unit_id\":\"7\",\"unit_text\":\"75/20MG\",\"dosage_id\":\"1\",\"when_id\":\"8\",\"time_id\":\"6\",\"duration_value\":\"5\",\"duration\":\"Days\",\"notes\":\"\",\"med_status\":\"1\",\"timeText\":\"9AM-0-0\",\"dosageText\":\"1-0-0\",\"whenText\":\"After Food\"},{\"medicine_id\":\"6\",\"medicine_name\":\"DAPARYL - (DAPAGLIFLOZIN)\",\"type_id\":\"1\",\"type_text\":\"Tab\",\"unit_id\":\"7\",\"unit_text\":\"75/20MG\",\"dosage_id\":\"2\",\"when_id\":\"8\",\"time_id\":\"4\",\"duration_value\":\"5\",\"duration\":\"Days\",\"notes\":\"testing\",\"med_status\":\"1\",\"timeText\":\"0-2PM-0\",\"dosageText\":\"0-1-0\",\"whenText\":\"After Food\"}]', '2025-06-03', 'A202506030001', '', '', '', NULL, NULL, '', '5 Days', '', '2025-06-08', '1', 'N', '2025-06-03 16:38:46', 1, 1, 1, '2025-06-03 11:08:46'),
(2, 'durga', 'A202506030001', 'PAT0532', '33', 'Female', 0, 0, '[{\"test_id\":\"91\",\"test_name\":\"HISTOPATHOLOGY BIOPSY SMALL SPECIMEN\",\"instruction\":\"testing\",\"doctor_price\":700,\"standard_price\":800,\"test_status\":\"1\",\"test_group_id\":\"\",\"test_group_name\":\"\",\"test_group_price\":\"\"},{\"test_id\":\"93\",\"test_name\":\"HIV PROVIRAL DNA QUALITATIVE#\",\"instruction\":\"mandatory test\",\"doctor_price\":6000,\"standard_price\":7000,\"test_status\":\"1\",\"test_group_id\":\"\",\"test_group_name\":\"\",\"test_group_price\":\"\"}]', '[{\"medicine_id\":\"7\",\"medicine_name\":\"DILNIP - (CILINDIPINE)\",\"type_id\":\"1\",\"type_text\":\"Tab\",\"unit_id\":\"7\",\"unit_text\":\"75/20MG\",\"dosage_id\":\"1\",\"when_id\":\"8\",\"time_id\":\"6\",\"duration_value\":\"5\",\"duration\":\"Days\",\"notes\":\"\",\"med_status\":\"1\",\"timeText\":\"9AM-0-0\",\"dosageText\":\"1-0-0\",\"whenText\":\"After Food\"},{\"medicine_id\":\"6\",\"medicine_name\":\"DAPARYL - (DAPAGLIFLOZIN)\",\"type_id\":\"1\",\"type_text\":\"Tab\",\"unit_id\":\"7\",\"unit_text\":\"75/20MG\",\"dosage_id\":\"2\",\"when_id\":\"8\",\"time_id\":\"4\",\"duration_value\":\"5\",\"duration\":\"Days\",\"notes\":\"testing\",\"med_status\":\"1\",\"timeText\":\"0-2PM-0\",\"dosageText\":\"0-1-0\",\"whenText\":\"After Food\"}]', '2025-06-30', 'A202506030001', '', '', '', NULL, NULL, '', '5 Days', '', '', '1', 'R', '2025-06-30 16:41:21', 2, 2, 1, '2025-06-30 11:11:21'),
(3, 'G KALAYANI', 'A202507180001', 'PAT0010', '49', 'Female', 0, 0, '[{\"test_id\":\"89\",\"test_name\":\"HISTOPATHOLOGY BIOPSY LARGE COMPLEX\",\"instruction\":\"\",\"doctor_price\":6500,\"standard_price\":6500,\"test_status\":\"1\",\"test_group_id\":\"\",\"test_group_name\":\"\",\"test_group_price\":\"\"},{\"test_id\":\"91\",\"test_name\":\"HISTOPATHOLOGY BIOPSY SMALL SPECIMEN\",\"instruction\":\"\",\"doctor_price\":800,\"standard_price\":800,\"test_status\":\"1\",\"test_group_id\":\"\",\"test_group_name\":\"\",\"test_group_price\":\"\"}]', '[{\"medicine_id\":\"8\",\"medicine_name\":\"ECOSPRIN - (ASPIRIN)\",\"type_id\":\"1\",\"type_text\":\"Tab\",\"unit_id\":\"9\",\"unit_text\":\"40/50MG\",\"dosage_id\":\"3\",\"when_id\":\"7\",\"time_id\":\"3\",\"duration_value\":\"5\",\"duration\":\"Days\",\"notes\":\"\",\"med_status\":\"1\",\"timeText\":\"0-0-9PM\",\"dosageText\":\"0-0-1\",\"whenText\":\"Before Food\"},{\"medicine_id\":\"9\",\"medicine_name\":\"ECOSPRIN AV - (ASPIRIN + ATORVASTATIN)\",\"type_id\":\"1\",\"type_text\":\"Tab\",\"unit_id\":\"10\",\"unit_text\":\"10/25MG\",\"dosage_id\":\"5\",\"when_id\":\"8\",\"time_id\":\"1\",\"duration_value\":\"5\",\"duration\":\"Days\",\"notes\":\"\",\"med_status\":\"1\",\"timeText\":\"9AM-0-9PM\",\"dosageText\":\"1-0-1\",\"whenText\":\"After Food\"}]', '2025-07-18', 'A202507180001', 'testing', 'testing', '', '', '', '', '5 Days', '', '2025-07-23', '1', 'N', '2025-07-18 09:42:27', 2, 2, 1, '2025-07-18 04:12:27'),
(4, 'durga', 'A202506030001', 'PAT0532', '33', 'Female', 0, 0, '[{\"test_id\":\"91\",\"test_name\":\"HISTOPATHOLOGY BIOPSY SMALL SPECIMEN\",\"instruction\":\"testing\",\"doctor_price\":700,\"standard_price\":800,\"test_status\":\"1\",\"test_group_id\":\"\",\"test_group_name\":\"\",\"test_group_price\":\"\"},{\"test_id\":\"93\",\"test_name\":\"HIV PROVIRAL DNA QUALITATIVE#\",\"instruction\":\"mandatory test\",\"doctor_price\":6000,\"standard_price\":7000,\"test_status\":\"1\",\"test_group_id\":\"\",\"test_group_name\":\"\",\"test_group_price\":\"\"}]', '[{\"medicine_id\":\"7\",\"medicine_name\":\"DILNIP - (CILINDIPINE)\",\"type_id\":\"1\",\"type_text\":\"Tab\",\"unit_id\":\"7\",\"unit_text\":\"75/20MG\",\"dosage_id\":\"1\",\"when_id\":\"8\",\"time_id\":\"6\",\"duration_value\":\"5\",\"duration\":\"Days\",\"notes\":\"\",\"med_status\":\"1\",\"timeText\":\"9AM-0-0\",\"dosageText\":\"1-0-0\",\"whenText\":\"After Food\"},{\"medicine_id\":\"6\",\"medicine_name\":\"DAPARYL - (DAPAGLIFLOZIN)\",\"type_id\":\"1\",\"type_text\":\"Tab\",\"unit_id\":\"7\",\"unit_text\":\"75/20MG\",\"dosage_id\":\"2\",\"when_id\":\"8\",\"time_id\":\"4\",\"duration_value\":\"5\",\"duration\":\"Days\",\"notes\":\"testing\",\"med_status\":\"1\",\"timeText\":\"0-2PM-0\",\"dosageText\":\"0-1-0\",\"whenText\":\"After Food\"}]', '2025-07-28', 'A202506030001', '', '', '', NULL, NULL, '', '5 Days', '', '', '1', 'R', '2025-07-28 10:32:40', 2, 2, 1, '2025-07-28 05:02:40'),
(5, 'Sai', 'A202508180001', 'PAT0533', '24', 'Male', 0, 0, '[]', '[]', '2025-08-18', 'A202508180001', '', '', '', '', '', '', ' Days', '', '', '1', 'N', '2025-08-18 09:55:02', 2, 2, 1, '2025-08-18 04:25:02'),
(6, 'biaila', 'A202508180002', 'PAT0534', '25', 'Male', 0, 0, '[]', '[]', '2025-08-18', 'A202508180002', '', '', '', '', '', '', ' Days', '', '', '1', 'N', '2025-08-18 09:58:35', 2, 2, 1, '2025-08-18 04:28:35'),
(7, 'dsfv', 'A202508180003', 'PAT0535', '24', 'Others', 0, 0, '[]', '[]', '2025-08-18', 'A202508180003', '', '', '', '', '', '', ' Days', '', '', '1', 'N', '2025-08-18 10:32:22', 2, 2, 1, '2025-08-18 05:02:22'),
(8, 'durga', 'A202509050002', 'PAT0532', '33', 'Female', 0, 0, '[{\"test_id\":\"91\",\"test_name\":\"HISTOPATHOLOGY BIOPSY SMALL SPECIMEN\",\"instruction\":\"testing\",\"doctor_price\":700,\"standard_price\":800,\"test_status\":\"1\",\"test_group_id\":\"\",\"test_group_name\":\"\",\"test_group_price\":\"\"},{\"test_id\":\"93\",\"test_name\":\"HIV PROVIRAL DNA QUALITATIVE#\",\"instruction\":\"mandatory test\",\"doctor_price\":6000,\"standard_price\":7000,\"test_status\":\"1\",\"test_group_id\":\"\",\"test_group_name\":\"\",\"test_group_price\":\"\"}]', '[{\"medicine_id\":\"7\",\"medicine_name\":\"DILNIP - (CILINDIPINE)\",\"type_id\":\"1\",\"type_text\":\"Tab\",\"unit_id\":\"7\",\"unit_text\":\"75/20MG\",\"dosage_id\":\"1\",\"when_id\":\"8\",\"time_id\":\"6\",\"duration_value\":\"5\",\"duration\":\"Days\",\"notes\":\"\",\"med_status\":\"1\",\"timeText\":\"9AM-0-0\",\"dosageText\":\"1-0-0\",\"whenText\":\"After Food\"},{\"medicine_id\":\"6\",\"medicine_name\":\"DAPARYL - (DAPAGLIFLOZIN)\",\"type_id\":\"1\",\"type_text\":\"Tab\",\"unit_id\":\"7\",\"unit_text\":\"75/20MG\",\"dosage_id\":\"2\",\"when_id\":\"8\",\"time_id\":\"4\",\"duration_value\":\"5\",\"duration\":\"Days\",\"notes\":\"testing\",\"med_status\":\"1\",\"timeText\":\"0-2PM-0\",\"dosageText\":\"0-1-0\",\"whenText\":\"After Food\"}]', '2025-09-05', 'A202509050002', '', '', '', '', '', '', '5 Days', '', '', '1', 'N', '2025-09-05 11:23:49', 2, 2, 1, '2025-09-05 05:53:49'),
(9, 'G KALAYANI', 'A202509150001', 'PAT0010', '49', 'Female', 0, 0, '[{\"test_id\":\"89\",\"test_name\":\"HISTOPATHOLOGY BIOPSY LARGE COMPLEX\",\"instruction\":\"\",\"doctor_price\":6500,\"standard_price\":6500,\"test_status\":\"1\",\"test_group_id\":\"\",\"test_group_name\":\"\",\"test_group_price\":\"\"},{\"test_id\":\"91\",\"test_name\":\"HISTOPATHOLOGY BIOPSY SMALL SPECIMEN\",\"instruction\":\"\",\"doctor_price\":800,\"standard_price\":800,\"test_status\":\"1\",\"test_group_id\":\"\",\"test_group_name\":\"\",\"test_group_price\":\"\"}]', '[{\"medicine_id\":\"8\",\"medicine_name\":\"ECOSPRIN - (ASPIRIN)\",\"type_id\":\"1\",\"type_text\":\"Tab\",\"unit_id\":\"9\",\"unit_text\":\"40/50MG\",\"dosage_id\":\"3\",\"when_id\":\"7\",\"time_id\":\"3\",\"duration_value\":\"5\",\"duration\":\"Days\",\"notes\":\"\",\"med_status\":\"1\",\"timeText\":\"0-0-9PM\",\"dosageText\":\"0-0-1\",\"whenText\":\"Before Food\"},{\"medicine_id\":\"9\",\"medicine_name\":\"ECOSPRIN AV - (ASPIRIN + ATORVASTATIN)\",\"type_id\":\"1\",\"type_text\":\"Tab\",\"unit_id\":\"10\",\"unit_text\":\"10/25MG\",\"dosage_id\":\"5\",\"when_id\":\"8\",\"time_id\":\"1\",\"duration_value\":\"5\",\"duration\":\"Days\",\"notes\":\"\",\"med_status\":\"1\",\"timeText\":\"9AM-0-9PM\",\"dosageText\":\"1-0-1\",\"whenText\":\"After Food\"}]', '2025-09-15', 'A202509150001', 'testing', 'testing', '', '', '', '', '5 Days', '', '2025-07-23', '1', 'N', '2025-09-15 10:19:43', 2, 2, 1, '2025-09-15 04:49:43');

-- --------------------------------------------------------

--
-- Table structure for table `prescription_medicines`
--

CREATE TABLE `prescription_medicines` (
  `pm_id` int(11) NOT NULL,
  `prescription_id` int(11) NOT NULL,
  `medicine_id` int(11) NOT NULL,
  `type_id` int(11) NOT NULL,
  `unit_id` int(11) NOT NULL,
  `dosage_id` int(11) NOT NULL,
  `intake_id` varchar(100) NOT NULL,
  `time_id` int(11) NOT NULL,
  `frequency_ids` varchar(100) NOT NULL,
  `test_id` int(11) NOT NULL,
  `duration` longtext NOT NULL,
  `quantity` varchar(100) NOT NULL,
  `note` varchar(255) NOT NULL,
  `Additional_Note` varchar(250) NOT NULL,
  `patient_vitals` varchar(250) NOT NULL,
  `status` enum('1','0') NOT NULL DEFAULT '1',
  `created_by` int(11) NOT NULL,
  `create_date_time` datetime NOT NULL,
  `modified_by` int(11) NOT NULL,
  `modified_date_time` timestamp NOT NULL DEFAULT current_timestamp() ON UPDATE current_timestamp(),
  `org_id` int(11) NOT NULL
) ENGINE=InnoDB DEFAULT CHARSET=utf8mb4 COLLATE=utf8mb4_general_ci;

-- --------------------------------------------------------

--
-- Table structure for table `prescription_test`
--

CREATE TABLE `prescription_test` (
  `pt_id` int(11) NOT NULL,
  `prescription_id` int(11) NOT NULL,
  `test_id` int(11) NOT NULL,
  `status` enum('1','0') NOT NULL DEFAULT '1',
  `created_by` int(11) NOT NULL,
  `created_date_time` datetime NOT NULL,
  `modified_by` int(11) NOT NULL,
  `modified_date_time` timestamp NOT NULL DEFAULT current_timestamp() ON UPDATE current_timestamp(),
  `org_id` int(11) NOT NULL
) ENGINE=InnoDB DEFAULT CHARSET=utf8mb4 COLLATE=utf8mb4_general_ci;

-- --------------------------------------------------------

--
-- Table structure for table `roles`
--

CREATE TABLE `roles` (
  `role_id` int(11) NOT NULL,
  `role_name` varchar(100) NOT NULL,
  `created_by` int(11) NOT NULL,
  `created_date_time` datetime NOT NULL,
  `status` enum('1','0') NOT NULL DEFAULT '1',
  `modified_by` int(11) NOT NULL,
  `modified_date_time` timestamp NOT NULL DEFAULT current_timestamp() ON UPDATE current_timestamp(),
  `org_id` int(11) NOT NULL
) ENGINE=InnoDB DEFAULT CHARSET=latin1 COLLATE=latin1_swedish_ci;

--
-- Dumping data for table `roles`
--

INSERT INTO `roles` (`role_id`, `role_name`, `created_by`, `created_date_time`, `status`, `modified_by`, `modified_date_time`, `org_id`) VALUES
(1, 'Super Admin', 1, '2023-09-06 12:39:14', '1', 1, '2023-10-16 13:31:11', 0),
(2, 'Admin', 1, '2023-09-06 12:46:01', '1', 2, '2025-09-12 09:43:40', 1);

-- --------------------------------------------------------

--
-- Table structure for table `role_menus`
--

CREATE TABLE `role_menus` (
  `role_menus_id` int(11) NOT NULL,
  `role_id` int(11) NOT NULL,
  `menu_id` int(11) NOT NULL,
  `menu_access` enum('1','0') DEFAULT '0',
  `created_by` int(11) NOT NULL,
  `created_date_time` timestamp NOT NULL DEFAULT current_timestamp(),
  `org_id` int(11) NOT NULL
) ENGINE=InnoDB DEFAULT CHARSET=latin1 COLLATE=latin1_swedish_ci;

--
-- Dumping data for table `role_menus`
--

INSERT INTO `role_menus` (`role_menus_id`, `role_id`, `menu_id`, `menu_access`, `created_by`, `created_date_time`, `org_id`) VALUES
(393, 8, 1, '0', 1, '2025-05-13 05:51:05', 0),
(394, 8, 2, '0', 1, '2025-05-13 05:51:05', 0),
(395, 8, 3, '0', 1, '2025-05-13 05:51:05', 0),
(396, 8, 4, '0', 1, '2025-05-13 05:51:05', 0),
(397, 8, 5, '0', 1, '2025-05-13 05:51:05', 0),
(398, 8, 18, '0', 1, '2025-05-13 05:51:05', 0),
(399, 8, 19, '0', 1, '2025-05-13 05:51:05', 0),
(400, 8, 20, '0', 1, '2025-05-13 05:51:05', 0),
(401, 8, 21, '0', 1, '2025-05-13 05:51:05', 0),
(402, 8, 22, '0', 1, '2025-05-13 05:51:05', 0),
(403, 8, 26, '0', 1, '2025-05-13 05:51:05', 0),
(404, 8, 35, '0', 1, '2025-05-13 05:51:05', 0),
(405, 8, 28, '0', 1, '2025-05-13 05:51:05', 0),
(406, 8, 29, '0', 1, '2025-05-13 05:51:05', 0),
(407, 8, 30, '0', 1, '2025-05-13 05:51:05', 0),
(4617, 2, 1, '0', 1, '2025-09-15 12:07:37', 0),
(4618, 2, 2, '0', 1, '2025-09-15 12:07:37', 0),
(4619, 2, 3, '0', 1, '2025-09-15 12:07:37', 0),
(4620, 2, 4, '0', 1, '2025-09-15 12:07:37', 0),
(4621, 2, 5, '0', 1, '2025-09-15 12:07:37', 0),
(4622, 2, 6, '0', 1, '2025-09-15 12:07:37', 0),
(4623, 2, 7, '0', 1, '2025-09-15 12:07:37', 0),
(4624, 2, 8, '0', 1, '2025-09-15 12:07:37', 0),
(4625, 2, 9, '0', 1, '2025-09-15 12:07:37', 0),
(4626, 2, 10, '0', 1, '2025-09-15 12:07:37', 0),
(4627, 2, 100, '0', 1, '2025-09-15 12:07:37', 0),
(4628, 2, 11, '0', 1, '2025-09-15 12:07:37', 0),
(4629, 2, 12, '0', 1, '2025-09-15 12:07:37', 0),
(4630, 2, 13, '0', 1, '2025-09-15 12:07:37', 0),
(4631, 2, 14, '0', 1, '2025-09-15 12:07:37', 0),
(4632, 2, 15, '0', 1, '2025-09-15 12:07:37', 0),
(4633, 2, 16, '0', 1, '2025-09-15 12:07:37', 0),
(4634, 2, 18, '0', 1, '2025-09-15 12:07:37', 0),
(4635, 2, 19, '0', 1, '2025-09-15 12:07:37', 0),
(4636, 2, 101, '0', 1, '2025-09-15 12:07:37', 0),
(4637, 2, 20, '0', 1, '2025-09-15 12:07:37', 0),
(4638, 2, 21, '0', 1, '2025-09-15 12:07:37', 0),
(4639, 2, 22, '0', 1, '2025-09-15 12:07:37', 0),
(4640, 2, 23, '0', 1, '2025-09-15 12:07:37', 0),
(4641, 2, 25, '0', 1, '2025-09-15 12:07:37', 0),
(4642, 2, 26, '0', 1, '2025-09-15 12:07:37', 0),
(4643, 2, 35, '0', 1, '2025-09-15 12:07:37', 0),
(4644, 2, 28, '0', 1, '2025-09-15 12:07:37', 0),
(4645, 2, 29, '0', 1, '2025-09-15 12:07:37', 0),
(4646, 2, 30, '0', 1, '2025-09-15 12:07:37', 0),
(4647, 2, 102, '0', 1, '2025-09-15 12:07:37', 0),
(4648, 2, 103, '0', 1, '2025-09-15 12:07:37', 0),
(4649, 2, 31, '0', 1, '2025-09-15 12:07:37', 0),
(4650, 2, 32, '0', 1, '2025-09-15 12:07:37', 0),
(4651, 1, 1, '0', 1, '2025-09-15 12:07:53', 0),
(4652, 1, 2, '0', 1, '2025-09-15 12:07:53', 0),
(4653, 1, 3, '0', 1, '2025-09-15 12:07:53', 0),
(4654, 1, 4, '0', 1, '2025-09-15 12:07:53', 0),
(4655, 1, 5, '0', 1, '2025-09-15 12:07:53', 0),
(4656, 1, 33, '0', 1, '2025-09-15 12:07:53', 0),
(4657, 1, 34, '0', 1, '2025-09-15 12:07:53', 0),
(4658, 1, 6, '0', 1, '2025-09-15 12:07:53', 0),
(4659, 1, 7, '0', 1, '2025-09-15 12:07:53', 0),
(4660, 1, 8, '0', 1, '2025-09-15 12:07:53', 0),
(4661, 1, 9, '0', 1, '2025-09-15 12:07:53', 0),
(4662, 1, 10, '0', 1, '2025-09-15 12:07:53', 0),
(4663, 1, 100, '0', 1, '2025-09-15 12:07:53', 0),
(4664, 1, 11, '0', 1, '2025-09-15 12:07:53', 0),
(4665, 1, 12, '0', 1, '2025-09-15 12:07:53', 0),
(4666, 1, 13, '0', 1, '2025-09-15 12:07:53', 0),
(4667, 1, 14, '0', 1, '2025-09-15 12:07:53', 0),
(4668, 1, 15, '0', 1, '2025-09-15 12:07:53', 0),
(4669, 1, 16, '0', 1, '2025-09-15 12:07:53', 0),
(4670, 1, 18, '0', 1, '2025-09-15 12:07:53', 0),
(4671, 1, 19, '0', 1, '2025-09-15 12:07:53', 0),
(4672, 1, 101, '0', 1, '2025-09-15 12:07:53', 0),
(4673, 1, 20, '0', 1, '2025-09-15 12:07:53', 0),
(4674, 1, 21, '0', 1, '2025-09-15 12:07:53', 0),
(4675, 1, 22, '0', 1, '2025-09-15 12:07:53', 0),
(4676, 1, 23, '0', 1, '2025-09-15 12:07:53', 0),
(4677, 1, 25, '0', 1, '2025-09-15 12:07:53', 0),
(4678, 1, 26, '0', 1, '2025-09-15 12:07:53', 0),
(4679, 1, 35, '0', 1, '2025-09-15 12:07:53', 0),
(4680, 1, 28, '0', 1, '2025-09-15 12:07:53', 0),
(4681, 1, 29, '0', 1, '2025-09-15 12:07:53', 0),
(4682, 1, 30, '0', 1, '2025-09-15 12:07:53', 0),
(4683, 1, 102, '0', 1, '2025-09-15 12:07:53', 0),
(4684, 1, 103, '0', 1, '2025-09-15 12:07:53', 0),
(4685, 1, 31, '0', 1, '2025-09-15 12:07:53', 0),
(4686, 1, 32, '0', 1, '2025-09-15 12:07:53', 0),
(4687, 1, 68, '0', 1, '2025-09-15 12:07:53', 0),
(4688, 1, 99, '0', 1, '2025-09-15 12:07:53', 0),
(4689, 1, 42, '0', 1, '2025-09-15 12:07:53', 0),
(4690, 1, 70, '0', 1, '2025-09-15 12:07:53', 0),
(4691, 1, 50, '0', 1, '2025-09-15 12:07:53', 0),
(4692, 1, 43, '0', 1, '2025-09-15 12:07:53', 0),
(4693, 1, 69, '0', 1, '2025-09-15 12:07:53', 0),
(4694, 1, 49, '0', 1, '2025-09-15 12:07:53', 0),
(4695, 1, 52, '0', 1, '2025-09-15 12:07:53', 0),
(4696, 1, 48, '0', 1, '2025-09-15 12:07:53', 0),
(4697, 1, 51, '0', 1, '2025-09-15 12:07:53', 0),
(4698, 1, 60, '0', 1, '2025-09-15 12:07:53', 0),
(4699, 1, 96, '0', 1, '2025-09-15 12:07:53', 0),
(4700, 1, 44, '0', 1, '2025-09-15 12:07:53', 0),
(4701, 1, 37, '0', 1, '2025-09-15 12:07:53', 0),
(4702, 1, 82, '0', 1, '2025-09-15 12:07:53', 0),
(4703, 1, 57, '0', 1, '2025-09-15 12:07:53', 0),
(4704, 1, 56, '0', 1, '2025-09-15 12:07:53', 0),
(4705, 1, 63, '0', 1, '2025-09-15 12:07:53', 0),
(4706, 1, 45, '0', 1, '2025-09-15 12:07:53', 0),
(4707, 1, 38, '0', 1, '2025-09-15 12:07:53', 0),
(4708, 1, 92, '0', 1, '2025-09-15 12:07:53', 0),
(4709, 1, 58, '0', 1, '2025-09-15 12:07:53', 0),
(4710, 1, 40, '0', 1, '2025-09-15 12:07:53', 0),
(4711, 1, 59, '0', 1, '2025-09-15 12:07:53', 0),
(4712, 1, 55, '0', 1, '2025-09-15 12:07:53', 0),
(4713, 1, 54, '0', 1, '2025-09-15 12:07:53', 0),
(4714, 1, 88, '0', 1, '2025-09-15 12:07:53', 0),
(4715, 1, 61, '0', 1, '2025-09-15 12:07:53', 0),
(4716, 1, 36, '0', 1, '2025-09-15 12:07:53', 0),
(4717, 1, 83, '0', 1, '2025-09-15 12:07:53', 0),
(4718, 1, 62, '0', 1, '2025-09-15 12:07:53', 0),
(4719, 1, 95, '0', 1, '2025-09-15 12:07:53', 0),
(4720, 1, 53, '0', 1, '2025-09-15 12:07:53', 0),
(4721, 1, 84, '0', 1, '2025-09-15 12:07:53', 0),
(4722, 1, 85, '0', 1, '2025-09-15 12:07:53', 0),
(4723, 1, 86, '0', 1, '2025-09-15 12:07:53', 0),
(4724, 1, 97, '0', 1, '2025-09-15 12:07:53', 0),
(4725, 1, 46, '0', 1, '2025-09-15 12:07:53', 0),
(4726, 1, 73, '0', 1, '2025-09-15 12:07:53', 0),
(4727, 1, 74, '0', 1, '2025-09-15 12:07:53', 0),
(4728, 1, 75, '0', 1, '2025-09-15 12:07:53', 0),
(4729, 1, 76, '0', 1, '2025-09-15 12:07:53', 0),
(4730, 1, 77, '0', 1, '2025-09-15 12:07:53', 0),
(4731, 1, 78, '0', 1, '2025-09-15 12:07:53', 0),
(4732, 1, 79, '0', 1, '2025-09-15 12:07:53', 0),
(4733, 1, 80, '0', 1, '2025-09-15 12:07:53', 0),
(4734, 1, 81, '0', 1, '2025-09-15 12:07:53', 0),
(4735, 1, 65, '0', 1, '2025-09-15 12:07:53', 0),
(4736, 1, 64, '0', 1, '2025-09-15 12:07:53', 0),
(4737, 1, 66, '0', 1, '2025-09-15 12:07:53', 0),
(4738, 1, 71, '0', 1, '2025-09-15 12:07:53', 0),
(4739, 1, 67, '0', 1, '2025-09-15 12:07:53', 0),
(4740, 1, 72, '0', 1, '2025-09-15 12:07:53', 0),
(4741, 1, 87, '0', 1, '2025-09-15 12:07:53', 0),
(4742, 1, 89, '0', 1, '2025-09-15 12:07:53', 0),
(4743, 1, 91, '0', 1, '2025-09-15 12:07:53', 0),
(4744, 1, 93, '0', 1, '2025-09-15 12:07:53', 0),
(4745, 1, 94, '0', 1, '2025-09-15 12:07:53', 0),
(4746, 1, 98, '0', 1, '2025-09-15 12:07:53', 0);

-- --------------------------------------------------------

--
-- Table structure for table `route`
--

CREATE TABLE `route` (
  `route_id` int(11) NOT NULL,
  `routes` varchar(100) NOT NULL,
  `status` enum('0','1') DEFAULT '1',
  `create_by` varchar(50) DEFAULT NULL,
  `modifiy_by` varchar(50) DEFAULT NULL,
  `create_date_time` datetime DEFAULT current_timestamp(),
  `org_id` int(11) DEFAULT NULL
) ENGINE=InnoDB DEFAULT CHARSET=utf8mb4 COLLATE=utf8mb4_general_ci;

--
-- Dumping data for table `route`
--

INSERT INTO `route` (`route_id`, `routes`, `status`, `create_by`, `modifiy_by`, `create_date_time`, `org_id`) VALUES
(1, 'Oral', '1', '0', '0', '2025-06-02 10:03:03', 0),
(2, 'Intravenous (IV)', '1', '0', '0', '2025-06-02 10:03:03', 0),
(3, 'Topical', '1', '0', '0', '2025-06-02 10:03:03', 0),
(4, 'Inhalation', '1', '0', '0', '2025-06-02 10:03:03', 0),
(9, '', '1', '2', NULL, '2025-06-02 16:21:27', 1),
(10, '', '1', '2', NULL, '2025-06-02 17:54:10', 1);

-- --------------------------------------------------------

--
-- Table structure for table `rx_groups`
--

CREATE TABLE `rx_groups` (
  `rx_id` int(11) NOT NULL,
  `rx_group_id` int(11) NOT NULL,
  `rx_group_name` varchar(100) NOT NULL,
  `medicine_name` varchar(225) NOT NULL,
  `medicine_type` varchar(225) NOT NULL,
  `dosage` longtext NOT NULL,
  `unit` varchar(100) NOT NULL,
  `timing` varchar(100) NOT NULL,
  `in_time_period` varchar(100) NOT NULL,
  `frequency` varchar(50) NOT NULL,
  `duration` varchar(50) NOT NULL,
  `quantity` varchar(100) NOT NULL,
  `notes` longtext NOT NULL,
  `status` enum('0','1') NOT NULL DEFAULT '1',
  `created_by` int(11) NOT NULL,
  `modify_by` int(11) NOT NULL,
  `org_id` int(11) NOT NULL,
  `create_date_time` datetime NOT NULL,
  `modify_date_time` timestamp NOT NULL DEFAULT current_timestamp() ON UPDATE current_timestamp()
) ENGINE=InnoDB DEFAULT CHARSET=utf8mb4 COLLATE=utf8mb4_general_ci;

--
-- Dumping data for table `rx_groups`
--

INSERT INTO `rx_groups` (`rx_id`, `rx_group_id`, `rx_group_name`, `medicine_name`, `medicine_type`, `dosage`, `unit`, `timing`, `in_time_period`, `frequency`, `duration`, `quantity`, `notes`, `status`, `created_by`, `modify_by`, `org_id`, `create_date_time`, `modify_date_time`) VALUES
(1, 1, 'RXGroup 1', 'GLOBIRED - (FERROUS ASCORBATE + FOLIC ACID)', 'Tab', '3', '500MG', '3', '8', '', '5 Days', '', '', '1', 2, 2, 1, '2025-06-30 16:56:32', '2025-06-30 11:26:32');

-- --------------------------------------------------------

--
-- Table structure for table `rx_groups_names`
--

CREATE TABLE `rx_groups_names` (
  `rx_group_id` int(11) NOT NULL,
  `rx_group_name` varchar(50) NOT NULL,
  `status` enum('1','0') NOT NULL DEFAULT '1',
  `create_by` int(11) NOT NULL,
  `modify_by` int(11) NOT NULL,
  `create_date_time` datetime NOT NULL,
  `org_id` int(11) NOT NULL
) ENGINE=InnoDB DEFAULT CHARSET=utf8mb4 COLLATE=utf8mb4_general_ci;

--
-- Dumping data for table `rx_groups_names`
--

INSERT INTO `rx_groups_names` (`rx_group_id`, `rx_group_name`, `status`, `create_by`, `modify_by`, `create_date_time`, `org_id`) VALUES
(1, 'RXGroup 1', '1', 2, 2, '2025-06-30 16:56:32', 1);

-- --------------------------------------------------------

--
-- Table structure for table `security`
--

CREATE TABLE `security` (
  `security_id` int(11) NOT NULL,
  `admin_name` varchar(30) NOT NULL,
  `email` varchar(30) NOT NULL,
  `contact` varchar(15) NOT NULL,
  `security_password` varchar(100) NOT NULL,
  `image_url` varchar(255) NOT NULL,
  `signature_url` varchar(225) NOT NULL,
  `role_id` int(11) NOT NULL,
  `org_id` int(11) NOT NULL,
  `created_by` int(11) NOT NULL,
  `modified_by` int(11) NOT NULL,
  `status` enum('0','1') NOT NULL DEFAULT '1',
  `create_date_time` timestamp NOT NULL DEFAULT current_timestamp() ON UPDATE current_timestamp()
) ENGINE=InnoDB DEFAULT CHARSET=utf8mb4 COLLATE=utf8mb4_general_ci;

--
-- Dumping data for table `security`
--

INSERT INTO `security` (`security_id`, `admin_name`, `email`, `contact`, `security_password`, `image_url`, `signature_url`, `role_id`, `org_id`, `created_by`, `modified_by`, `status`, `create_date_time`) VALUES
(1, 'superadmin', 'superadmin@gmail.com', '9985460049', '827ccb0eea8a706c4c34a16891f84e7b', ' - 2025.04.22 - 05.05.26pm.png', '', 1, 0, 0, 0, '1', '2025-04-22 14:26:56'),
(2, 'Dr.Ashwin Kumar Panda', 'pandas@gmail.com', '8897355655', '827ccb0eea8a706c4c34a16891f84e7b', ' - 2025.04.22 - 05.04.50pm.png', '', 2, 1, 1, 1, '1', '2025-04-22 11:34:50'),
(3, 'Dr Jayas', 'drjayaderma@gmail.com', '7095678678', '827ccb0eea8a706c4c34a16891f84e7b', ' - 2023.10.20 - 12.45.53pm.png', '', 2, 3, 1, 1, '1', '2023-11-03 16:28:09'),
(4, 'Usha Mylapalli', 'ushasravani9121@gmail.com', '7569974256', '1136800ee86f59bf852cf15a32eae2c5', '', '', 6, 1, 2, 2, '1', '2023-11-03 16:28:14');

-- --------------------------------------------------------

--
-- Table structure for table `services`
--

CREATE TABLE `services` (
  `service_id` int(11) NOT NULL,
  `service_name` varchar(255) NOT NULL,
  `price` int(255) NOT NULL,
  `service_GST` varchar(255) NOT NULL,
  `org_id` int(11) NOT NULL,
  `status` enum('0','1','','') NOT NULL DEFAULT '1',
  `created_by` int(11) NOT NULL,
  `modified_by` int(11) NOT NULL,
  `c_d_t` timestamp NOT NULL DEFAULT current_timestamp() ON UPDATE current_timestamp()
) ENGINE=InnoDB DEFAULT CHARSET=utf8mb4 COLLATE=utf8mb4_general_ci;

--
-- Dumping data for table `services`
--

INSERT INTO `services` (`service_id`, `service_name`, `price`, `service_GST`, `org_id`, `status`, `created_by`, `modified_by`, `c_d_t`) VALUES
(1, 'anesthesia', 500, '12', 1, '0', 2, 2, '2023-10-21 06:27:38'),
(2, 'radiology', 500, '12%', 1, '0', 2, 2, '2023-10-18 09:34:24'),
(3, 'radiolog', 500, '12%', 1, '0', 2, 2, '2023-10-18 06:16:28'),
(4, 'radiolog', 500, '55', 1, '0', 2, 2, '2023-10-18 09:34:43'),
(5, 'AMBULANCE', 500, '2', 2, '1', 1, 1, '2023-10-18 10:10:25'),
(6, 'Consultation', 500, '0', 2, '1', 1, 1, '2023-10-18 10:11:11'),
(7, 'anesthesia', 500, '12', 1, '0', 1, 1, '2023-10-28 13:55:20'),
(8, 'radiology', 500, '12', 4, '1', 6, 6, '2023-10-20 11:08:22'),
(9, 'ECG', 250, '0', 1, '1', 2, 2, '2023-11-11 03:17:07'),
(10, '2D ECHO', 1500, '0', 1, '1', 2, 2, '2023-11-11 03:16:53'),
(11, 'TMT', 1500, '0', 1, '1', 2, 2, '2023-11-11 03:17:30'),
(12, 'Consultation', 500, '0', 1, '1', 2, 2, '2023-11-11 03:17:50'),
(14, 'Consultation', 300, '0', 5, '1', 6, 6, '2025-04-28 05:45:31'),
(15, 'MRP', 400, '0', 6, '1', 7, 7, '2025-04-28 08:57:41'),
(16, 'Consultation', 315, '5', 7, '1', 6, 6, '2025-05-07 05:59:40');

-- --------------------------------------------------------

--
-- Table structure for table `specialtis`
--

CREATE TABLE `specialtis` (
  `specialtis_id` int(11) NOT NULL,
  `specialtisname` varchar(255) NOT NULL,
  `status` enum('0','1','','') NOT NULL DEFAULT '1',
  `created_by` int(11) NOT NULL,
  `modified_by` int(11) NOT NULL,
  `org_id` int(11) NOT NULL,
  `create_date_time` timestamp NOT NULL DEFAULT current_timestamp()
) ENGINE=InnoDB DEFAULT CHARSET=utf8mb4 COLLATE=utf8mb4_general_ci;

--
-- Dumping data for table `specialtis`
--

INSERT INTO `specialtis` (`specialtis_id`, `specialtisname`, `status`, `created_by`, `modified_by`, `org_id`, `create_date_time`) VALUES
(1, 'osteopaths', '0', 2, 2, 1, '2023-10-17 07:29:06'),
(2, 'General surgeons', '0', 2, 2, 1, '2023-10-17 07:29:28'),
(3, 'Ophthalmology', '0', 2, 2, 1, '2023-10-17 13:10:33'),
(5, 'CARDIOLOGIST', '1', 1, 1, 2, '2023-10-18 09:02:39'),
(6, 'GYNAECOLOGIST', '1', 1, 1, 2, '2023-10-18 09:02:46'),
(7, 'ENT SPECIALIST', '1', 1, 1, 2, '2023-10-18 09:02:56'),
(8, 'PATHOLOGIST', '1', 1, 1, 2, '2023-10-18 10:24:22'),
(15, 'Dental specialist', '1', 6, 6, 5, '2025-04-28 05:44:47'),
(16, 'Cardiology', '1', 7, 7, 6, '2025-04-28 08:59:13'),
(17, 'Dental Public Health', '1', 6, 6, 7, '2025-05-07 05:59:13'),
(18, 'Dentist', '1', 2, 2, 1, '2025-06-04 06:44:48');

-- --------------------------------------------------------

--
-- Table structure for table `support`
--

CREATE TABLE `support` (
  `support_id` int(11) NOT NULL,
  `feedback` varchar(255) NOT NULL,
  `status` enum('0','1') NOT NULL DEFAULT '1',
  `created_by` int(11) NOT NULL,
  `modified_by` int(11) NOT NULL,
  `create_date_time` timestamp NOT NULL DEFAULT current_timestamp() ON UPDATE current_timestamp(),
  `org_id` int(11) NOT NULL
) ENGINE=InnoDB DEFAULT CHARSET=utf8mb4 COLLATE=utf8mb4_general_ci;

--
-- Dumping data for table `support`
--

INSERT INTO `support` (`support_id`, `feedback`, `status`, `created_by`, `modified_by`, `create_date_time`, `org_id`) VALUES
(1, '', '0', 2, 2, '2023-10-18 10:05:35', 1),
(2, '', '0', 2, 2, '2023-10-18 10:05:39', 1),
(3, '', '0', 2, 2, '2023-10-21 05:24:53', 1),
(4, '', '0', 2, 2, '2023-10-21 05:25:00', 1),
(5, '', '1', 2, 2, '2023-10-18 10:48:46', 1),
(6, '', '1', 2, 2, '2023-10-18 10:48:49', 1),
(7, '', '1', 2, 2, '2023-10-18 10:48:53', 1),
(8, 'kpk', '1', 2, 2, '2023-10-18 12:28:49', 1),
(9, '', '1', 2, 2, '2023-10-19 05:03:49', 1),
(10, '', '1', 2, 2, '2023-10-19 05:24:46', 1),
(11, '', '1', 1, 1, '2023-10-20 09:14:10', 0);

-- --------------------------------------------------------

--
-- Table structure for table `taxes`
--

CREATE TABLE `taxes` (
  `tax_id` int(11) NOT NULL,
  `cgstNumber` varchar(255) NOT NULL,
  `sgstNumber` varchar(255) NOT NULL,
  `percentage` varchar(25) NOT NULL,
  `org_id` int(11) NOT NULL,
  `status` enum('0','1') NOT NULL DEFAULT '1',
  `create_date_time` timestamp NOT NULL DEFAULT current_timestamp() ON UPDATE current_timestamp(),
  `created_by` int(11) NOT NULL,
  `modify_by` int(11) NOT NULL
) ENGINE=InnoDB DEFAULT CHARSET=utf8mb4 COLLATE=utf8mb4_general_ci;

-- --------------------------------------------------------

--
-- Table structure for table `tb_user`
--

CREATE TABLE `tb_user` (
  `id` int(11) NOT NULL,
  `name` varchar(50) NOT NULL,
  `image` varchar(60) NOT NULL,
  `deportment` varchar(255) NOT NULL,
  `specialization` varchar(255) NOT NULL,
  `clinicCenter` varchar(255) NOT NULL,
  `description` varchar(255) NOT NULL,
  `website` varchar(255) NOT NULL,
  `email` varchar(255) NOT NULL,
  `phone` varchar(13) NOT NULL,
  `joined` varchar(30) NOT NULL,
  `clinicAddress` varchar(255) NOT NULL,
  `status` enum('0','1') NOT NULL DEFAULT '1',
  `org_id` int(11) NOT NULL
) ENGINE=InnoDB DEFAULT CHARSET=utf8mb4 COLLATE=utf8mb4_general_ci;

--
-- Dumping data for table `tb_user`
--

INSERT INTO `tb_user` (`id`, `name`, `image`, `deportment`, `specialization`, `clinicCenter`, `description`, `website`, `email`, `phone`, `joined`, `clinicAddress`, `status`, `org_id`) VALUES
(1, 'Dr.Kalavalapalli Mohan Sai', 'Dr.Kalavalapalli Mohan Sai - 2023.08.24 - 01.28.10pm.jpg', 'Cardiologist', 'heart surgeon', 'Hemanth Clinic Center', 'Cardiologists diagnose, assess and treat patients with defects and diseases of the heart and the blood vessels, which are known as the cardiovascular system.', 'www.hemanthclinic.com', 'www.mohansai143@gmail.com', '7981031675', '13-05-2023', 'D.No: 6-118/1, Priya Gardens, Simhachalam, Visakhapatnam-530028', '1', 0);

-- --------------------------------------------------------

--
-- Table structure for table `tests`
--

CREATE TABLE `tests` (
  `test_id` int(11) NOT NULL,
  `test_name` varchar(50) NOT NULL,
  `test_price` int(11) NOT NULL,
  `test_gst` varchar(255) NOT NULL,
  `normal_range` varchar(250) DEFAULT NULL,
  `status` enum('1','0') NOT NULL DEFAULT '1',
  `created_by` int(11) NOT NULL,
  `modified_by` int(11) NOT NULL,
  `create_date_time` datetime NOT NULL,
  `org_id` int(11) NOT NULL
) ENGINE=InnoDB DEFAULT CHARSET=utf8mb4 COLLATE=utf8mb4_general_ci;

--
-- Dumping data for table `tests`
--

INSERT INTO `tests` (`test_id`, `test_name`, `test_price`, `test_gst`, `normal_range`, `status`, `created_by`, `modified_by`, `create_date_time`, `org_id`) VALUES
(1, 'Blood Group & Rh Type', 110, '0', '250 -500', '1', 2, 2, '0000-00-00 00:00:00', 1),
(2, 'Blood Urea Nitrogen Serum', 140, '0', NULL, '1', 2, 2, '0000-00-00 00:00:00', 1),
(3, 'Complete Blood Counts', 350, '0', NULL, '1', 2, 2, '0000-00-00 00:00:00', 1),
(4, 'C-Reactive Protein Serum', 400, '0', NULL, '1', 2, 2, '0000-00-00 00:00:00', 1),
(5, 'Creatinine Serum', 200, '0', NULL, '1', 2, 2, '0000-00-00 00:00:00', 1),
(6, 'D-Dimer', 1500, '0', NULL, '1', 2, 2, '0000-00-00 00:00:00', 1),
(7, 'Electrolytes Serum', 400, '0', NULL, '1', 2, 2, '0000-00-00 00:00:00', 1),
(8, 'ESR 1 Hour', 120, '0', NULL, '1', 2, 2, '0000-00-00 00:00:00', 1),
(9, 'Glucose Post Prandial - 2hrs Plasma', 80, '0', NULL, '1', 2, 2, '0000-00-00 00:00:00', 1),
(10, 'Glucose-Fasting Plasma', 80, '0', NULL, '1', 2, 2, '0000-00-00 00:00:00', 1),
(11, 'Glucose-Random Plasma', 80, '0', NULL, '1', 2, 2, '0000-00-00 00:00:00', 1),
(12, 'Complete Haemogram', 600, '0', NULL, '1', 2, 2, '0000-00-00 00:00:00', 1),
(13, 'HbA1c', 400, '0', NULL, '1', 2, 2, '0000-00-00 00:00:00', 1),
(14, 'Hemoglobin', 120, '0', NULL, '1', 2, 2, '0000-00-00 00:00:00', 1),
(15, 'High Sensitivity CRP', 800, '0', NULL, '1', 2, 2, '0000-00-00 00:00:00', 1),
(16, 'Homocystiene Serum', 1500, '0', NULL, '1', 2, 2, '0000-00-00 00:00:00', 1),
(17, 'Serum Iron Studies', 520, '0', NULL, '1', 2, 2, '0000-00-00 00:00:00', 1),
(18, 'Lipid profile', 500, '0', NULL, '1', 2, 2, '0000-00-00 00:00:00', 1),
(19, 'Liver Function Test', 680, '0', NULL, '1', 2, 2, '0000-00-00 00:00:00', 1),
(20, 'Thyroid profile', 500, '0', NULL, '1', 2, 2, '0000-00-00 00:00:00', 1),
(21, 'TSH (Ultrasensitive) Serum', 370, '0', NULL, '1', 2, 2, '0000-00-00 00:00:00', 1),
(22, 'Urea Serum', 120, '0', NULL, '1', 2, 2, '0000-00-00 00:00:00', 1),
(23, 'Uric Acid Serum', 200, '0', NULL, '1', 2, 2, '0000-00-00 00:00:00', 1),
(24, 'Urine Routine Examination', 150, '0', NULL, '1', 2, 2, '0000-00-00 00:00:00', 1),
(25, 'Vitamin B12 Serum', 1350, '0', NULL, '1', 2, 2, '0000-00-00 00:00:00', 1),
(26, 'VITAMIN D 1 25- DIHYDROXY#', 4000, '0', NULL, '1', 2, 2, '0000-00-00 00:00:00', 1),
(27, 'Vitamin D total - 25 hydroxy (Serum)', 1500, '0', NULL, '1', 2, 2, '0000-00-00 00:00:00', 1),
(28, 'Ferritin Serum', 900, '0', NULL, '1', 2, 2, '0000-00-00 00:00:00', 1),
(29, 'Thyroid profile - II (Free T3 and T4)', 650, '0', NULL, '1', 2, 2, '0000-00-00 00:00:00', 1),
(30, 'ECG', 400, '0', NULL, '1', 2, 2, '0000-00-00 00:00:00', 1),
(31, '2D ECHO', 1500, '0', NULL, '1', 2, 2, '0000-00-00 00:00:00', 1),
(32, 'TREADMILL TEST', 1500, '0', NULL, '1', 2, 2, '0000-00-00 00:00:00', 1),
(33, 'Activated Partial Thrombo- plastin Time', 600, '0', NULL, '1', 2, 2, '0000-00-00 00:00:00', 1),
(34, 'Calcium Serum', 225, '0', NULL, '1', 2, 2, '0000-00-00 00:00:00', 1),
(35, 'Culture Aerobic Blood', 1100, '0', NULL, '1', 2, 2, '0000-00-00 00:00:00', 1),
(36, 'Culture Aerobic PUS', 1000, '0', NULL, '1', 2, 2, '0000-00-00 00:00:00', 1),
(37, 'Culture Aerobic', 1000, '0', NULL, '1', 2, 2, '0000-00-00 00:00:00', 1),
(38, 'Culture Aerobic Sputum', 1000, '0', NULL, '1', 2, 2, '0000-00-00 00:00:00', 1),
(39, 'Culture Aerobic Throat swab', 1200, '0', NULL, '1', 2, 2, '0000-00-00 00:00:00', 1),
(40, 'Culture Aerobic Urine', 750, '0', NULL, '1', 2, 2, '0000-00-00 00:00:00', 1),
(41, 'Dengue IgG Serum', 900, '0', NULL, '1', 2, 2, '0000-00-00 00:00:00', 1),
(42, 'Dengue IgM Serum', 900, '0', NULL, '1', 2, 2, '0000-00-00 00:00:00', 1),
(43, 'Dengue NS1Ag Serum', 1100, '0', NULL, '1', 2, 2, '0000-00-00 00:00:00', 1),
(44, 'Ferritin Serum', 900, '0', NULL, '1', 2, 2, '0000-00-00 00:00:00', 1),
(45, 'Free T3 Serum', 400, '0', NULL, '1', 2, 2, '0000-00-00 00:00:00', 1),
(46, 'Free T4 Serum', 400, '0', NULL, '1', 2, 2, '0000-00-00 00:00:00', 1),
(47, 'Lipase Serum', 600, '0', NULL, '1', 2, 2, '0000-00-00 00:00:00', 1),
(48, 'Malarial parasites by QBC', 200, '0', NULL, '1', 2, 2, '0000-00-00 00:00:00', 1),
(49, 'Prostate Specific Antigen Serum', 1100, '0', NULL, '1', 2, 2, '0000-00-00 00:00:00', 1),
(50, 'Rheumatoid Factor Serum', 600, '0', NULL, '1', 2, 2, '0000-00-00 00:00:00', 1),
(51, 'Smear for Malarial parasites', 250, '0', NULL, '1', 2, 2, '0000-00-00 00:00:00', 1),
(52, 'WIDAL Serum', 300, '0', NULL, '1', 2, 2, '0000-00-00 00:00:00', 1),
(53, 'Anti Cardiolipin IgG Serum', 800, '0', NULL, '1', 2, 2, '0000-00-00 00:00:00', 1),
(54, 'Anti Cardiolipin IgM Serum', 800, '0', NULL, '1', 2, 2, '0000-00-00 00:00:00', 1),
(55, 'Anti Phospholipid IgG#', 840, '0', NULL, '1', 2, 2, '0000-00-00 00:00:00', 1),
(56, 'Anti Phospholipid IgM#', 840, '0', NULL, '1', 2, 2, '0000-00-00 00:00:00', 1),
(57, 'CARDIOLIPIN ANTIBODIES PANEL IgG IgA & IgM#', 4000, '0', NULL, '1', 2, 2, '0000-00-00 00:00:00', 1),
(58, 'Fibrinogen level', 1100, '0', NULL, '1', 2, 2, '0000-00-00 00:00:00', 1),
(59, 'PROTEIN C FUNCTIONAL #', 5000, '0', NULL, '1', 2, 2, '0000-00-00 00:00:00', 1),
(60, 'PROTEIN S FUNCTIONAL #', 4000, '0', NULL, '1', 2, 2, '0000-00-00 00:00:00', 1),
(61, 'LUPUS ANTICOAGULANT#', 1000, '0', NULL, '1', 2, 2, '0000-00-00 00:00:00', 1),
(62, 'FACTOR V LEIDEN MUTATION', 3000, '0', NULL, '1', 2, 2, '0000-00-00 00:00:00', 1),
(63, '24 hrs Urine Protein', 300, '0', '23-50', '1', 2, 2, '0000-00-00 00:00:00', 1),
(64, 'Adenosine Deaminase', 700, '0', NULL, '1', 2, 2, '0000-00-00 00:00:00', 1),
(65, 'Amylase Serum', 530, '0', NULL, '1', 2, 2, '0000-00-00 00:00:00', 1),
(66, 'Amylase Fluid', 530, '0', NULL, '1', 2, 2, '0000-00-00 00:00:00', 1),
(67, 'ANA PROFILE (Auto antibody profile)', 4500, '0', NULL, '1', 2, 2, '0000-00-00 00:00:00', 1),
(68, 'Angiotensin Converting Enzyme Serum#', 1100, '0', NULL, '1', 2, 2, '0000-00-00 00:00:00', 1),
(69, 'Anti DS DNA by IFA', 1200, '0', NULL, '1', 2, 2, '0000-00-00 00:00:00', 1),
(70, 'Anti HAV IgM Serum', 1190, '0', NULL, '1', 2, 2, '0000-00-00 00:00:00', 1),
(71, 'Anti HBc IgM Serum', 1100, '0', NULL, '1', 2, 2, '0000-00-00 00:00:00', 1),
(72, 'Anti HBc Total Serum', 1080, '0', NULL, '1', 2, 2, '0000-00-00 00:00:00', 1),
(73, 'Anti HBe Serum', 1100, '0', NULL, '1', 2, 2, '0000-00-00 00:00:00', 1),
(74, 'Anti HBs Serum', 1170, '0', NULL, '1', 2, 2, '0000-00-00 00:00:00', 1),
(75, 'Anti HCV Serum', 1200, '0', NULL, '1', 2, 2, '0000-00-00 00:00:00', 1),
(76, 'Anti Nuclear Antibody by ELISA Serum', 700, '0', NULL, '1', 2, 2, '0000-00-00 00:00:00', 1),
(77, 'Anti Nuclear Antibody by IFA', 1000, '0', NULL, '1', 2, 2, '0000-00-00 00:00:00', 1),
(78, 'ANTI THYROID ANTIBODIES PANEL', 2400, '0', NULL, '1', 2, 2, '0000-00-00 00:00:00', 1),
(79, 'Anti-CCP Serum', 2000, '0', NULL, '1', 2, 2, '0000-00-00 00:00:00', 1),
(80, 'ASO Titre Serum', 600, '0', NULL, '1', 2, 2, '0000-00-00 00:00:00', 1),
(81, 'c-ANCA(PR3) Serum', 1250, '0', NULL, '1', 2, 2, '0000-00-00 00:00:00', 1),
(82, 'CYTOLOGY (PAP SMEAR) (LBC)', 1200, '0', NULL, '1', 2, 2, '0000-00-00 00:00:00', 1),
(83, 'Direct Coombs Test', 475, '0', NULL, '1', 2, 2, '0000-00-00 00:00:00', 1),
(84, 'ELECTROLYTES RANDOM URINE', 500, '0', NULL, '1', 2, 2, '0000-00-00 00:00:00', 1),
(85, 'Folic Acid Serum', 1500, '0', NULL, '1', 2, 2, '0000-00-00 00:00:00', 1),
(86, 'GAD 65 Antibody', 6500, '0', NULL, '1', 2, 2, '0000-00-00 00:00:00', 1),
(87, 'HBeAg', 1200, '0', NULL, '1', 2, 2, '0000-00-00 00:00:00', 1),
(88, 'HCV Genotyping#', 6500, '0', NULL, '1', 2, 2, '0000-00-00 00:00:00', 1),
(89, 'HISTOPATHOLOGY BIOPSY LARGE COMPLEX', 6500, '0', NULL, '1', 2, 2, '0000-00-00 00:00:00', 1),
(90, 'HISTOPATHOLOGY BIOPSY MEDIUM SPECIMEN', 800, '0', NULL, '1', 2, 2, '0000-00-00 00:00:00', 1),
(91, 'HISTOPATHOLOGY BIOPSY SMALL SPECIMEN', 800, '0', NULL, '1', 2, 2, '0000-00-00 00:00:00', 1),
(92, 'HIV -1&2 WESTERN BLOT Serum', 3500, '0', NULL, '1', 2, 2, '0000-00-00 00:00:00', 1),
(93, 'HIV PROVIRAL DNA QUALITATIVE#', 7000, '0', NULL, '1', 2, 2, '0000-00-00 00:00:00', 1),
(94, 'HIV-1 RNA Detection by Real Time PCR', 7000, '0', NULL, '1', 2, 2, '0000-00-00 00:00:00', 1),
(95, 'HLA - B27 Flowcytometry', 2500, '0', NULL, '1', 2, 2, '0000-00-00 00:00:00', 1),
(96, 'HLA - B27 Flowcytometry', 2500, '0', NULL, '1', 2, 2, '0000-00-00 00:00:00', 1),
(97, 'Immunoglobulin E Serum', 950, '0', NULL, '1', 2, 2, '0000-00-00 00:00:00', 1),
(98, 'Indirect Coombs Test', 600, '0', NULL, '1', 2, 2, '0000-00-00 00:00:00', 1),
(99, 'Insulin Fasting Serum', 900, '0', NULL, '1', 2, 2, '0000-00-00 00:00:00', 1),
(100, 'Insulin-Random Serum', 1000, '0', NULL, '1', 2, 2, '0000-00-00 00:00:00', 1),
(101, 'Leptospira IgG Serum#', 1400, '0', NULL, '1', 2, 2, '0000-00-00 00:00:00', 1),
(102, 'Leptospira IgM Serum', 1400, '0', NULL, '1', 2, 2, '0000-00-00 00:00:00', 1),
(103, 'Osmolality Serum#', 690, '0', NULL, '1', 2, 2, '0000-00-00 00:00:00', 1),
(104, 'Osmolality Urine#', 690, '0', NULL, '1', 2, 2, '0000-00-00 00:00:00', 1),
(105, 'p-ANCA(MPO) Serum', 1500, '0', NULL, '1', 2, 2, '0000-00-00 00:00:00', 1),
(106, 'PSA PROFILE', 1500, '0', NULL, '1', 2, 2, '0000-00-00 00:00:00', 1),
(107, 'Thyroglobulin Antibody Serum', 1300, '0', NULL, '1', 2, 2, '0000-00-00 00:00:00', 1),
(108, 'Thyroglobulin Serum', 1650, '0', NULL, '1', 2, 2, '0000-00-00 00:00:00', 1),
(109, 'Thyroid Peroxidase Antibody Serum', 1250, '0', NULL, '1', 2, 2, '0000-00-00 00:00:00', 1),
(110, 'HEPATITIS B SURFACE ANTIGEN (HBsAg) QUANTITATIVE#', 1400, '0', NULL, '1', 2, 2, '0000-00-00 00:00:00', 1),
(111, 'HEPATITIS B VIRUS (HBV) DNA QUANTITATIVE TEST- REA', 6000, '0', NULL, '1', 2, 2, '0000-00-00 00:00:00', 1),
(112, 'HEPATITIS C VIRUS (HCV) RNA QUANTIFICATION', 8000, '0', NULL, '1', 2, 2, '0000-00-00 00:00:00', 1),
(113, 'Complete Blood Picture', 350, '0', NULL, '1', 2, 2, '2023-09-14 11:42:13', 1),
(114, 'Kidney Function Test', 600, '0', NULL, '1', 2, 2, '2023-09-14 12:28:50', 1),
(115, 'Iron Studies', 700, '0', NULL, '1', 2, 2, '2023-09-14 12:29:06', 1),
(116, 'Calcium', 100, '0', NULL, '1', 2, 2, '2023-09-14 12:49:44', 1),
(117, 'Phosphorus', 100, '0', NULL, '1', 2, 2, '2023-09-14 12:50:01', 1),
(118, 'Vitamin D', 1000, '0', NULL, '1', 2, 2, '2023-09-14 12:50:19', 1),
(119, 'CUE', 100, '0', NULL, '1', 2, 2, '2023-09-14 12:50:34', 1),
(120, 'ESR', 100, '0', NULL, '1', 2, 2, '2023-09-14 12:50:46', 1),
(121, 'Uric Acid', 200, '0', NULL, '1', 2, 2, '2023-09-14 12:51:01', 1),
(122, 'RBS', 80, '0', NULL, '1', 2, 2, '2023-09-14 12:51:12', 1),
(123, 'Folic Acid', 450, '0', NULL, '1', 2, 2, '2023-09-14 12:51:30', 1),
(124, 'Vitamin B12', 450, '0', NULL, '1', 2, 2, '2023-09-14 12:52:28', 1),
(125, 'eGFR', 50, '0', NULL, '1', 2, 2, '2023-09-14 12:52:45', 1),
(126, 'hs CRP', 800, '0', NULL, '0', 2, 1, '2023-09-14 12:58:06', 1),
(127, 'widal', 650, '12', NULL, '1', 2, 2, '2023-10-16 18:34:16', 2),
(128, 'hs CRP', 100, '1%', NULL, '0', 2, 2, '2023-10-18 11:47:21', 1),
(129, 'CBC', 350, '3', NULL, '1', 1, 1, '2023-10-18 16:02:10', 2),
(130, 'THYROID PROFILE', 900, '5', NULL, '1', 1, 1, '2023-10-18 16:02:30', 2),
(131, 'ECG', 150, '5', NULL, '1', 1, 1, '2023-10-18 16:02:42', 2),
(132, 'SERUM CREATINE', 300, '3', NULL, '0', 1, 1, '2023-10-18 16:03:20', 2),
(133, 'SV HEALTH CARE', 50, '3', NULL, '0', 1, 1, '2023-10-20 11:44:58', 1),
(134, 'SV HEALTH CARE', 50, '3', NULL, '0', 1, 1, '2023-10-20 11:45:34', 1),
(147, 'HISTOPATHOLOGY BIOPSY SMALL SPECIMEN', 200, '0', NULL, '1', 1, 1, '2025-06-03 16:38:46', 0),
(148, 'HIV PROVIRAL DNA QUALITATIVE#', 6000, '0', NULL, '1', 1, 1, '2025-06-03 16:38:46', 0),
(149, 'blood test', 1010, '3', '10-20 units', '1', 2, 2, '2025-09-12 09:55:46', 1);

-- --------------------------------------------------------

--
-- Table structure for table `test_group`
--

CREATE TABLE `test_group` (
  `test_group_id` int(11) NOT NULL,
  `test_group_name` varchar(255) NOT NULL,
  `test_id` longtext NOT NULL,
  `test_group_price` int(11) NOT NULL,
  `status` enum('1','0') NOT NULL DEFAULT '1',
  `created_by` int(11) NOT NULL,
  `modified_by` int(11) NOT NULL,
  `create_date_time` datetime NOT NULL,
  `org_id` int(11) NOT NULL
) ENGINE=InnoDB DEFAULT CHARSET=utf8mb4 COLLATE=utf8mb4_general_ci;

-- --------------------------------------------------------

--
-- Table structure for table `times`
--

CREATE TABLE `times` (
  `time_id` int(11) NOT NULL,
  `time` varchar(255) NOT NULL,
  `status` enum('1','0') NOT NULL DEFAULT '1',
  `create_by` int(11) NOT NULL,
  `create_date_time` datetime NOT NULL,
  `org_id` int(11) NOT NULL,
  `dose_id` int(11) NOT NULL
) ENGINE=InnoDB DEFAULT CHARSET=utf8mb4 COLLATE=utf8mb4_general_ci;

--
-- Dumping data for table `times`
--

INSERT INTO `times` (`time_id`, `time`, `status`, `create_by`, `create_date_time`, `org_id`, `dose_id`) VALUES
(1, '9AM-0-9PM', '1', 1, '2023-06-27 05:56:58', 1, 5),
(2, '9AM-2PM-0', '1', 1, '2023-06-27 05:56:58', 1, 4),
(3, '0-0-9PM', '1', 1, '2023-06-27 05:56:58', 1, 3),
(4, '0-2PM-0', '1', 1, '2023-06-27 05:56:58', 1, 2),
(5, '0-4PM-0', '1', 1, '2023-06-27 05:56:58', 1, 2),
(6, '9AM-0-0', '1', 1, '2023-06-27 05:56:58', 1, 1),
(7, '9AM-4PM-0', '1', 1, '2023-06-27 05:56:58', 1, 4),
(8, '9AM-2PM-9PM', '1', 1, '2025-04-10 06:48:00', 1, 7),
(9, '9AM-4PM-9PM', '1', 1, '2025-04-10 06:49:18', 1, 7),
(10, '0-2PM-9PM', '1', 1, '2025-04-10 08:06:36', 1, 6),
(11, '0-4PM-9PM', '1', 1, '2025-04-10 08:07:25', 1, 6),
(12, '6AM-0-0', '1', 1, '2025-07-01 09:12:49', 1, 1),
(13, '6AM-0-6PM', '1', 1, '2025-07-01 09:13:29', 1, 5),
(14, '--', '1', 1, '2025-07-01 09:15:52', 1, 8);

-- --------------------------------------------------------

--
-- Table structure for table `units`
--

CREATE TABLE `units` (
  `unit_id` int(11) NOT NULL,
  `unit_name` varchar(100) NOT NULL,
  `status` enum('1','0') NOT NULL DEFAULT '1',
  `create_by` int(11) NOT NULL,
  `create_date_time` datetime NOT NULL,
  `org_id` int(11) NOT NULL
) ENGINE=InnoDB DEFAULT CHARSET=utf8mb4 COLLATE=utf8mb4_general_ci;

--
-- Dumping data for table `units`
--

INSERT INTO `units` (`unit_id`, `unit_name`, `status`, `create_by`, `create_date_time`, `org_id`) VALUES
(1, '2.5MG', '1', 1, '2023-06-27 05:53:10', 1),
(2, '5MG', '1', 1, '2023-06-27 05:53:10', 1),
(3, '625MG', '1', 1, '2023-06-27 05:53:10', 1),
(4, '10MG', '1', 1, '2023-06-27 05:53:10', 1),
(5, '150MG', '1', 1, '2023-06-27 05:54:11', 1),
(6, '75MG', '1', 1, '2023-06-27 05:54:11', 1),
(7, '75/20MG', '1', 1, '2023-06-27 05:54:11', 1),
(8, '40/25MG', '1', 1, '2023-06-27 05:54:11', 1),
(9, '40/50MG', '1', 1, '2023-09-09 06:51:46', 1),
(10, '10/25MG', '1', 1, '2023-09-09 06:51:46', 1),
(11, '10/50MG', '1', 1, '2023-09-09 06:51:46', 1),
(12, '500MG', '1', 1, '2023-09-09 06:51:46', 1),
(13, '25MG', '1', 1, '2023-09-09 06:51:46', 1),
(14, '50MG', '1', 1, '2023-09-09 06:51:46', 1),
(15, '2.6MG', '1', 1, '2023-09-09 06:51:46', 1),
(16, '25/5MG', '1', 1, '2023-09-09 06:51:46', 1),
(17, '50/5MG', '1', 1, '2023-09-09 06:51:46', 1),
(18, '25/40MG', '1', 1, '2023-09-09 06:51:46', 1),
(19, '50/40MG', '1', 1, '2023-09-09 06:51:46', 1),
(20, '20MG', '1', 1, '2023-09-09 06:51:46', 1),
(21, '75/20MG', '1', 1, '2023-09-09 06:51:46', 1),
(22, '40MG', '1', 1, '2023-09-09 06:51:46', 1),
(23, '90MG', '1', 1, '2023-09-09 06:51:46', 1),
(24, '40/5MG', '1', 1, '2023-09-09 06:51:46', 1);

-- --------------------------------------------------------

--
-- Table structure for table `users`
--

CREATE TABLE `users` (
  `user_id` int(11) NOT NULL,
  `username` varchar(255) NOT NULL,
  `status` enum('1','0') NOT NULL DEFAULT '1',
  `created_date_time` datetime NOT NULL,
  `org_id` int(11) NOT NULL
) ENGINE=InnoDB DEFAULT CHARSET=utf8mb4 COLLATE=utf8mb4_general_ci;

-- --------------------------------------------------------

--
-- Table structure for table `view_patient_duration`
--

CREATE TABLE `view_patient_duration` (
  `pd_id` int(11) NOT NULL,
  `patient_duration` varchar(30) NOT NULL,
  `pd_status` enum('1','0') NOT NULL DEFAULT '1',
  `create_by` int(11) NOT NULL,
  `modify_by` int(11) NOT NULL,
  `org_id` int(11) NOT NULL
) ENGINE=InnoDB DEFAULT CHARSET=utf8mb4 COLLATE=utf8mb4_general_ci;

--
-- Dumping data for table `view_patient_duration`
--

INSERT INTO `view_patient_duration` (`pd_id`, `patient_duration`, `pd_status`, `create_by`, `modify_by`, `org_id`) VALUES
(1, '15 minutes', '1', 1, 1, 1),
(2, '20 minutes', '1', 1, 1, 1),
(3, '25 minutes', '1', 1, 1, 1),
(4, '30 minutes', '1', 1, 1, 1),
(5, '40 minutes', '1', 1, 1, 1),
(6, '45 minutes', '1', 1, 1, 1),
(7, '50 minutes', '1', 1, 1, 1),
(8, '60 minutes', '1', 1, 1, 1);

-- --------------------------------------------------------

--
-- Table structure for table `vitals`
--

CREATE TABLE `vitals` (
  `vital_id` int(11) NOT NULL,
  `BPsit` varchar(225) DEFAULT NULL,
  `BPstand` varchar(225) DEFAULT NULL,
  `weight` varchar(225) DEFAULT NULL,
  `height` varchar(225) DEFAULT NULL,
  `GRBS` varchar(225) DEFAULT NULL,
  `heartrate` varchar(225) DEFAULT NULL,
  `temperature` varchar(225) DEFAULT NULL,
  `resp` varchar(225) DEFAULT NULL,
  `sp02percent` varchar(225) DEFAULT NULL,
  `bloodgroup` varchar(225) DEFAULT NULL,
  `CPAP` varchar(225) DEFAULT NULL,
  `HFNC` varchar(225) DEFAULT NULL,
  `VO2` varchar(225) DEFAULT NULL,
  `BMIvalue` varchar(225) DEFAULT NULL,
  `Overviewofpatient` varchar(225) DEFAULT NULL,
  `appointment_id` varchar(225) DEFAULT NULL,
  `org_id` int(11) NOT NULL,
  `status` enum('1','0') NOT NULL DEFAULT '1',
  `created_by` int(11) NOT NULL,
  `modified_by` int(11) NOT NULL,
  `createdatetime` timestamp NULL DEFAULT NULL,
  `modifydatetime` timestamp NULL DEFAULT current_timestamp()
) ENGINE=InnoDB DEFAULT CHARSET=utf8mb4 COLLATE=utf8mb4_general_ci;

--
-- Indexes for dumped tables
--

--
-- Indexes for table `appointment_existing`
--
ALTER TABLE `appointment_existing`
  ADD PRIMARY KEY (`atmt_id`);

--
-- Indexes for table `appointment_online`
--
ALTER TABLE `appointment_online`
  ADD PRIMARY KEY (`appoint_id`);

--
-- Indexes for table `audit_log`
--
ALTER TABLE `audit_log`
  ADD PRIMARY KEY (`id`),
  ADD KEY `org_id` (`org_id`,`ts`),
  ADD KEY `module` (`module`),
  ADD KEY `action` (`action`),
  ADD KEY `user_id` (`user_id`);

--
-- Indexes for table `bill_pages`
--
ALTER TABLE `bill_pages`
  ADD PRIMARY KEY (`pagetype_id`);

--
-- Indexes for table `bill_sizes`
--
ALTER TABLE `bill_sizes`
  ADD PRIMARY KEY (`bill_size_id`);

--
-- Indexes for table `cheifcomplaint_template`
--
ALTER TABLE `cheifcomplaint_template`
  ADD PRIMARY KEY (`cc_id`);

--
-- Indexes for table `concessions`
--
ALTER TABLE `concessions`
  ADD PRIMARY KEY (`concession_id`);

--
-- Indexes for table `department`
--
ALTER TABLE `department`
  ADD PRIMARY KEY (`dept_id`);

--
-- Indexes for table `doctors`
--
ALTER TABLE `doctors`
  ADD PRIMARY KEY (`doc_id`);

--
-- Indexes for table `doctors_time_slot`
--
ALTER TABLE `doctors_time_slot`
  ADD PRIMARY KEY (`doctors_time_id`);

--
-- Indexes for table `doctors_time_slot2`
--
ALTER TABLE `doctors_time_slot2`
  ADD PRIMARY KEY (`doctor_another_Time_Slot_id`);

--
-- Indexes for table `dosage`
--
ALTER TABLE `dosage`
  ADD PRIMARY KEY (`dosage_id`);

--
-- Indexes for table `dosageandtime`
--
ALTER TABLE `dosageandtime`
  ADD PRIMARY KEY (`doseandtime_id`);

--
-- Indexes for table `dose`
--
ALTER TABLE `dose`
  ADD PRIMARY KEY (`dose_id`);

--
-- Indexes for table `finaldiagnosis_template`
--
ALTER TABLE `finaldiagnosis_template`
  ADD PRIMARY KEY (`fd_id`);

--
-- Indexes for table `frequency`
--
ALTER TABLE `frequency`
  ADD PRIMARY KEY (`freq_id`);

--
-- Indexes for table `intake_time`
--
ALTER TABLE `intake_time`
  ADD PRIMARY KEY (`intake_time_id`);

--
-- Indexes for table `invoice`
--
ALTER TABLE `invoice`
  ADD PRIMARY KEY (`invoice_id`);

--
-- Indexes for table `in_take_period`
--
ALTER TABLE `in_take_period`
  ADD PRIMARY KEY (`intake_id`);

--
-- Indexes for table `madicine_type`
--
ALTER TABLE `madicine_type`
  ADD PRIMARY KEY (`type_id`);

--
-- Indexes for table `medicines`
--
ALTER TABLE `medicines`
  ADD PRIMARY KEY (`medicine_id`);

--
-- Indexes for table `menus`
--
ALTER TABLE `menus`
  ADD PRIMARY KEY (`menu_id`);

--
-- Indexes for table `meta`
--
ALTER TABLE `meta`
  ADD PRIMARY KEY (`meta_id`);

--
-- Indexes for table `multi_doctortimeslots`
--
ALTER TABLE `multi_doctortimeslots`
  ADD PRIMARY KEY (`multi_id`);

--
-- Indexes for table `multi_doctortimeslots2`
--
ALTER TABLE `multi_doctortimeslots2`
  ADD PRIMARY KEY (`multi_time_id`);

--
-- Indexes for table `note_types`
--
ALTER TABLE `note_types`
  ADD PRIMARY KEY (`note_type_id`);

--
-- Indexes for table `organization`
--
ALTER TABLE `organization`
  ADD PRIMARY KEY (`org_id`);

--
-- Indexes for table `pagessize`
--
ALTER TABLE `pagessize`
  ADD PRIMARY KEY (`size_id`);

--
-- Indexes for table `pasthistory_template`
--
ALTER TABLE `pasthistory_template`
  ADD PRIMARY KEY (`ph_id`);

--
-- Indexes for table `patient_tests_history`
--
ALTER TABLE `patient_tests_history`
  ADD PRIMARY KEY (`patient_history_id`);

--
-- Indexes for table `patient_test_billing`
--
ALTER TABLE `patient_test_billing`
  ADD PRIMARY KEY (`test_billing_id`);

--
-- Indexes for table `payment_method`
--
ALTER TABLE `payment_method`
  ADD PRIMARY KEY (`payment_method_id`);

--
-- Indexes for table `prescripition`
--
ALTER TABLE `prescripition`
  ADD PRIMARY KEY (`prescription_id`);

--
-- Indexes for table `prescription_medicines`
--
ALTER TABLE `prescription_medicines`
  ADD PRIMARY KEY (`pm_id`);

--
-- Indexes for table `prescription_test`
--
ALTER TABLE `prescription_test`
  ADD PRIMARY KEY (`pt_id`);

--
-- Indexes for table `roles`
--
ALTER TABLE `roles`
  ADD PRIMARY KEY (`role_id`);

--
-- Indexes for table `role_menus`
--
ALTER TABLE `role_menus`
  ADD PRIMARY KEY (`role_menus_id`);

--
-- Indexes for table `route`
--
ALTER TABLE `route`
  ADD PRIMARY KEY (`route_id`);

--
-- Indexes for table `rx_groups`
--
ALTER TABLE `rx_groups`
  ADD PRIMARY KEY (`rx_id`);

--
-- Indexes for table `rx_groups_names`
--
ALTER TABLE `rx_groups_names`
  ADD PRIMARY KEY (`rx_group_id`);

--
-- Indexes for table `security`
--
ALTER TABLE `security`
  ADD PRIMARY KEY (`security_id`);

--
-- Indexes for table `services`
--
ALTER TABLE `services`
  ADD PRIMARY KEY (`service_id`);

--
-- Indexes for table `specialtis`
--
ALTER TABLE `specialtis`
  ADD PRIMARY KEY (`specialtis_id`);

--
-- Indexes for table `support`
--
ALTER TABLE `support`
  ADD PRIMARY KEY (`support_id`);

--
-- Indexes for table `taxes`
--
ALTER TABLE `taxes`
  ADD PRIMARY KEY (`tax_id`);

--
-- Indexes for table `tb_user`
--
ALTER TABLE `tb_user`
  ADD PRIMARY KEY (`id`);

--
-- Indexes for table `tests`
--
ALTER TABLE `tests`
  ADD PRIMARY KEY (`test_id`);

--
-- Indexes for table `test_group`
--
ALTER TABLE `test_group`
  ADD PRIMARY KEY (`test_group_id`);

--
-- Indexes for table `times`
--
ALTER TABLE `times`
  ADD PRIMARY KEY (`time_id`);

--
-- Indexes for table `units`
--
ALTER TABLE `units`
  ADD PRIMARY KEY (`unit_id`);

--
-- Indexes for table `users`
--
ALTER TABLE `users`
  ADD PRIMARY KEY (`user_id`);

--
-- Indexes for table `view_patient_duration`
--
ALTER TABLE `view_patient_duration`
  ADD PRIMARY KEY (`pd_id`);

--
-- Indexes for table `vitals`
--
ALTER TABLE `vitals`
  ADD PRIMARY KEY (`vital_id`);

--
-- AUTO_INCREMENT for dumped tables
--

--
-- AUTO_INCREMENT for table `appointment_existing`
--
ALTER TABLE `appointment_existing`
  MODIFY `atmt_id` int(11) NOT NULL AUTO_INCREMENT;

--
-- AUTO_INCREMENT for table `appointment_online`
--
ALTER TABLE `appointment_online`
  MODIFY `appoint_id` int(11) NOT NULL AUTO_INCREMENT, AUTO_INCREMENT=622;

--
-- AUTO_INCREMENT for table `audit_log`
--
ALTER TABLE `audit_log`
  MODIFY `id` int(10) UNSIGNED NOT NULL AUTO_INCREMENT, AUTO_INCREMENT=3;

--
-- AUTO_INCREMENT for table `bill_pages`
--
ALTER TABLE `bill_pages`
  MODIFY `pagetype_id` int(11) NOT NULL AUTO_INCREMENT, AUTO_INCREMENT=4;

--
-- AUTO_INCREMENT for table `bill_sizes`
--
ALTER TABLE `bill_sizes`
  MODIFY `bill_size_id` int(11) NOT NULL AUTO_INCREMENT;

--
-- AUTO_INCREMENT for table `cheifcomplaint_template`
--
ALTER TABLE `cheifcomplaint_template`
  MODIFY `cc_id` int(11) NOT NULL AUTO_INCREMENT;

--
-- AUTO_INCREMENT for table `concessions`
--
ALTER TABLE `concessions`
  MODIFY `concession_id` int(11) NOT NULL AUTO_INCREMENT, AUTO_INCREMENT=2;

--
-- AUTO_INCREMENT for table `department`
--
ALTER TABLE `department`
  MODIFY `dept_id` int(11) NOT NULL AUTO_INCREMENT, AUTO_INCREMENT=8;

--
-- AUTO_INCREMENT for table `doctors`
--
ALTER TABLE `doctors`
  MODIFY `doc_id` int(11) NOT NULL AUTO_INCREMENT, AUTO_INCREMENT=15;

--
-- AUTO_INCREMENT for table `doctors_time_slot`
--
ALTER TABLE `doctors_time_slot`
  MODIFY `doctors_time_id` int(11) NOT NULL AUTO_INCREMENT, AUTO_INCREMENT=25;

--
-- AUTO_INCREMENT for table `doctors_time_slot2`
--
ALTER TABLE `doctors_time_slot2`
  MODIFY `doctor_another_Time_Slot_id` int(11) NOT NULL AUTO_INCREMENT, AUTO_INCREMENT=25;

--
-- AUTO_INCREMENT for table `dosage`
--
ALTER TABLE `dosage`
  MODIFY `dosage_id` int(11) NOT NULL AUTO_INCREMENT, AUTO_INCREMENT=9;

--
-- AUTO_INCREMENT for table `dosageandtime`
--
ALTER TABLE `dosageandtime`
  MODIFY `doseandtime_id` int(11) NOT NULL AUTO_INCREMENT, AUTO_INCREMENT=29;

--
-- AUTO_INCREMENT for table `finaldiagnosis_template`
--
ALTER TABLE `finaldiagnosis_template`
  MODIFY `fd_id` int(11) NOT NULL AUTO_INCREMENT;

--
-- AUTO_INCREMENT for table `frequency`
--
ALTER TABLE `frequency`
  MODIFY `freq_id` int(11) NOT NULL AUTO_INCREMENT, AUTO_INCREMENT=4;

--
-- AUTO_INCREMENT for table `invoice`
--
ALTER TABLE `invoice`
  MODIFY `invoice_id` int(11) NOT NULL AUTO_INCREMENT, AUTO_INCREMENT=2;

--
-- AUTO_INCREMENT for table `in_take_period`
--
ALTER TABLE `in_take_period`
  MODIFY `intake_id` int(11) NOT NULL AUTO_INCREMENT, AUTO_INCREMENT=10;

--
-- AUTO_INCREMENT for table `madicine_type`
--
ALTER TABLE `madicine_type`
  MODIFY `type_id` int(11) NOT NULL AUTO_INCREMENT, AUTO_INCREMENT=12;

--
-- AUTO_INCREMENT for table `medicines`
--
ALTER TABLE `medicines`
  MODIFY `medicine_id` int(11) NOT NULL AUTO_INCREMENT, AUTO_INCREMENT=82;

--
-- AUTO_INCREMENT for table `menus`
--
ALTER TABLE `menus`
  MODIFY `menu_id` int(11) NOT NULL AUTO_INCREMENT, AUTO_INCREMENT=104;

--
-- AUTO_INCREMENT for table `meta`
--
ALTER TABLE `meta`
  MODIFY `meta_id` int(11) NOT NULL AUTO_INCREMENT, AUTO_INCREMENT=5;

--
-- AUTO_INCREMENT for table `multi_doctortimeslots`
--
ALTER TABLE `multi_doctortimeslots`
  MODIFY `multi_id` int(11) NOT NULL AUTO_INCREMENT, AUTO_INCREMENT=2;

--
-- AUTO_INCREMENT for table `multi_doctortimeslots2`
--
ALTER TABLE `multi_doctortimeslots2`
  MODIFY `multi_time_id` int(11) NOT NULL AUTO_INCREMENT, AUTO_INCREMENT=2;

--
-- AUTO_INCREMENT for table `note_types`
--
ALTER TABLE `note_types`
  MODIFY `note_type_id` int(11) NOT NULL AUTO_INCREMENT, AUTO_INCREMENT=4;

--
-- AUTO_INCREMENT for table `organization`
--
ALTER TABLE `organization`
  MODIFY `org_id` int(11) NOT NULL AUTO_INCREMENT, AUTO_INCREMENT=8;

--
-- AUTO_INCREMENT for table `pagessize`
--
ALTER TABLE `pagessize`
  MODIFY `size_id` int(11) NOT NULL AUTO_INCREMENT, AUTO_INCREMENT=15;

--
-- AUTO_INCREMENT for table `pasthistory_template`
--
ALTER TABLE `pasthistory_template`
  MODIFY `ph_id` int(11) NOT NULL AUTO_INCREMENT;

--
-- AUTO_INCREMENT for table `patient_tests_history`
--
ALTER TABLE `patient_tests_history`
  MODIFY `patient_history_id` int(11) NOT NULL AUTO_INCREMENT, AUTO_INCREMENT=2;

--
-- AUTO_INCREMENT for table `patient_test_billing`
--
ALTER TABLE `patient_test_billing`
  MODIFY `test_billing_id` int(11) NOT NULL AUTO_INCREMENT, AUTO_INCREMENT=2;

--
-- AUTO_INCREMENT for table `payment_method`
--
ALTER TABLE `payment_method`
  MODIFY `payment_method_id` int(11) NOT NULL AUTO_INCREMENT, AUTO_INCREMENT=6;

--
-- AUTO_INCREMENT for table `prescripition`
--
ALTER TABLE `prescripition`
  MODIFY `prescription_id` int(11) NOT NULL AUTO_INCREMENT, AUTO_INCREMENT=10;

--
-- AUTO_INCREMENT for table `prescription_medicines`
--
ALTER TABLE `prescription_medicines`
  MODIFY `pm_id` int(11) NOT NULL AUTO_INCREMENT;

--
-- AUTO_INCREMENT for table `prescription_test`
--
ALTER TABLE `prescription_test`
  MODIFY `pt_id` int(11) NOT NULL AUTO_INCREMENT;

--
-- AUTO_INCREMENT for table `roles`
--
ALTER TABLE `roles`
  MODIFY `role_id` int(11) NOT NULL AUTO_INCREMENT, AUTO_INCREMENT=9;

--
-- AUTO_INCREMENT for table `role_menus`
--
ALTER TABLE `role_menus`
  MODIFY `role_menus_id` int(11) NOT NULL AUTO_INCREMENT, AUTO_INCREMENT=4747;

--
-- AUTO_INCREMENT for table `route`
--
ALTER TABLE `route`
  MODIFY `route_id` int(11) NOT NULL AUTO_INCREMENT, AUTO_INCREMENT=11;

--
-- AUTO_INCREMENT for table `rx_groups`
--
ALTER TABLE `rx_groups`
  MODIFY `rx_id` int(11) NOT NULL AUTO_INCREMENT, AUTO_INCREMENT=2;

--
-- AUTO_INCREMENT for table `rx_groups_names`
--
ALTER TABLE `rx_groups_names`
  MODIFY `rx_group_id` int(11) NOT NULL AUTO_INCREMENT, AUTO_INCREMENT=2;

--
-- AUTO_INCREMENT for table `security`
--
ALTER TABLE `security`
  MODIFY `security_id` int(11) NOT NULL AUTO_INCREMENT, AUTO_INCREMENT=8;

--
-- AUTO_INCREMENT for table `services`
--
ALTER TABLE `services`
  MODIFY `service_id` int(11) NOT NULL AUTO_INCREMENT, AUTO_INCREMENT=17;

--
-- AUTO_INCREMENT for table `specialtis`
--
ALTER TABLE `specialtis`
  MODIFY `specialtis_id` int(11) NOT NULL AUTO_INCREMENT, AUTO_INCREMENT=19;

--
-- AUTO_INCREMENT for table `support`
--
ALTER TABLE `support`
  MODIFY `support_id` int(11) NOT NULL AUTO_INCREMENT, AUTO_INCREMENT=12;

--
-- AUTO_INCREMENT for table `taxes`
--
ALTER TABLE `taxes`
  MODIFY `tax_id` int(11) NOT NULL AUTO_INCREMENT;

--
-- AUTO_INCREMENT for table `tb_user`
--
ALTER TABLE `tb_user`
  MODIFY `id` int(11) NOT NULL AUTO_INCREMENT, AUTO_INCREMENT=2;

--
-- AUTO_INCREMENT for table `tests`
--
ALTER TABLE `tests`
  MODIFY `test_id` int(11) NOT NULL AUTO_INCREMENT, AUTO_INCREMENT=150;

--
-- AUTO_INCREMENT for table `test_group`
--
ALTER TABLE `test_group`
  MODIFY `test_group_id` int(11) NOT NULL AUTO_INCREMENT;

--
-- AUTO_INCREMENT for table `times`
--
ALTER TABLE `times`
  MODIFY `time_id` int(11) NOT NULL AUTO_INCREMENT, AUTO_INCREMENT=15;

--
-- AUTO_INCREMENT for table `units`
--
ALTER TABLE `units`
  MODIFY `unit_id` int(11) NOT NULL AUTO_INCREMENT, AUTO_INCREMENT=31;

--
-- AUTO_INCREMENT for table `users`
--
ALTER TABLE `users`
  MODIFY `user_id` int(11) NOT NULL AUTO_INCREMENT;

--
-- AUTO_INCREMENT for table `view_patient_duration`
--
ALTER TABLE `view_patient_duration`
  MODIFY `pd_id` int(11) NOT NULL AUTO_INCREMENT, AUTO_INCREMENT=9;

--
-- AUTO_INCREMENT for table `vitals`
--
ALTER TABLE `vitals`
  MODIFY `vital_id` int(11) NOT NULL AUTO_INCREMENT;
COMMIT;

/*!40101 SET CHARACTER_SET_CLIENT=@OLD_CHARACTER_SET_CLIENT */;
/*!40101 SET CHARACTER_SET_RESULTS=@OLD_CHARACTER_SET_RESULTS */;
/*!40101 SET COLLATION_CONNECTION=@OLD_COLLATION_CONNECTION */;
